instrument,quarter_ID,continuous_s,anchored_s,signed_change_ms
BASS,Q131,47.78713387418969,47.758097140592156,-29.036733597536113
DRUM,Q131,47.77011289428042,47.71601938403005,-54.09351025037523
BASS,Q132,48.16785069776891,48.169516738880375,1.666041111462846
DRUM,Q132,48.148409010958424,48.12587704658398,-22.531964374444158
BASS,Q133,48.54566754748456,48.57074716705914,25.079619574576384
DRUM,Q133,48.52527518983406,48.53573470913793,10.459519303864795
BASS,Q134,48.92071262080323,48.92994367783088,9.231057027648149
DRUM,Q134,48.90067387903878,48.905255771472866,4.581892434089241
BASS,Q135,49.29346265836526,49.31781750854819,24.35485018293093
DRUM,Q135,49.27464479694795,49.283391371063246,8.74657411529256
BASS,Q136,49.664711066677924,49.67500599458027,10.294927902343431
DRUM,Q136,49.64722073686853,49.654592138552374,7.3714016838408725
BASS,Q137,50.0342473724039,50.03946996264314,5.2225902392422086
DRUM,Q137,50.01877384259911,50.0187066315172,-0.06721108191243275
BASS,Q138,50.40327231708028,50.365533283084574,-37.739033995705995
DRUM,Q138,50.38927407267375,50.3960774446649,6.803371991146889
BASS,Q139,50.77190915675817,50.76402763484644,-7.881521911727418
DRUM,Q139,50.75896995366161,50.760258075230226,1.288121568613576
BASS,Q140,51.14017571775826,51.17352971853769,33.35400077942552
DRUM,Q140,51.128055212857525,51.13014793982315,2.0927269656283443
BASS,Q141,51.508149600872606,51.532616234767275,24.466633894668632
DRUM,Q141,51.496635582588254,51.50165103821807,5.015455629816756
BASS,Q142,51.875802158082855,51.88914258255262,13.340424469767242
DRUM,Q142,51.864760788742366,51.87374650988966,8.985721147297454
BASS,Q143,52.243035332229795,52.290964160911145,47.928828681349955
DRUM,Q143,52.23238211068171,52.245413494312594,13.031383630881521
BASS,Q144,52.60966048763795,52.59098747432212,-18.673013315833487
DRUM,Q144,52.59937949443804,52.61563113096154,16.251636523499258
BASS,Q145,52.97527990713313,52.97462896062302,-0.6509465101061096
DRUM,Q145,52.96561174421113,52.97512999724846,9.518253037327895
BASS,Q146,53.33979666456101,53.34841612609383,8.619461532823891
DRUM,Q146,53.33088052201003,53.32721831216219,-3.6622098478389375
BASS,Q147,53.70330316583262,53.714246213622204,10.943047789581328
DRUM,Q147,53.695284444381535,53.69434882851225,-0.9356158692881422
BASS,Q148,54.066102180259776,54.06344008124746,-2.6620990123191746
DRUM,Q148,54.05891195579535,54.0574949099553,-1.4170458400499797
BASS,Q149,54.428388999891,54.41407304660466,-14.31595328633506
DRUM,Q149,54.42195927967754,54.42637065941684,4.41137973930239
BASS,Q150,54.790214924669705,54.78422042732892,-5.994497340786609
DRUM,Q150,54.784532168763185,54.787642368836856,3.11020007367091
BASS,Q151,55.151626010571555,55.164158409893076,12.532399321521837
DRUM,Q151,55.1465995377046,55.14722491780788,0.6253801032798378
BASS,Q152,55.51250275376266,55.53250935938032,20.006605617659545
DRUM,Q152,55.50804878618235,55.50848317568918,0.43438950682883615
BASS,Q153,55.873173138011836,55.875374688026874,2.2015500150374123
DRUM,Q153,55.868759016248696,55.87745997090484,8.700954656141846
BASS,Q154,56.23426580304173,56.23122306478659,-3.0427382551394544
DRUM,Q154,56.228575941692924,56.24129271767763,12.716775984706885
BASS,Q155,56.59657464964748,56.60626057648721,9.685926839729575
DRUM,Q155,56.58754780028056,56.60889308260091,21.345282320346826
BASS,Q156,56.96020950017181,56.94249842303087,-17.711077140937448
DRUM,Q156,56.94600228674748,56.94817178910838,2.1695023608998554
BASS,Q157,57.324953598236725,57.21529331975333,-109.66027848339621
DRUM,Q157,57.304622412256684,57.248741168724365,-55.88124353231905
BASS,Q158,57.690443462850425,57.589948301931784,-100.49516091864064
DRUM,Q158,57.66457898022886,57.66624497259067,1.6659923618078665
BASS,Q159,58.05638200822718,58.0988193205361,42.43731230891967
DRUM,Q159,58.02762938423713,57.985719952939505,-41.90943129762559
BASS,Q160,58.42265956875052,58.45027135503804,27.611786287522477
DRUM,Q160,58.39350289502793,58.37192048876103,-21.582406266901444
BASS,Q161,58.78918406485132,58.80320470077621,14.020635924893554
DRUM,Q161,58.75994966549103,58.71595019273889,-43.99947275214089
BASS,Q162,59.15576210237883,59.15933262100672,3.57051862788893
DRUM,Q162,59.12725464298967,59.143400276881444,16.14563389177448
BASS,Q163,59.52206622992491,59.52278931169095,0.723081766039968
DRUM,Q163,59.4960396471886,59.52538449295764,29.34484576903884
BASS,Q164,59.887837912219545,59.8977089687903,9.871056570752046
DRUM,Q164,59.86426831621762,59.88396363655621,19.69532033859167
BASS,Q165,60.25319796331073,60.23924305971437,-13.954903596363977
DRUM,Q165,60.23046948939309,60.224706479889086,-5.763009504001104
BASS,Q166,60.61860518554406,60.61684127458395,-1.7639109601148562
DRUM,Q166,60.59524501452349,60.557972227048936,-37.272787474556424
BASS,Q167,60.984833411967855,61.04966071997202,64.82730800416192
DRUM,Q167,60.95974010350846,60.89412008212842,-65.62002138004175
BASS,Q168,61.35328280811746,61.37157044470936,18.287636591900025
DRUM,Q168,61.32447065399871,61.243509249220196,-80.96140477851321
BASS,Q169,61.72376769931891,61.67547342025145,-48.29427906746275
DRUM,Q169,61.6894234215385,61.61649893241693,-72.92448912156857
BASS,Q170,62.09524937507819,62.054272618053766,-40.97675702442416
DRUM,Q170,62.05438810371729,62.02344833581129,-30.939767905998394
BASS,Q171,62.46652602482766,62.48898789552586,22.46187069820138
DRUM,Q171,62.419203056167426,62.437128302648226,17.925246480800183
BASS,Q172,62.83599670323816,62.9238418470673,87.8451438291421
DRUM,Q172,62.78384810621117,62.83030967617271,46.4615699615436
BASS,Q173,63.20098939679431,63.303057067077674,102.06767028336117
DRUM,Q173,63.1484843885503,63.197039255444,48.5548668936957
BASS,Q174,63.56211948157147,63.60138841093861,39.26892936713955
DRUM,Q174,63.51335568428542,63.53136383952135,18.00815523592547
BASS,Q175,63.93663594123343,63.932614168725536,-4.021772507897481
DRUM,Q175,63.8784666351315,63.827330227464046,-51.13640766745675
BASS,Q176,64.30035622027083,64.41051263051385,110.1564102430217
DRUM,Q176,64.24328228344699,64.2396581170555,-3.624166391489325
BASS,Q177,64.65648495702521,64.75111701942346,94.63206239824729
DRUM,Q177,64.60694575185683,64.620749553049,13.803801192167953
BASS,Q178,65.00883330303904,64.98552377647518,-23.30952656386387
DRUM,Q178,64.96897393211565,64.9823089068562,13.334974740558891
BASS,Q179,65.35984782148256,65.3261407053837,-33.70711609886712
DRUM,Q179,65.32961830851526,65.3421882906742,12.569982158936455
BASS,Q180,65.71099028904553,65.68874121800708,-22.249071038444868
DRUM,Q180,65.68952285102529,65.69798664940454,8.463798379253262
BASS,Q181,66.06309215237427,66.05919211126619,-3.900041108082064
DRUM,Q181,66.04922794270772,66.02752837239977,-21.699570307944782
BASS,Q182,66.41652570229178,66.4233601820819,6.834479790114756
DRUM,Q182,66.4089967483632,66.35463830661223,-54.35844175096349
BASS,Q183,66.77147653670023,66.75609286888495,-15.383667815285662
DRUM,Q183,66.76889476603762,66.70314129899425,-65.75346704336482
BASS,Q184,67.12810955878008,67.00466970813375,-123.439850646335
DRUM,Q184,67.12891200911892,67.09686219649821,-32.049812620712714
BASS,Q185,67.48558381014135,67.4807437445583,-4.840065583053388
DRUM,Q185,67.48904031607918,67.49848070842671,9.440392347528359
BASS,Q186,67.84394861138692,67.91869305556057,74.74444417364623
DRUM,Q186,67.8492991505274,67.87067654408241,21.37739355501367
BASS,Q187,68.20312556454998,68.17886428633545,-24.261278214524395
DRUM,Q187,68.20972825875482,68.20696869018532,-2.75956856950188
BASS,Q188,68.56303190667727,68.5140344674853,-48.99743919196453
DRUM,Q188,68.57037737497909,68.52089043040456,-49.48694457452518
BASS,Q189,68.92358606887227,68.94583504144258,22.24897257030989
DRUM,Q189,68.931315171029,68.85234448616959,-78.97068485941361
BASS,Q190,69.28466949067962,69.28905844253032,4.388951850700096
DRUM,Q190,69.29264991625521,69.24123357890983,-51.416337345386864
BASS,Q191,69.64610025894243,69.65334505877024,7.2447998278164505
DRUM,Q191,69.65454167645693,69.64459717741836,-9.944499038567756
BASS,Q192,70.00763438823526,70.00755076459265,-0.0836236426096093
DRUM,Q192,70.01719711530461,70.01947475048829,2.277635183673965
BASS,Q193,70.36900095187407,70.3682349838998,-0.7659679742744174
DRUM,Q193,70.38086297825832,70.3814144202823,0.5514420239762785
BASS,Q194,70.72995682257888,70.72547597287105,-4.480849707832135
DRUM,Q194,70.74579948454775,70.75074018323645,4.940698688699285
