quarter_ID,measure,beat,DMIG_time_s,DRUM_anchor_yes_no,DRUM_anchor_event_ID,DRUM_anchor_time_s,additional_DRUM_event_IDs,DMIG_minus_anchor_ms,support_context
Q131,M33,1,47.71601938403005,NO,,,,,ONE_SIDED_BOUNDARY
Q132,M33,2,48.12587704658398,YES,F_MIX_00253,48.12335600907029,,2.5210375136879293,DIRECT_SOFT_ANCHOR
Q133,M33,3,48.53573470913793,YES,F_MIX_00254,48.54131519274377,,-5.580483605839959,DIRECT_SOFT_ANCHOR
Q134,M33,4,48.905255771472866,YES,F_MIX_00255,48.901224489795915,,4.031281676951437,DIRECT_SOFT_ANCHOR
Q135,M34,1,49.283391371063246,YES,F_MIX_00257,49.284353741496595,F_MIX_00258|F_MIX_00256,-0.9623704333492356,DIRECT_SOFT_ANCHOR
Q136,M34,2,49.654592138552374,YES,F_MIX_00259,49.65587301587301,,-1.2808773206387514,DIRECT_SOFT_ANCHOR
Q137,M34,3,50.0187066315172,YES,F_MIX_00260,50.01578231292517,,2.9243185920293513,DIRECT_SOFT_ANCHOR
Q138,M34,4,50.3960774446649,YES,F_MIX_00261,50.39891156462585,,-2.834119960951398,DIRECT_SOFT_ANCHOR
Q139,M35,1,50.760258075230226,YES,F_MIX_00262,50.758820861678004,,1.4372135522222607,DIRECT_SOFT_ANCHOR
Q140,M35,2,51.13014793982315,YES,F_MIX_00264,51.13034013605442,,-0.19219623126787155,DIRECT_SOFT_ANCHOR
Q141,M35,3,51.50165103821807,NO,,,,,SAME_INSTRUMENT_BRIDGE
Q142,M35,4,51.87374650988966,NO,,,,,SAME_INSTRUMENT_BRIDGE
Q143,M36,1,52.245413494312594,YES,F_MIX_00270,52.244897959183675,F_MIX_00269,0.515535128918998,DIRECT_SOFT_ANCHOR
Q144,M36,2,52.61563113096154,YES,F_MIX_00272,52.61641723356009,F_MIX_00271,-0.7861025985533843,DIRECT_SOFT_ANCHOR
Q145,M36,3,52.97512999724846,YES,F_MIX_00274,52.97632653061225,,-1.1965333637888875,DIRECT_SOFT_ANCHOR
Q146,M36,4,53.32721831216219,YES,F_MIX_00275,53.324625850340134,,2.592461822054304,DIRECT_SOFT_ANCHOR
Q147,M37,1,53.69434882851225,YES,F_MIX_00277,53.69614512471655,F_MIX_00276,-1.7962962043043262,DIRECT_SOFT_ANCHOR
Q148,M37,2,54.0574949099553,YES,F_MIX_00279,54.05605442176871,,1.4404881865957009,DIRECT_SOFT_ANCHOR
Q149,M37,3,54.42637065941684,YES,F_MIX_00281,54.427573696145124,F_MIX_00280,-1.203036728284701,DIRECT_SOFT_ANCHOR
Q150,M37,4,54.787642368836856,YES,F_MIX_00283,54.78748299319728,,0.15937563957635348,DIRECT_SOFT_ANCHOR
Q151,M38,1,55.14722491780788,YES,F_MIX_00284,55.147392290249435,,-0.16737244155251574,DIRECT_SOFT_ANCHOR
Q152,M38,2,55.50848317568918,YES,F_MIX_00285,55.50730158730159,,1.181588387588306,DIRECT_SOFT_ANCHOR
Q153,M38,3,55.87745997090484,YES,F_MIX_00287,55.878820861678,,-1.3608907731637032,DIRECT_SOFT_ANCHOR
Q154,M38,4,56.24129271767763,YES,F_MIX_00289,56.23873015873016,,2.5625589474742583,DIRECT_SOFT_ANCHOR
Q155,M39,1,56.60889308260091,YES,F_MIX_00291,56.610249433106574,F_MIX_00290,-1.3563505056666258,DIRECT_SOFT_ANCHOR
Q156,M39,2,56.94817178910838,YES,F_MIX_00292,56.95854875283447,,-10.376963726088206,DIRECT_SOFT_ANCHOR
Q157,M39,3,57.248741168724365,YES,F_MIX_00293,57.225578231292516,,23.162937431848718,DIRECT_SOFT_ANCHOR
Q158,M39,4,57.66624497259067,YES,F_MIX_00295,57.68997732426304,,-23.732351672371976,DIRECT_SOFT_ANCHOR
Q159,M40,1,57.985719952939505,YES,F_MIX_00296,57.96861678004535,F_MIX_00297,17.103172894152863,DIRECT_SOFT_ANCHOR
Q160,M40,2,58.37192048876103,YES,F_MIX_00298,58.38657596371882,F_MIX_00299,-14.655474957791625,DIRECT_SOFT_ANCHOR
Q161,M40,3,58.71595019273889,YES,F_MIX_00300,58.700045351473925,F_MIX_00301,15.9048412649625,DIRECT_SOFT_ANCHOR
Q162,M40,4,59.143400276881444,YES,F_MIX_00303,59.15283446712018,,-9.434190238735596,DIRECT_SOFT_ANCHOR
Q163,M41,1,59.52538449295764,YES,F_MIX_00305,59.5243537414966,,1.0307514610445878,DIRECT_SOFT_ANCHOR
Q164,M41,2,59.88396363655621,YES,F_MIX_00306,59.88426303854875,,-0.29940199254241406,DIRECT_SOFT_ANCHOR
Q165,M41,3,60.224706479889086,NO,,,,,SAME_INSTRUMENT_BRIDGE
Q166,M41,4,60.557972227048936,NO,,,,,SAME_INSTRUMENT_BRIDGE
Q167,M42,1,60.89412008212842,NO,,,,,SAME_INSTRUMENT_BRIDGE
Q168,M42,2,61.243509249220196,NO,,,,,SAME_INSTRUMENT_BRIDGE
Q169,M42,3,61.61649893241693,YES,F_MIX_00317,61.61414965986395,,2.34927255298345,DIRECT_SOFT_ANCHOR
Q170,M42,4,62.02344833581129,NO,,,,,SAME_INSTRUMENT_BRIDGE
Q171,M43,1,62.437128302648226,YES,F_MIX_00321,62.43845804988662,,-1.3297472383939635,DIRECT_SOFT_ANCHOR
Q172,M43,2,62.83030967617271,NO,,,,,SAME_INSTRUMENT_BRIDGE
Q173,M43,3,63.197039255444,NO,,,,,SAME_INSTRUMENT_BRIDGE
Q174,M43,4,63.53136383952135,YES,F_MIX_00326,63.54140589569161,F_MIX_00325,-10.042056170263436,DIRECT_SOFT_ANCHOR
Q175,M44,1,63.827330227464046,YES,F_MIX_00327,63.80843537414966,,18.894853314385784,DIRECT_SOFT_ANCHOR
Q176,M44,2,64.2396581170555,YES,F_MIX_00328,64.24961451247165,,-9.956395416153896,DIRECT_SOFT_ANCHOR
Q177,M44,3,64.620749553049,YES,F_MIX_00330,64.62113378684808,F_MIX_00329,-0.3842337990818123,DIRECT_SOFT_ANCHOR
Q178,M44,4,64.9823089068562,YES,F_MIX_00332,64.98104308390023,,1.2658229559718848,DIRECT_SOFT_ANCHOR
Q179,M45,1,65.3421882906742,YES,F_MIX_00334,65.34095238095239,,1.235909721813755,DIRECT_SOFT_ANCHOR
Q180,M45,2,65.69798664940454,YES,F_MIX_00335,65.70086167800453,,-2.8750285999876724,DIRECT_SOFT_ANCHOR
Q181,M45,3,66.02752837239977,NO,,,,,SAME_INSTRUMENT_BRIDGE
Q182,M45,4,66.35463830661223,NO,,,,,SAME_INSTRUMENT_BRIDGE
Q183,M46,1,66.70314129899425,YES,F_MIX_00339,66.69931972789115,,3.821571103102883,DIRECT_SOFT_ANCHOR
Q184,M46,2,67.09686219649821,NO,,,,,SAME_INSTRUMENT_BRIDGE
Q185,M46,3,67.49848070842671,YES,F_MIX_00343,67.5004081632653,,-1.9274548385936896,DIRECT_SOFT_ANCHOR
Q186,M46,4,67.87067654408241,YES,F_MIX_00345,67.87192743764173,,-1.2508935593160686,DIRECT_SOFT_ANCHOR
Q187,M47,1,68.20696869018532,YES,F_MIX_00347,68.20861678004535,F_MIX_00346,-1.6480898600264027,DIRECT_SOFT_ANCHOR
Q188,M47,2,68.52089043040456,NO,,,,,SAME_INSTRUMENT_BRIDGE
Q189,M47,3,68.85234448616959,YES,F_MIX_00351,68.84716553287981,,5.178953289771471,DIRECT_SOFT_ANCHOR
Q190,M47,4,69.24123357890983,NO,,,,,SAME_INSTRUMENT_BRIDGE
Q191,M48,1,69.64459717741836,YES,F_MIX_00355,69.64825396825397,,-3.656790835606216,DIRECT_SOFT_ANCHOR
Q192,M48,2,70.01947475048829,YES,F_MIX_00357,70.01977324263038,,-0.2984921420932096,DIRECT_SOFT_ANCHOR
Q193,M48,3,70.3814144202823,YES,F_MIX_00359,70.37968253968253,,1.731880599763258,DIRECT_SOFT_ANCHOR
Q194,M48,4,70.75074018323645,YES,F_MIX_00361,70.75120181405896,F_MIX_00360,-0.4616308225138255,DIRECT_SOFT_ANCHOR
