section,category,semantics,population_N,coverage_fraction,N,median_ms,mean_ms,Q1_ms,Q3_ms,IQR_ms,MAD_ms,SD_ms,median_abs_ms,min_ms,max_ms
WHOLE,ALL_NATIVE,MARKER_GEOMETRY_NOT_PERFORMER_MICROTIMING,1606,1.0,1606,-11.609977324248177,-12.860616226565003,-69.65986394556012,34.82993197278006,104.48979591834018,46.439909297063764,63.57617623804632,46.43990929704955,-185.7596371881982,197.3696145124677
WHOLE,BASS_INCLUSIVE,MARKER_GEOMETRY_NOT_PERFORMER_MICROTIMING,1606,0.12764632627646327,205,11.609977324269494,9.344615895139018,0.0,34.82993197278006,34.82993197278006,23.219954648510566,33.49732156008203,23.219954648524777,-116.0997732426381,69.65986394557966
WHOLE,DRUM_INCLUSIVE,MARKER_GEOMETRY_NOT_PERFORMER_MICROTIMING,1606,0.6793275217932753,1091,11.609977324269494,0.8406858007491658,-34.82993197278983,34.82993197279427,69.6598639455841,23.219954648538987,50.59606218801614,34.82993197279427,-174.14965986395714,197.3696145124677
WHOLE,BASS_SUPPORTED,MARKER_GEOMETRY_NOT_PERFORMER_MICROTIMING,1606,0.00560398505603985,9,-69.65986394557788,-49.019904257994966,-81.26984126982961,-46.43990929704955,34.82993197278006,11.609977324265941,53.13317816694429,69.65986394557788,-104.4897959183686,46.439909297063764
WHOLE,DRUM_SUPPORTED,MARKER_GEOMETRY_NOT_PERFORMER_MICROTIMING,1606,0.5572851805728518,895,11.609977324269494,-1.6085331711822497,-46.43990929705133,34.82993197279427,81.2698412698456,34.82993197278006,53.785364233722674,34.82993197280848,-174.14965986395714,197.3696145124677
WHOLE,BASS_AND_DRUM_SUPPORTED,MARKER_GEOMETRY_NOT_PERFORMER_MICROTIMING,1606,0.12204234122042341,196,11.609977324269494,12.024619371558439,0.0,34.82993197278006,34.82993197278006,23.219954648482144,29.89312643772072,23.219954648510566,-116.0997732426381,69.65986394557966
WHOLE,UNKNOWN,MARKER_GEOMETRY_NOT_PERFORMER_MICROTIMING,1606,0.3150684931506849,506,-58.04988662131905,-41.759206976598385,-81.26984126983494,-34.82993197278006,46.43990929705488,23.21995464852833,77.52615169713172,69.65986394557788,-185.7596371881982,185.75963718821242
WHOLE,REFINED_DRUM,QUALIFIED_ACOUSTIC_ESTIMATE_FIXED_REFERENCE_GEOMETRY,10,0.9,9,-54.33106575964075,-34.1143864953387,-67.0294784580392,-25.759637188230045,41.26984126980915,28.571428571410706,74.31107749444921,65.85034013605195,-111.3832199546323,141.76870748298143
M1,ALL_NATIVE,MARKER_GEOMETRY_NOT_PERFORMER_MICROTIMING,252,1.0,252,0.0,-12.070690710146394,-69.65986394557788,34.82993197279005,104.48979591836793,46.439909297053106,66.59191667547371,46.439909297053106,-174.14965986395003,185.75963718820887
M1,BASS_INCLUSIVE,MARKER_GEOMETRY_NOT_PERFORMER_MICROTIMING,252,0.1746031746031746,44,23.219954648526333,12.401566687280898,0.0,46.439909297049994,46.439909297049994,23.219954648526333,41.249172899528254,34.829931972787165,-92.87981859410432,69.65986394557966
M1,DRUM_INCLUSIVE,MARKER_GEOMETRY_NOT_PERFORMER_MICROTIMING,252,0.6428571428571429,162,23.21995464852522,3.153327174491371,-34.82993197278894,34.82993197279427,69.65986394558321,23.219954648526997,52.41927248009992,34.82993197279427,-127.70975056689338,104.48979591836505
M1,BASS_SUPPORTED,MARKER_GEOMETRY_NOT_PERFORMER_MICROTIMING,252,0.015873015873015872,4,-69.65986394557876,-72.5623582766448,-72.5623582766457,-69.65986394557788,2.902494331067814,8.881784197001252e-13,5.804988662132674,69.65986394557876,-81.26984126984382,-69.65986394557788
M1,DRUM_SUPPORTED,MARKER_GEOMETRY_NOT_PERFORMER_MICROTIMING,252,0.48412698412698413,122,23.219954648524777,-2.664584959666693,-58.049886621315494,34.82993197279338,92.87981859410888,34.82993197278805,56.36129873378929,46.43990929704955,-127.70975056689338,104.48979591836505
M1,BASS_AND_DRUM_SUPPORTED,MARKER_GEOMETRY_NOT_PERFORMER_MICROTIMING,252,0.15873015873015872,40,23.219954648526553,20.89795918367347,0.0,46.43990929705155,46.43990929705155,23.21995464852611,32.54194063491914,29.024943310657747,-92.87981859410432,69.65986394557966
M1,UNKNOWN,MARKER_GEOMETRY_NOT_PERFORMER_MICROTIMING,252,0.3412698412698413,86,-58.049886621315274,-37.93492590834784,-81.26984126984327,-23.219954648524777,58.04988662131849,34.829931972787165,81.22933125256831,69.65986394557788,-174.14965986395003,185.75963718820887
M1,REFINED_DRUM,QUALIFIED_ACOUSTIC_ESTIMATE_FIXED_REFERENCE_GEOMETRY,0,,0,,,,,,,,,,
M2,ALL_NATIVE,MARKER_GEOMETRY_NOT_PERFORMER_MICROTIMING,435,1.0,435,-11.609977324255283,-12.063700576015759,-58.04988662131905,29.024943310659523,87.07482993197857,46.43990929704955,55.12545380482794,46.43990929704955,-174.14965986395003,185.75963718821242
M2,BASS_INCLUSIVE,MARKER_GEOMETRY_NOT_PERFORMER_MICROTIMING,435,0.19080459770114944,83,11.609977324269494,11.190339589650751,0.0,29.024943310652418,29.024943310652418,11.609977324269494,25.34851928926628,23.219954648524777,-92.87981859411332,46.439909297063764
M2,DRUM_INCLUSIVE,MARKER_GEOMETRY_NOT_PERFORMER_MICROTIMING,435,0.7195402298850575,313,11.609977324255283,-2.114277020712184,-34.82993197279427,34.82993197278006,69.65986394557433,23.219954648538987,45.20777132285216,34.829931972787165,-104.4897959183686,81.26984126984382
M2,BASS_SUPPORTED,MARKER_GEOMETRY_NOT_PERFORMER_MICROTIMING,435,0.004597701149425287,2,7.105427357601002e-12,7.105427357601002e-12,-23.219954648521224,23.219954648535435,46.43990929705666,46.43990929705666,65.67594956327392,46.43990929705666,-46.43990929704955,46.439909297063764
M2,DRUM_SUPPORTED,MARKER_GEOMETRY_NOT_PERFORMER_MICROTIMING,435,0.5333333333333333,232,0.0,-6.855891781999619,-58.049886621304836,34.82993197279427,92.8798185940991,46.43990929704955,49.646933932462254,46.43990929704955,-104.4897959183686,81.26984126984382
M2,BASS_AND_DRUM_SUPPORTED,MARKER_GEOMETRY_NOT_PERFORMER_MICROTIMING,435,0.18620689655172415,81,11.609977324269494,11.466644270876522,0.0,23.219954648524777,23.219954648524777,11.609977324269494,24.525223657301765,23.219954648524777,-92.87981859411332,46.439909297063764
M2,UNKNOWN,MARKER_GEOMETRY_NOT_PERFORMER_MICROTIMING,435,0.27586206896551724,120,-58.04988662131905,-38.21617535903297,-69.65986394558854,-34.82993197279427,34.82993197279427,11.609977324269494,68.81564014502906,69.65986394556722,-174.14965986395003,185.75963718821242
M2,REFINED_DRUM,QUALIFIED_ACOUSTIC_ESTIMATE_FIXED_REFERENCE_GEOMETRY,0,,0,,,,,,,,,,
M3,ALL_NATIVE,MARKER_GEOMETRY_NOT_PERFORMER_MICROTIMING,251,1.0,251,0.0,-13.830212031691023,-69.65986394556012,34.82993197280848,104.4897959183686,46.43990929704955,65.0358586643227,46.43990929704955,-174.14965986395714,174.14965986395714
M3,BASS_INCLUSIVE,MARKER_GEOMETRY_NOT_PERFORMER_MICROTIMING,251,0.0,0,,,,,,,,,,
M3,DRUM_INCLUSIVE,MARKER_GEOMETRY_NOT_PERFORMER_MICROTIMING,251,0.5936254980079682,149,23.219954648510566,5.142674519473171,-46.43990929704955,34.82993197280848,81.26984126985803,23.219954648538987,51.27506705079855,46.43990929704955,-104.4897959183686,92.8798185940991
M3,BASS_SUPPORTED,MARKER_GEOMETRY_NOT_PERFORMER_MICROTIMING,251,0.0,0,,,,,,,,,,
M3,DRUM_SUPPORTED,MARKER_GEOMETRY_NOT_PERFORMER_MICROTIMING,251,0.5936254980079682,149,23.219954648510566,5.142674519473171,-46.43990929704955,34.82993197280848,81.26984126985803,23.219954648538987,51.27506705079855,46.43990929704955,-104.4897959183686,92.8798185940991
M3,BASS_AND_DRUM_SUPPORTED,MARKER_GEOMETRY_NOT_PERFORMER_MICROTIMING,251,0.0,0,,,,,,,,,,
M3,UNKNOWN,MARKER_GEOMETRY_NOT_PERFORMER_MICROTIMING,251,0.4063745019920319,102,-46.43990929704955,-41.54550709172501,-81.26984126982961,-23.21995464851767,58.04988662131194,34.82993197278006,72.87032368832462,58.04988662131905,-174.14965986395714,174.14965986395714
M3,REFINED_DRUM,QUALIFIED_ACOUSTIC_ESTIMATE_FIXED_REFERENCE_GEOMETRY,0,,0,,,,,,,,,,
M4,ALL_NATIVE,MARKER_GEOMETRY_NOT_PERFORMER_MICROTIMING,207,1.0,207,-11.609977324269494,-3.1969502776950627,-58.04988662131905,46.43990929704955,104.4897959183686,58.049886621290625,73.7183383143869,58.04988662131905,-174.14965986395714,197.3696145124677
M4,BASS_INCLUSIVE,MARKER_GEOMETRY_NOT_PERFORMER_MICROTIMING,207,0.03864734299516908,8,46.43990929704955,40.634920634914806,23.219954648531882,46.43990929704955,23.21995464851767,11.609977324255283,16.418987390814532,46.43990929704955,23.219954648510566,69.65986394556012
M4,DRUM_INCLUSIVE,MARKER_GEOMETRY_NOT_PERFORMER_MICROTIMING,207,0.7922705314009661,164,11.609977324269494,2.9732868757266866,-46.43990929704955,46.43990929704955,92.8798185940991,46.43990929704955,67.55808997679155,46.43990929704955,-174.14965986395714,197.3696145124677
M4,BASS_SUPPORTED,MARKER_GEOMETRY_NOT_PERFORMER_MICROTIMING,207,0.0,0,,,,,,,,,,
M4,DRUM_SUPPORTED,MARKER_GEOMETRY_NOT_PERFORMER_MICROTIMING,207,0.7536231884057971,156,0.0,1.0419210419221678,-49.34240362813114,46.43990929704955,95.78231292518069,46.43990929704955,68.63326530727572,46.43990929704955,-174.14965986395714,197.3696145124677
M4,BASS_AND_DRUM_SUPPORTED,MARKER_GEOMETRY_NOT_PERFORMER_MICROTIMING,207,0.03864734299516908,8,46.43990929704955,40.634920634914806,23.219954648531882,46.43990929704955,23.21995464851767,11.609977324255283,16.418987390814532,46.43990929704955,23.219954648510566,69.65986394556012
M4,UNKNOWN,MARKER_GEOMETRY_NOT_PERFORMER_MICROTIMING,207,0.20772946859903382,43,-46.439909297077975,-26.729947793071037,-75.46485260770908,52.2448979591843,127.70975056689338,34.82993197280848,90.69575078861348,69.65986394558854,-174.14965986395714,139.31972789114866
M4,REFINED_DRUM,QUALIFIED_ACOUSTIC_ESTIMATE_FIXED_REFERENCE_GEOMETRY,10,0.9,9,-54.33106575964075,-34.1143864953387,-67.0294784580392,-25.759637188230045,41.26984126980915,28.571428571410706,74.31107749444921,65.85034013605195,-111.3832199546323,141.76870748298143
M56,ALL_NATIVE,MARKER_GEOMETRY_NOT_PERFORMER_MICROTIMING,461,1.0,461,-11.609977324269494,-17.855691806729556,-69.65986394556012,23.219954648538987,92.8798185940991,46.43990929704955,63.36562442197262,46.43990929702113,-185.7596371881982,185.7596371881982
M56,BASS_INCLUSIVE,MARKER_GEOMETRY_NOT_PERFORMER_MICROTIMING,461,0.15184381778741865,70,5.804988662120536,1.6585681891829804,-11.609977324269494,20.317460317471614,31.927437641741108,17.41496598639003,35.81358659530109,11.609977324269494,-116.0997732426381,58.04988662131905
M56,DRUM_INCLUSIVE,MARKER_GEOMETRY_NOT_PERFORMER_MICROTIMING,461,0.6572668112798264,303,11.609977324269494,-0.6130681095314445,-11.609977324269494,34.82993197275164,46.43990929702113,23.219954648538987,43.42594008308859,23.219954648538987,-162.53968253968765,174.14965986395714
M56,BASS_SUPPORTED,MARKER_GEOMETRY_NOT_PERFORMER_MICROTIMING,461,0.006507592190889371,3,-81.26984126982961,-50.309901738463246,-92.8798185940991,-23.219954648510566,69.65986394558854,23.219954648538987,74.64171110550255,81.26984126982961,-104.4897959183686,34.82993197280848
M56,DRUM_SUPPORTED,MARKER_GEOMETRY_NOT_PERFORMER_MICROTIMING,461,0.5119305856832972,236,11.609977324269494,-1.9185979476535002,-23.219954648496355,34.82993197275164,58.04988662124799,23.219954648538987,46.07134349951974,29.024943310645313,-162.53968253968765,174.14965986395714
M56,BASS_AND_DRUM_SUPPORTED,MARKER_GEOMETRY_NOT_PERFORMER_MICROTIMING,461,0.14533622559652928,67,11.609977324241072,3.985514603853707,-11.609977324269494,17.41496598640424,29.024943310673734,23.219954648510566,32.30831039184931,11.609977324269494,-116.0997732426381,58.04988662131905
M56,UNKNOWN,MARKER_GEOMETRY_NOT_PERFORMER_MICROTIMING,461,0.3362255965292842,155,-69.65986394556012,-50.93409406773489,-92.8798185940991,-46.439909297077975,46.43990929702113,23.219954648482144,80.7229037677946,81.26984126982961,-185.7596371881982,185.7596371881982
M56,REFINED_DRUM,QUALIFIED_ACOUSTIC_ESTIMATE_FIXED_REFERENCE_GEOMETRY,0,,0,,,,,,,,,,
