quarter_id,quarter_timestamp,stored_BPM,LEFT_BOUNDARY,RIGHT_BOUNDARY,LEFT_CLOSED,RIGHT_CLOSED,native_candidate_N,context_N,quarter_state
0,0.06965986394557823,161.4990234375,0,0.255419501133786845,True,True,0,0,EMPTY
1,0.44117913832199546,161.4990234375,0.255419501133786845,0.62693877551020408,False,True,0,0,EMPTY
2,0.8126984126984127,161.49902343749997,0.62693877551020408,0.99845804988662135,False,True,3,2,SELECTED
3,1.18421768707483,161.49902343750006,0.99845804988662135,1.3699773242630385,False,True,1,0,SELECTED
4,1.555736961451247,161.49902343749997,1.3699773242630385,1.7414965986394557,False,True,2,1,SELECTED
5,1.9272562358276644,151.9990808823529,1.7414965986394557,2.1246258503401361,False,True,3,2,SELECTED
6,2.3219954648526078,172.26562499999997,2.1246258503401361,2.4961451247165534,False,True,2,1,SELECTED
7,2.670294784580499,161.49902343749997,2.4961451247165534,2.85605442176870765,False,True,2,1,SELECTED
8,3.0418140589569163,161.49902343749997,2.85605442176870765,3.22757369614512495,False,True,3,2,SELECTED
9,3.4133333333333336,161.49902343750017,3.22757369614512495,3.5990929705215420,False,True,2,1,SELECTED
10,3.7848526077097504,161.49902343749997,3.5990929705215420,3.9706122448979592,False,True,2,1,SELECTED
11,4.156371882086168,172.26562499999997,3.9706122448979592,4.3305215419501135,False,True,2,1,SELECTED
12,4.504671201814059,161.49902343749977,4.3305215419501135,4.690430839002268,False,True,3,2,SELECTED
13,4.876190476190477,172.26562500000043,4.690430839002268,5.050340136054422,False,True,1,0,SELECTED
14,5.224489795918367,161.49902343749977,5.050340136054422,5.410249433106576,False,True,2,1,SELECTED
15,5.596009070294785,172.26562499999997,5.410249433106576,5.7701587301587305,False,True,2,1,SELECTED
16,5.944308390022676,161.49902343750017,5.7701587301587305,6.1300680272108845,False,True,2,1,SELECTED
17,6.315827664399093,172.26562499999997,6.1300680272108845,6.4899773242630385,False,True,3,2,SELECTED
18,6.664126984126984,172.26562499999997,6.4899773242630385,6.8382766439909295,False,True,2,1,SELECTED
19,7.012426303854875,161.49902343749977,6.8382766439909295,7.198185941043084,False,True,2,1,SELECTED
20,7.383945578231293,172.26562499999997,7.198185941043084,7.5580952380952385,False,True,1,0,SELECTED
21,7.732244897959184,161.49902343749977,7.5580952380952385,7.918004535147393,False,True,1,0,SELECTED
22,8.103764172335602,172.26562499999997,7.918004535147393,8.2779138321995475,False,True,2,1,SELECTED
23,8.452063492063493,161.49902343750054,8.2779138321995475,8.637823129251701,False,True,2,1,SELECTED
24,8.823582766439909,172.26562499999997,8.637823129251701,8.9977324263038545,False,True,2,1,SELECTED
25,9.1718820861678,161.49902343749977,8.9977324263038545,9.357641723356009,False,True,1,0,SELECTED
26,9.543401360544218,161.49902343749977,9.357641723356009,9.729160997732427,False,True,2,1,SELECTED
27,9.914920634920636,161.49902343750054,9.729160997732427,10.100680272108844,False,True,2,1,SELECTED
28,10.286439909297052,172.26562499999997,10.100680272108844,10.4605895691609975,False,True,2,1,SELECTED
29,10.634739229024943,161.49902343749977,10.4605895691609975,10.8204988662131515,False,True,2,1,SELECTED
30,11.00625850340136,161.49902343749977,10.8204988662131515,11.192018140589569,False,True,2,1,SELECTED
31,11.377777777777778,161.49902343750054,11.192018140589569,11.563537414965986,False,True,3,2,SELECTED
32,11.749297052154194,161.49902343749977,11.563537414965986,11.935056689342403,False,True,4,3,SELECTED
33,12.120816326530612,161.49902343749977,11.935056689342403,12.306575963718821,False,True,2,1,SELECTED
34,12.49233560090703,161.49902343749977,12.306575963718821,12.6780952380952385,False,True,1,0,SELECTED
35,12.863854875283447,161.49902343750054,12.6780952380952385,13.049614512471655,False,True,1,0,SELECTED
36,13.235374149659863,161.49902343749977,13.049614512471655,13.421133786848072,False,True,3,2,SELECTED
37,13.606893424036281,172.26562499999997,13.421133786848072,13.7810430839002265,False,True,2,1,SELECTED
38,13.955192743764172,161.49902343749977,13.7810430839002265,14.140952380952381,False,True,2,1,SELECTED
39,14.32671201814059,161.49902343750054,14.140952380952381,14.512471655328798,False,True,1,0,SELECTED
40,14.698231292517006,161.49902343749977,14.512471655328798,14.883990929705215,False,True,3,2,SELECTED
41,15.069750566893424,161.49902343749977,14.883990929705215,15.2555102040816325,False,True,3,2,SELECTED
42,15.441269841269841,172.26562499999997,15.2555102040816325,15.615419501133787,False,True,1,0,SELECTED
43,15.789569160997733,161.49902343749977,15.615419501133787,15.9753287981859415,False,True,2,1,SELECTED
44,16.16108843537415,161.49902343749977,15.9753287981859415,16.346848072562359,False,True,2,1,SELECTED
45,16.532607709750568,161.49902343749977,16.346848072562359,16.718367346938777,False,True,1,0,SELECTED
46,16.904126984126986,161.49902343750134,16.718367346938777,17.089886621315193,False,True,2,1,SELECTED
47,17.2756462585034,161.49902343749977,17.089886621315193,17.461405895691609,False,True,2,1,SELECTED
48,17.647165532879818,161.49902343749977,17.461405895691609,17.832925170068027,False,True,3,2,SELECTED
49,18.018684807256236,161.49902343749977,17.832925170068027,18.2044444444444445,False,True,2,1,SELECTED
50,18.390204081632653,161.49902343749977,18.2044444444444445,18.5759637188208615,False,True,3,2,SELECTED
51,18.76172335600907,172.26562500000085,18.5759637188208615,18.935873015873015,False,True,2,1,SELECTED
52,19.11002267573696,161.49902343749977,18.935873015873015,19.295782312925169,False,True,2,1,SELECTED
53,19.481541950113378,172.26562499999912,19.295782312925169,19.655691609977324,False,True,1,0,SELECTED
54,19.82984126984127,161.49902343750134,19.655691609977324,20.0156009070294775,False,True,3,2,SELECTED
55,20.201360544217685,172.26562499999912,20.0156009070294775,20.3755102040816325,False,True,2,1,SELECTED
56,20.54965986394558,172.26562500000085,20.3755102040816325,20.723809523809524,False,True,2,1,SELECTED
57,20.897959183673468,172.26562499999912,20.723809523809524,21.072108843537414,False,True,2,1,SELECTED
58,21.24625850340136,161.49902343749977,21.072108843537414,21.43201814058957,False,True,2,1,SELECTED
59,21.61777777777778,172.26562500000085,21.43201814058957,21.791927437641724,False,True,1,0,SELECTED
60,21.966077097505668,161.49902343749977,21.791927437641724,22.151836734693877,False,True,2,1,SELECTED
61,22.337596371882086,172.26562499999912,22.151836734693877,22.511746031746033,False,True,2,1,SELECTED
62,22.68589569160998,161.49902343749977,22.511746031746033,22.871655328798188,False,True,2,1,SELECTED
63,23.057414965986396,161.49902343750134,22.871655328798188,23.243174603174603,False,True,2,1,SELECTED
64,23.42893424036281,161.49902343749977,23.243174603174603,23.614693877551019,False,True,1,0,SELECTED
65,23.800453514739228,161.49902343749977,23.614693877551019,23.986213151927437,False,True,3,2,SELECTED
66,24.171972789115646,161.49902343749977,23.986213151927437,24.357732426303855,False,True,2,1,SELECTED
67,24.543492063492064,161.49902343749977,24.357732426303855,24.729251700680272,False,True,2,1,SELECTED
68,24.91501133786848,161.49902343749977,24.729251700680272,25.10077097505669,False,True,2,1,SELECTED
69,25.2865306122449,161.49902343749977,25.10077097505669,25.4722902494331085,False,True,3,2,SELECTED
70,25.658049886621317,161.49902343750134,25.4722902494331085,25.8438095238095235,False,True,2,1,SELECTED
71,26.02956916099773,161.49902343749977,25.8438095238095235,26.21532879818594,False,True,3,2,SELECTED
72,26.40108843537415,161.49902343749977,26.21532879818594,26.5868480725623585,False,True,4,3,SELECTED
73,26.772607709750567,161.49902343749977,26.5868480725623585,26.9583673469387755,False,True,2,1,SELECTED
74,27.144126984126984,161.49902343749977,26.9583673469387755,27.329886621315193,False,True,1,0,SELECTED
75,27.515646258503402,161.49902343749977,27.329886621315193,27.701405895691611,False,True,1,0,SELECTED
76,27.88716553287982,172.26562500000085,27.701405895691611,28.061315192743765,False,True,1,0,SELECTED
77,28.23546485260771,161.49902343749977,28.061315192743765,28.4212244897959185,False,True,2,1,SELECTED
78,28.606984126984127,172.26562500000085,28.4212244897959185,28.7811337868480715,False,True,2,1,SELECTED
79,28.955283446712016,161.49902343749977,28.7811337868480715,29.141043083900225,False,True,1,0,SELECTED
80,29.326802721088434,172.26562499999912,29.141043083900225,29.5009523809523805,False,True,1,0,SELECTED
81,29.675102040816327,161.49902343749977,29.5009523809523805,29.860861678004536,False,True,2,1,SELECTED
82,30.046621315192745,172.26562500000085,29.860861678004536,30.2207709750566895,False,True,2,1,SELECTED
83,30.394920634920634,172.26562499999912,30.2207709750566895,30.5690702947845805,False,True,1,0,SELECTED
84,30.743219954648527,161.49902343749977,30.5690702947845805,30.928979591836736,False,True,2,1,SELECTED
85,31.114739229024945,172.26562500000085,30.928979591836736,31.2888888888888895,False,True,2,1,SELECTED
86,31.463038548752834,161.49902343749977,31.2888888888888895,31.648798185941043,False,True,2,1,SELECTED
87,31.834557823129252,172.26562499999912,31.648798185941043,32.0087074829931985,False,True,1,0,SELECTED
88,32.182857142857145,172.26562500000261,32.0087074829931985,32.3570068027210875,False,True,1,0,SELECTED
89,32.53115646258503,161.49902343749977,32.3570068027210875,32.71691609977324,False,True,3,2,SELECTED
90,32.90267573696145,161.49902343749977,32.71691609977324,33.088435374149658,False,True,3,2,SELECTED
91,33.274195011337866,172.26562499999912,33.088435374149658,33.448344671201813,False,True,2,1,SELECTED
92,33.62249433106576,161.49902343749977,33.448344671201813,33.80825396825397,False,True,2,1,SELECTED
93,33.99401360544218,161.49902343749977,33.80825396825397,34.1797732426303875,False,True,2,1,SELECTED
94,34.365532879818595,172.26562499999912,34.1797732426303875,34.5396825396825425,False,True,3,2,SELECTED
95,34.71383219954649,161.49902343749977,34.5396825396825425,34.899591836734698,False,True,2,1,SELECTED
96,35.085351473922906,161.49902343750287,34.899591836734698,35.271111111111111,False,True,2,1,SELECTED
97,35.456870748299316,161.49902343749977,35.271111111111111,35.642630385487525,False,True,1,0,SELECTED
98,35.828390022675734,161.49902343749977,35.642630385487525,36.014149659863942,False,True,2,1,SELECTED
99,36.19990929705215,161.49902343749977,36.014149659863942,36.38566893424036,False,True,2,1,SELECTED
100,36.57142857142857,161.49902343749977,36.38566893424036,36.75718820861678,False,True,1,0,SELECTED
101,36.94294784580499,161.49902343749977,36.75718820861678,37.1287074829931975,False,True,2,1,SELECTED
102,37.314467120181405,161.49902343749977,37.1287074829931975,37.5002267573696125,False,True,1,0,SELECTED
103,37.68598639455782,161.49902343749977,37.5002267573696125,37.87174603174603,False,True,2,1,SELECTED
104,38.05750566893424,161.49902343749977,37.87174603174603,38.24326530612245,False,True,3,2,SELECTED
105,38.42902494331066,172.26562499999912,38.24326530612245,38.603174603174605,False,True,3,2,SELECTED
106,38.77732426303855,161.49902343749977,38.603174603174605,38.96308390022676,False,True,2,1,SELECTED
107,39.14884353741497,161.49902343749977,38.96308390022676,39.33460317460318,False,True,1,0,SELECTED
108,39.52036281179139,161.49902343750287,39.33460317460318,39.706122448979595,False,True,2,1,SELECTED
109,39.8918820861678,161.49902343749977,39.706122448979595,40.0776417233560075,False,True,2,1,SELECTED
110,40.263401360544215,172.26562499999912,40.0776417233560075,40.4375510204081625,False,True,2,1,SELECTED
111,40.61170068027211,161.49902343749977,40.4375510204081625,40.797460317460318,False,True,2,1,SELECTED
112,40.983219954648526,161.49902343749977,40.797460317460318,41.168979591836733,False,True,2,1,SELECTED
113,41.35473922902494,161.49902343749977,41.168979591836733,41.54049886621315,False,True,2,1,SELECTED
114,41.72625850340136,161.49902343749977,41.54049886621315,41.91201814058957,False,True,2,1,SELECTED
115,42.09777777777778,161.49902343749977,41.91201814058957,42.28353741496599,False,True,1,0,SELECTED
116,42.4692970521542,172.26562499999912,42.28353741496599,42.643446712018145,False,True,2,1,SELECTED
117,42.81759637188209,161.49902343750287,42.643446712018145,43.003356009070295,False,True,3,2,SELECTED
118,43.1891156462585,161.49902343749977,43.003356009070295,43.37487528344671,False,True,1,0,SELECTED
119,43.56063492063492,161.49902343749977,43.37487528344671,43.746394557823128,False,True,1,0,SELECTED
120,43.932154195011336,161.49902343749977,43.746394557823128,44.117913832199543,False,True,2,1,SELECTED
121,44.30367346938775,151.99908088235324,44.117913832199543,44.501043083900223,False,True,3,2,SELECTED
122,44.698412698412696,161.49902343749977,44.501043083900223,44.884172335600905,False,True,2,1,SELECTED
123,45.069931972789114,161.49902343749977,44.884172335600905,45.255691609977322,False,True,1,0,SELECTED
124,45.44145124716553,151.99908088235324,45.255691609977322,45.638820861678002,False,True,0,0,EMPTY
125,45.836190476190474,151.99908088235324,45.638820861678002,46.033560090702947,False,True,1,0,SELECTED
126,46.23092970521542,151.9990808823505,46.033560090702947,46.428299319727893,False,True,2,1,SELECTED
127,46.625668934240366,151.99908088235324,46.428299319727893,46.823038548752838,False,True,2,1,SELECTED
128,47.02040816326531,161.49902343749977,46.823038548752838,47.206167800453518,False,True,1,0,SELECTED
129,47.391927437641726,151.99908088235324,47.206167800453518,47.589297052154198,False,True,2,1,SELECTED
130,47.78666666666667,161.49902343749977,47.589297052154198,47.97242630385488,False,True,3,2,SELECTED
131,48.15818594104309,161.49902343749977,47.97242630385488,48.343945578231297,False,True,2,1,SELECTED
132,48.529705215419504,161.49902343750287,48.343945578231297,48.7154648526077095,False,True,1,0,SELECTED
133,48.901224489795915,161.49902343749977,48.7154648526077095,49.0869841269841225,False,True,1,0,SELECTED
134,49.27274376417233,161.49902343749977,49.0869841269841225,49.45850340136054,False,True,3,2,SELECTED
135,49.64426303854875,161.49902343749977,49.45850340136054,49.83002267573696,False,True,1,0,SELECTED
136,50.01578231292517,161.49902343749977,49.83002267573696,50.201541950113378,False,True,1,0,SELECTED
137,50.387301587301586,161.49902343749977,50.201541950113378,50.573061224489795,False,True,1,0,SELECTED
138,50.758820861678004,172.26562499999912,50.573061224489795,50.932970521541952,False,True,1,0,SELECTED
139,51.1071201814059,161.49902343749977,50.932970521541952,51.292879818594107,False,True,2,1,SELECTED
140,51.478639455782314,161.49902343749977,51.292879818594107,51.664399092970522,False,True,1,0,SELECTED
141,51.85015873015873,161.49902343749977,51.664399092970522,52.03591836734694,False,True,3,2,SELECTED
142,52.22167800453515,161.49902343749977,52.03591836734694,52.40743764172336,False,True,2,1,SELECTED
143,52.59319727891157,161.49902343749977,52.40743764172336,52.7789569160997775,False,True,2,1,SELECTED
144,52.964716553287985,161.49902343750287,52.7789569160997775,53.1504761904761905,False,True,2,1,SELECTED
145,53.336235827664396,161.49902343749977,53.1504761904761905,53.521995464852605,False,True,1,0,SELECTED
146,53.707755102040814,161.49902343749977,53.521995464852605,53.893514739229022,False,True,2,1,SELECTED
147,54.07927437641723,172.26562499999912,53.893514739229022,54.253424036281177,False,True,2,1,SELECTED
148,54.427573696145124,161.49902343749977,54.253424036281177,54.613333333333332,False,True,3,2,SELECTED
149,54.79909297052154,161.49902343749977,54.613333333333332,54.98485260770975,False,True,1,0,SELECTED
150,55.17061224489796,161.49902343749977,54.98485260770975,55.35637188208617,False,True,1,0,SELECTED
151,55.54213151927438,172.26562499999912,55.35637188208617,55.716281179138325,False,True,1,0,SELECTED
152,55.89043083900227,161.49902343749977,55.716281179138325,56.07619047619048,False,True,2,1,SELECTED
153,56.26195011337869,172.26562500000261,56.07619047619048,56.436099773242632,False,True,2,1,SELECTED
154,56.610249433106574,161.49902343749977,56.436099773242632,56.796009070294782,False,True,2,1,SELECTED
155,56.98176870748299,172.26562499999912,56.796009070294782,57.1559183673469375,False,True,1,0,SELECTED
156,57.330068027210885,172.26562499999912,57.1559183673469375,57.5042176870748325,False,True,2,1,SELECTED
157,57.67836734693878,172.26562500000261,57.5042176870748325,57.852517006802722,False,True,1,0,SELECTED
158,58.026666666666664,161.49902343749977,57.852517006802722,58.212426303854872,False,True,2,1,SELECTED
159,58.39818594104308,172.26562499999912,58.212426303854872,58.572335600907027,False,True,2,1,SELECTED
160,58.746485260770974,161.49902343749977,58.572335600907027,58.932244897959182,False,True,2,1,SELECTED
161,59.11800453514739,172.26562499999912,58.932244897959182,59.2921541950113375,False,True,2,1,SELECTED
162,59.466303854875285,161.49902343749977,59.2921541950113375,59.6520634920634925,False,True,2,1,SELECTED
163,59.8378231292517,161.49902343749977,59.6520634920634925,60.02358276643991,False,True,1,0,SELECTED
164,60.20934240362812,161.49902343749977,60.02358276643991,60.39510204081633,False,True,4,3,SELECTED
165,60.58086167800454,172.26562500000261,60.39510204081633,60.755011337868482,False,True,2,1,SELECTED
166,60.929160997732424,151.99908088235324,60.755011337868482,61.126530612244897,False,True,2,1,SELECTED
167,61.32390022675737,161.49902343749977,61.126530612244897,61.509659863945577,False,True,2,1,SELECTED
168,61.695419501133784,161.49902343749977,61.509659863945577,61.881179138321992,False,True,2,1,SELECTED
169,62.0669387755102,161.49902343749977,61.881179138321992,62.25269841269841,False,True,1,0,SELECTED
170,62.43845804988662,161.49902343749977,62.25269841269841,62.62421768707483,False,True,3,2,SELECTED
171,62.80997732426304,161.49902343749977,62.62421768707483,62.9957369614512475,False,True,1,0,SELECTED
172,63.181496598639455,172.26562499999912,62.9957369614512475,63.3556462585034025,False,True,1,0,SELECTED
173,63.52979591836735,161.49902343749977,63.3556462585034025,63.715555555555558,False,True,2,1,SELECTED
174,63.901315192743766,161.49902343750287,63.715555555555558,64.087074829931973,False,True,1,0,SELECTED
175,64.27283446712018,172.2656249999956,64.087074829931973,64.44698412698413,False,True,1,0,SELECTED
176,64.62113378684808,161.49902343750287,64.44698412698413,64.806893424036285,False,True,2,1,SELECTED
177,64.99265306122449,172.2656249999956,64.806893424036285,65.16680272108844,False,True,2,1,SELECTED
178,65.34095238095239,172.26562500000261,65.16680272108844,65.51510204081633,False,True,2,1,SELECTED
179,65.68925170068027,161.49902343750287,65.51510204081633,65.875011337868475,False,True,1,0,SELECTED
180,66.06077097505668,172.2656249999956,65.875011337868475,66.23492063492063,False,True,2,1,SELECTED
181,66.40907029478458,161.49902343750287,66.23492063492063,66.59482993197279,False,True,1,0,SELECTED
182,66.780589569161,172.2656249999956,66.59482993197279,66.95473922902495,False,True,2,1,SELECTED
183,67.1288888888889,172.26562500000261,66.95473922902495,67.30303854875284,False,True,1,0,SELECTED
184,67.47718820861678,161.49902343750287,67.30303854875284,67.662947845804985,False,True,2,1,SELECTED
185,67.84870748299319,172.2656249999956,67.662947845804985,68.02285714285714,False,True,2,1,SELECTED
186,68.19700680272109,161.49902343750287,68.02285714285714,68.382766439909295,False,True,3,2,SELECTED
187,68.5685260770975,172.2656249999956,68.382766439909295,68.74267573696145,False,True,2,1,SELECTED
188,68.9168253968254,161.49902343750287,68.74267573696145,69.102585034013605,False,True,2,1,SELECTED
189,69.28834467120181,172.26562500000261,69.102585034013605,69.462494331065755,False,True,1,0,SELECTED
190,69.6366439909297,172.2656249999956,69.462494331065755,69.81079365079365,False,True,2,1,SELECTED
191,69.9849433106576,161.49902343750287,69.81079365079365,70.170702947845805,False,True,2,1,SELECTED
192,70.35646258503401,172.2656249999956,70.170702947845805,70.53061224489796,False,True,2,1,SELECTED
193,70.70476190476191,161.49902343750287,70.53061224489796,70.890521541950115,False,True,2,1,SELECTED
194,71.07628117913832,172.2656249999956,70.890521541950115,71.25043083900227,False,True,2,1,SELECTED
195,71.42458049886622,161.49902343750287,71.25043083900227,71.610340136054425,False,True,2,1,SELECTED
196,71.79609977324263,172.26562500000261,71.610340136054425,71.970249433106575,False,True,2,1,SELECTED
197,72.14439909297052,161.4990234374967,71.970249433106575,72.33015873015873,False,True,2,1,SELECTED
198,72.51591836734694,172.26562500000261,72.33015873015873,72.690068027210885,False,True,2,1,SELECTED
199,72.86421768707483,161.4990234374967,72.690068027210885,73.04997732426304,False,True,1,0,SELECTED
200,73.23573696145125,161.49902343750287,73.04997732426304,73.421496598639455,False,True,2,1,SELECTED
201,73.60725623582766,172.26562500000261,73.421496598639455,73.781405895691605,False,True,2,1,SELECTED
202,73.95555555555555,161.4990234374967,73.781405895691605,74.14131519274376,False,True,1,0,SELECTED
203,74.32707482993197,172.26562500000261,74.14131519274376,74.501224489795915,False,True,1,0,SELECTED
204,74.67537414965986,161.4990234374967,74.501224489795915,74.86113378684807,False,True,2,1,SELECTED
205,75.04689342403628,172.26562500000261,74.86113378684807,75.221043083900225,False,True,2,1,SELECTED
206,75.39519274376417,161.4990234374967,75.221043083900225,75.580952380952385,False,True,2,1,SELECTED
207,75.7667120181406,172.26562500000261,75.580952380952385,75.94086167800454,False,True,2,1,SELECTED
208,76.11501133786848,161.49902343750287,75.94086167800454,76.300770975056685,False,True,1,0,SELECTED
209,76.48653061224489,172.2656249999956,76.300770975056685,76.66068027210884,False,True,2,1,SELECTED
210,76.83482993197279,172.26562500000261,76.66068027210884,77.008979591836735,False,True,1,0,SELECTED
211,77.18312925170068,161.4990234374967,77.008979591836735,77.36888888888889,False,True,2,1,SELECTED
212,77.5546485260771,172.26562500000261,77.36888888888889,77.728798185941045,False,True,1,0,SELECTED
213,77.90294784580499,161.4990234374967,77.728798185941045,78.08870748299320,False,True,2,1,SELECTED
214,78.27446712018141,172.26562500000261,78.08870748299320,78.448616780045355,False,True,2,1,SELECTED
215,78.6227664399093,172.26562500000261,78.448616780045355,78.79691609977324,False,True,2,1,SELECTED
216,78.97106575963718,161.4990234374967,78.79691609977324,79.156825396825395,False,True,2,1,SELECTED
217,79.34258503401361,172.26562500000261,79.156825396825395,79.516734693877555,False,True,2,1,SELECTED
218,79.6908843537415,172.26562500000261,79.516734693877555,79.86503401360544,False,True,2,1,SELECTED
219,80.03918367346938,161.4990234374967,79.86503401360544,80.22494331065759,False,True,2,1,SELECTED
220,80.4107029478458,161.49902343750287,80.22494331065759,80.59646258503401,False,True,1,0,SELECTED
221,80.78222222222222,172.2656249999956,80.59646258503401,80.95637188208617,False,True,2,1,SELECTED
222,81.13052154195012,161.49902343750287,80.95637188208617,81.316281179138325,False,True,2,1,SELECTED
223,81.50204081632653,161.4990234374967,81.316281179138325,81.68780045351474,False,True,2,1,SELECTED
224,81.87356009070295,161.49902343750287,81.68780045351474,82.059319727891155,False,True,2,1,SELECTED
225,82.24507936507936,161.4990234374967,82.059319727891155,82.430839002267575,False,True,2,1,SELECTED
226,82.61659863945579,161.49902343750287,82.430839002267575,82.802358276643995,False,True,1,0,SELECTED
227,82.9881179138322,161.4990234374967,82.802358276643995,83.17387755102041,False,True,1,0,SELECTED
228,83.35963718820862,161.49902343750287,83.17387755102041,83.545396825396825,False,True,1,0,SELECTED
229,83.73115646258503,161.49902343750287,83.545396825396825,83.916916099773235,False,True,1,0,SELECTED
230,84.10267573696144,172.2656249999956,83.916916099773235,84.27682539682539,False,True,1,0,SELECTED
231,84.45097505668934,161.49902343750287,84.27682539682539,84.63673469387755,False,True,1,0,SELECTED
232,84.82249433106576,172.2656249999956,84.63673469387755,84.99664399092971,False,True,2,1,SELECTED
233,85.17079365079366,161.49902343750287,84.99664399092971,85.356553287981865,False,True,2,1,SELECTED
234,85.54231292517007,172.2656249999956,85.356553287981865,85.71646258503402,False,True,2,1,SELECTED
235,85.89061224489797,172.26562500000261,85.71646258503402,86.06476190476191,False,True,2,1,SELECTED
236,86.23891156462585,161.49902343750287,86.06476190476191,86.424671201814055,False,True,3,2,SELECTED
237,86.61043083900226,172.2656249999956,86.424671201814055,86.78458049886621,False,True,1,0,SELECTED
238,86.95873015873016,172.26562500000261,86.78458049886621,87.132879818594105,False,True,3,2,SELECTED
239,87.30702947845805,161.4990234374967,87.132879818594105,87.49278911564626,False,True,2,1,SELECTED
240,87.67854875283447,172.26562500000261,87.49278911564626,87.852698412698415,False,True,1,0,SELECTED
241,88.02684807256236,161.49902343750287,87.852698412698415,88.212607709750565,False,True,1,0,SELECTED
242,88.39836734693877,172.2656249999956,88.212607709750565,88.57251700680272,False,True,1,0,SELECTED
243,88.74666666666667,172.26562500000261,88.57251700680272,88.920816326530615,False,True,1,0,SELECTED
244,89.09496598639456,161.4990234374967,88.920816326530615,89.28072562358277,False,True,2,1,SELECTED
245,89.46648526077098,172.26562500000261,89.28072562358277,89.640634920634925,False,True,1,0,SELECTED
246,89.81478458049887,172.26562500000261,89.640634920634925,89.98893424036281,False,True,1,0,SELECTED
247,90.16308390022675,161.4990234374967,89.98893424036281,90.348843537414965,False,True,1,0,SELECTED
248,90.53460317460318,172.26562500000261,90.348843537414965,90.70875283446712,False,True,3,2,SELECTED
249,90.88290249433106,161.4990234374967,90.70875283446712,91.068662131519275,False,True,2,1,SELECTED
250,91.25442176870749,172.26562500000261,91.068662131519275,91.42857142857143,False,True,2,1,SELECTED
251,91.60272108843537,161.4990234374967,91.42857142857143,91.788480725623585,False,True,2,1,SELECTED
252,91.9742403628118,172.26562500000261,91.788480725623585,92.14839002267574,False,True,2,1,SELECTED
253,92.32253968253968,172.26562500000261,92.14839002267574,92.496689342403625,False,True,3,2,SELECTED
254,92.67083900226757,161.4990234374967,92.496689342403625,92.856598639455785,False,True,2,1,SELECTED
255,93.042358276644,172.26562500000261,92.856598639455785,93.21650793650794,False,True,2,1,SELECTED
256,93.39065759637188,161.4990234374967,93.21650793650794,93.57641723356009,False,True,2,1,SELECTED
257,93.7621768707483,172.26562500000261,93.57641723356009,93.936326530612245,False,True,2,1,SELECTED
258,94.11047619047619,161.49902343750287,93.936326530612245,94.296235827664395,False,True,1,0,SELECTED
259,94.4819954648526,161.4990234374967,94.296235827664395,94.667755102040815,False,True,1,0,SELECTED
260,94.85351473922903,172.26562500000261,94.667755102040815,95.02766439909297,False,True,1,0,SELECTED
261,95.20181405895691,161.4990234374967,95.02766439909297,95.387573696145125,False,True,1,0,SELECTED
262,95.57333333333334,172.26562500000261,95.387573696145125,95.74748299319728,False,True,2,1,SELECTED
263,95.92163265306122,161.4990234374967,95.74748299319728,96.107392290249435,False,True,2,1,SELECTED
264,96.29315192743765,172.26562500000261,96.107392290249435,96.46730158730159,False,True,1,0,SELECTED
265,96.64145124716553,161.49902343750287,96.46730158730159,96.827210884353735,False,True,2,1,SELECTED
266,97.01297052154194,172.2656249999956,96.827210884353735,97.18712018140589,False,True,2,1,SELECTED
267,97.36126984126984,161.49902343750287,97.18712018140589,97.54702947845805,False,True,1,0,SELECTED
268,97.73278911564626,172.2656249999956,97.54702947845805,97.90693877551021,False,True,1,0,SELECTED
269,98.08108843537416,161.49902343750287,97.90693877551021,98.266848072562365,False,True,2,1,SELECTED
270,98.45260770975057,161.4990234374967,98.266848072562365,98.63836734693878,False,True,1,0,SELECTED
271,98.82412698412699,172.26562500000261,98.63836734693878,98.998276643990935,False,True,2,1,SELECTED
272,99.17242630385488,161.49902343750287,98.998276643990935,99.358185941043085,False,True,1,0,SELECTED
273,99.54394557823129,161.4990234374967,99.358185941043085,99.72970521541950,False,True,2,1,SELECTED
274,99.91546485260771,161.49902343750287,99.72970521541950,100.101224489795915,False,True,2,1,SELECTED
275,100.28698412698412,161.4990234374967,100.101224489795915,100.472743764172335,False,True,3,2,SELECTED
276,100.65850340136055,161.49902343750287,100.472743764172335,100.844263038548755,False,True,2,1,SELECTED
277,101.03002267573696,161.4990234374967,100.844263038548755,101.21578231292517,False,True,2,1,SELECTED
278,101.40154195011338,172.26562500000261,101.21578231292517,101.575691609977325,False,True,1,0,SELECTED
279,101.74984126984127,161.4990234374967,101.575691609977325,101.935600907029485,False,True,2,1,SELECTED
280,102.1213605442177,172.26562500000261,101.935600907029485,102.29551020408164,False,True,1,0,SELECTED
281,102.46965986394558,161.49902343750287,102.29551020408164,102.655419501133785,False,True,2,1,SELECTED
282,102.84117913832199,172.2656249999956,102.655419501133785,103.01532879818594,False,True,1,0,SELECTED
283,103.18947845804989,172.26562500000261,103.01532879818594,103.363628117913835,False,True,1,0,SELECTED
284,103.53777777777778,161.4990234374967,103.363628117913835,103.72353741496599,False,True,2,1,SELECTED
285,103.9092970521542,172.26562500000261,103.72353741496599,104.083446712018145,False,True,2,1,SELECTED
286,104.25759637188209,172.26562500000261,104.083446712018145,104.43174603174603,False,True,4,3,SELECTED
287,104.60589569160997,161.4990234374967,104.43174603174603,104.791655328798185,False,True,2,1,SELECTED
288,104.9774149659864,172.26562500000261,104.791655328798185,105.15156462585034,False,True,2,1,SELECTED
289,105.32571428571428,172.2656249999956,105.15156462585034,105.49986394557823,False,True,2,1,SELECTED
290,105.67401360544218,161.49902343750287,105.49986394557823,105.85977324263039,False,True,1,0,SELECTED
291,106.0455328798186,172.26562500000261,105.85977324263039,106.21968253968254,False,True,1,0,SELECTED
292,106.39383219954648,172.2656249999956,106.21968253968254,106.56798185941043,False,True,1,0,SELECTED
293,106.74213151927438,161.49902343750287,106.56798185941043,106.927891156462585,False,True,1,0,SELECTED
294,107.11365079365079,172.2656249999956,106.927891156462585,107.28780045351474,False,True,2,1,SELECTED
295,107.46195011337869,172.26562500000261,107.28780045351474,107.636099773242635,False,True,2,1,SELECTED
296,107.81024943310658,161.49902343750287,107.636099773242635,107.996009070294785,False,True,2,1,SELECTED
297,108.18176870748299,172.2656249999956,107.996009070294785,108.35591836734694,False,True,2,1,SELECTED
298,108.53006802721089,161.49902343750287,108.35591836734694,108.715827664399095,False,True,1,0,SELECTED
299,108.9015873015873,172.2656249999956,108.715827664399095,109.07573696145125,False,True,2,1,SELECTED
300,109.2498866213152,161.49902343750287,109.07573696145125,109.435646258503405,False,True,2,1,SELECTED
301,109.62140589569161,172.26562500000261,109.435646258503405,109.795555555555555,False,True,1,0,SELECTED
302,109.9697052154195,161.4990234374967,109.795555555555555,110.15546485260771,False,True,1,0,SELECTED
303,110.34122448979592,172.26562500000261,110.15546485260771,110.51537414965986,False,True,1,0,SELECTED
304,110.6895238095238,161.4990234374967,110.51537414965986,110.875283446712015,False,True,4,3,SELECTED
305,111.06104308390023,161.49902343750287,110.875283446712015,111.246802721088435,False,True,2,1,SELECTED
306,111.43256235827664,172.2656249999956,111.246802721088435,111.60671201814059,False,True,2,1,SELECTED
307,111.78086167800454,172.26562500000261,111.60671201814059,111.955011337868485,False,True,2,1,SELECTED
308,112.12916099773243,161.49902343750287,111.955011337868485,112.314920634920635,False,True,2,1,SELECTED
309,112.50068027210884,172.2656249999956,112.314920634920635,112.67482993197279,False,True,2,1,SELECTED
310,112.84897959183674,161.49902343750287,112.67482993197279,113.034739229024945,False,True,1,0,SELECTED
311,113.22049886621315,172.2656249999956,113.034739229024945,113.39464852607710,False,True,2,1,SELECTED
312,113.56879818594105,161.49902343750287,113.39464852607710,113.754557823129255,False,True,2,1,SELECTED
313,113.94031746031746,161.4990234374967,113.754557823129255,114.12607709750567,False,True,2,1,SELECTED
314,114.31183673469388,172.26562500000261,114.12607709750567,114.485986394557825,False,True,1,0,SELECTED
315,114.66013605442177,161.49902343750287,114.485986394557825,114.845895691609975,False,True,1,0,SELECTED
316,115.03165532879818,161.4990234374967,114.845895691609975,115.21741496598639,False,True,2,1,SELECTED
317,115.4031746031746,161.49902343750287,115.21741496598639,115.58893424036281,False,True,1,0,SELECTED
318,115.77469387755102,161.4990234374967,115.58893424036281,115.96045351473923,False,True,1,0,SELECTED
319,116.14621315192744,161.49902343750287,115.96045351473923,116.331972789115645,False,True,2,1,SELECTED
320,116.51773242630385,161.4990234374967,116.331972789115645,116.703492063492065,False,True,2,1,SELECTED
321,116.88925170068028,161.49902343750287,116.703492063492065,117.075011337868485,False,True,1,0,SELECTED
322,117.26077097505669,161.4990234374967,117.075011337868485,117.44653061224490,False,True,2,1,SELECTED
323,117.63229024943311,161.49902343750287,117.44653061224490,117.818049886621315,False,True,2,1,SELECTED
324,118.00380952380952,161.4990234374967,117.818049886621315,118.189569160997735,False,True,1,0,SELECTED
325,118.37532879818595,172.26562500000261,118.189569160997735,118.54947845804989,False,True,1,0,SELECTED
326,118.72362811791383,161.49902343750287,118.54947845804989,118.909387755102035,False,True,2,1,SELECTED
327,119.09514739229024,172.2656249999956,118.909387755102035,119.26929705215419,False,True,2,1,SELECTED
328,119.44344671201814,161.49902343750287,119.26929705215419,119.629206349206345,False,True,2,1,SELECTED
329,119.81496598639455,172.2656249999956,119.629206349206345,119.98911564625850,False,True,1,0,SELECTED
330,120.16326530612245,161.49902343750287,119.98911564625850,120.34902494331066,False,True,2,1,SELECTED
331,120.53478458049887,172.26562500000261,120.34902494331066,120.70893424036281,False,True,1,0,SELECTED
332,120.88308390022675,161.4990234374967,120.70893424036281,121.068843537414965,False,True,1,0,SELECTED
333,121.25460317460318,172.26562500000261,121.068843537414965,121.42875283446712,False,True,2,1,SELECTED
334,121.60290249433106,161.4990234374967,121.42875283446712,121.788662131519275,False,True,1,0,SELECTED
335,121.97442176870749,172.26562500000261,121.788662131519275,122.14857142857143,False,True,2,1,SELECTED
336,122.32272108843537,161.4990234374967,122.14857142857143,122.508480725623585,False,True,2,1,SELECTED
337,122.6942403628118,161.49902343750287,122.508480725623585,122.880000000000005,False,True,1,0,SELECTED
338,123.06575963718821,172.26562500000261,122.880000000000005,123.239909297052155,False,True,1,0,SELECTED
339,123.4140589569161,161.4990234374967,123.239909297052155,123.59981859410431,False,True,2,1,SELECTED
340,123.78557823129252,172.26562500000261,123.59981859410431,123.95972789115646,False,True,2,1,SELECTED
341,124.1338775510204,161.4990234374967,123.95972789115646,124.319637188208615,False,True,2,1,SELECTED
342,124.50539682539683,172.26562500000261,124.319637188208615,124.679546485260775,False,True,2,1,SELECTED
343,124.85369614512472,161.4990234374967,124.679546485260775,125.03945578231293,False,True,1,0,SELECTED
344,125.22521541950114,172.26562500000261,125.03945578231293,125.399365079365085,False,True,2,1,SELECTED
345,125.57351473922903,161.49902343750287,125.399365079365085,125.759274376417235,False,True,1,0,SELECTED
346,125.94503401360544,172.2656249999956,125.759274376417235,126.11918367346939,False,True,2,1,SELECTED
347,126.29333333333334,161.49902343750287,126.11918367346939,126.479092970521545,False,True,2,1,SELECTED
348,126.66485260770975,172.2656249999956,126.479092970521545,126.83900226757370,False,True,2,1,SELECTED
349,127.01315192743765,172.26562500000261,126.83900226757370,127.18730158730159,False,True,2,1,SELECTED
350,127.36145124716553,161.49902343750287,127.18730158730159,127.547210884353735,False,True,2,1,SELECTED
351,127.73297052154194,172.26562500000261,127.547210884353735,127.907120181405885,False,True,2,1,SELECTED
352,128.08126984126983,161.4990234374967,127.907120181405885,128.26702947845804,False,True,2,1,SELECTED
353,128.45278911564625,172.26562500000261,128.26702947845804,128.626938775510195,False,True,2,1,SELECTED
354,128.80108843537414,161.4990234374967,128.626938775510195,128.986848072562355,False,True,2,1,SELECTED
355,129.17260770975057,172.26562500000261,128.986848072562355,129.34675736961451,False,True,2,1,SELECTED
356,129.52090702947845,161.4990234374967,129.34675736961451,129.706666666666665,False,True,1,0,SELECTED
357,129.89242630385488,172.26562500000261,129.706666666666665,130.06657596371882,False,True,2,1,SELECTED
358,130.24072562358276,161.4990234374967,130.06657596371882,130.42648526077098,False,True,1,0,SELECTED
359,130.6122448979592,172.26562500000261,130.42648526077098,130.786394557823135,False,True,2,1,SELECTED
360,130.96054421768707,161.4990234374967,130.786394557823135,131.146303854875285,False,True,3,2,SELECTED
361,131.3320634920635,172.26562500000261,131.146303854875285,131.50621315192744,False,True,2,1,SELECTED
362,131.68036281179138,161.4990234374967,131.50621315192744,131.86612244897959,False,True,1,0,SELECTED
363,132.0518820861678,172.26562500000261,131.86612244897959,132.22603174603175,False,True,1,0,SELECTED
364,132.4001814058957,161.4990234374967,132.22603174603175,132.58594104308391,False,True,2,1,SELECTED
365,132.77170068027212,172.26562500000261,132.58594104308391,132.94585034013606,False,True,2,1,SELECTED
366,133.12,161.4990234374967,132.94585034013606,133.305759637188215,False,True,1,0,SELECTED
367,133.49151927437643,172.26562500000261,133.305759637188215,133.665668934240375,False,True,2,1,SELECTED
368,133.83981859410432,161.49902343750904,133.665668934240375,134.02557823129251,False,True,2,1,SELECTED
369,134.2113378684807,172.26562499998857,134.02557823129251,134.385487528344665,False,True,2,1,SELECTED
370,134.55963718820863,161.49902343750904,134.385487528344665,134.745396825396825,False,True,1,0,SELECTED
371,134.93115646258502,172.26562499998857,134.745396825396825,135.10530612244898,False,True,1,0,SELECTED
372,135.27945578231294,161.49902343750904,135.10530612244898,135.465215419501135,False,True,1,0,SELECTED
373,135.65097505668933,172.26562499998857,135.465215419501135,135.82512471655329,False,True,1,0,SELECTED
374,135.99927437641725,161.49902343750904,135.82512471655329,136.185034013605445,False,True,1,0,SELECTED
375,136.37079365079364,172.26562500000261,136.185034013605445,136.544943310657585,False,True,2,1,SELECTED
376,136.71909297052153,161.4990234374967,136.544943310657585,136.90485260770974,False,True,1,0,SELECTED
377,137.09061224489795,172.26562500000261,136.90485260770974,137.264761904761895,False,True,2,1,SELECTED
378,137.43891156462584,161.4990234374967,137.264761904761895,137.624671201814055,False,True,2,1,SELECTED
379,137.81043083900227,172.26562500000261,137.624671201814055,137.98458049886621,False,True,2,1,SELECTED
380,138.15873015873015,172.26562500000261,137.98458049886621,138.332879818594095,False,True,1,0,SELECTED
381,138.50702947845804,161.4990234374967,138.332879818594095,138.69278911564625,False,True,1,0,SELECTED
382,138.87854875283446,172.26562500000261,138.69278911564625,139.052698412698405,False,True,1,0,SELECTED
383,139.22684807256235,161.4990234374967,139.052698412698405,139.41260770975056,False,True,2,1,SELECTED
384,139.59836734693877,172.26562500000261,139.41260770975056,139.772517006802715,False,True,2,1,SELECTED
385,139.94666666666666,161.4990234374967,139.772517006802715,140.13242630385487,False,True,2,1,SELECTED
386,140.31818594104308,161.4990234374967,140.13242630385487,140.50394557823129,False,True,1,0,SELECTED
387,140.6897052154195,172.26562500000261,140.50394557823129,140.86385487528345,False,True,2,1,SELECTED
388,141.0380045351474,161.4990234374967,140.86385487528345,141.22376417233561,False,True,1,0,SELECTED
389,141.40952380952382,161.49902343750904,141.22376417233561,141.59528344671202,False,True,2,1,SELECTED
390,141.78104308390022,172.26562499998857,141.59528344671202,141.955192743764175,False,True,2,1,SELECTED
391,142.12934240362813,161.49902343750904,141.955192743764175,142.31510204081633,False,True,2,1,SELECTED
392,142.50086167800453,161.4990234374967,142.31510204081633,142.68662131519274,False,True,1,0,SELECTED
393,142.87238095238095,172.26562500000261,142.68662131519274,143.046530612244895,False,True,1,0,SELECTED
394,143.22068027210884,161.4990234374967,143.046530612244895,143.40643990929705,False,True,2,1,SELECTED
395,143.59219954648526,172.26562500000261,143.40643990929705,143.766349206349205,False,True,2,1,SELECTED
396,143.94049886621315,172.26562500000261,143.766349206349205,144.11464852607709,False,True,1,0,SELECTED
397,144.28879818594103,161.4990234374967,144.11464852607709,144.474557823129245,False,True,2,1,SELECTED
398,144.66031746031746,172.26562500000261,144.474557823129245,144.83446712018140,False,True,1,0,SELECTED
399,145.00861678004534,161.4990234374967,144.83446712018140,145.194376417233555,False,True,2,1,SELECTED
400,145.38013605442177,172.26562500000261,145.194376417233555,145.55428571428571,False,True,1,0,SELECTED
401,145.72843537414965,161.4990234374967,145.55428571428571,145.914195011337865,False,True,2,1,SELECTED
402,146.09995464852608,172.26562500000261,145.914195011337865,146.274104308390025,False,True,2,1,SELECTED
403,146.44825396825397,172.26562500000261,146.274104308390025,146.62240362811791,False,True,1,0,SELECTED
404,146.79655328798185,161.4990234374967,146.62240362811791,146.982312925170065,False,True,3,2,SELECTED
405,147.16807256235828,172.26562500000261,146.982312925170065,147.34222222222222,False,True,4,3,SELECTED
406,147.51637188208616,161.4990234374967,147.34222222222222,147.70213151927438,False,True,3,2,SELECTED
407,147.8878911564626,172.26562500000261,147.70213151927438,148.062040816326535,False,True,4,3,SELECTED
408,148.23619047619047,172.26562500000261,148.062040816326535,148.410340136054415,False,True,4,3,SELECTED
409,148.58448979591836,161.4990234374967,148.410340136054415,148.77024943310657,False,True,2,1,SELECTED
410,148.95600907029478,172.26562500000261,148.77024943310657,149.130158730158725,False,True,3,2,SELECTED
411,149.30430839002267,172.26562500000261,149.130158730158725,149.47845804988661,False,True,2,1,SELECTED
412,149.65260770975055,161.4990234374967,149.47845804988661,149.838367346938765,False,True,2,1,SELECTED
413,150.02412698412698,161.4990234374967,149.838367346938765,150.20988662131519,False,True,3,2,SELECTED
414,150.3956462585034,172.26562500000261,150.20988662131519,150.56979591836735,False,True,3,2,SELECTED
415,150.7439455782313,161.4990234374967,150.56979591836735,150.92970521541951,False,True,2,1,SELECTED
416,151.11546485260772,161.4990234374967,150.92970521541951,151.30122448979593,False,True,3,2,SELECTED
417,151.48698412698414,161.49902343750904,151.30122448979593,151.67274376417234,False,True,2,1,SELECTED
418,151.85850340136054,161.4990234374967,151.67274376417234,152.04426303854875,False,True,1,0,SELECTED
419,152.23002267573696,161.4990234374967,152.04426303854875,152.41578231292518,False,True,3,2,SELECTED
420,152.6015419501134,151.99908088235597,152.41578231292518,152.79891156462586,False,True,2,1,SELECTED
421,152.99628117913832,161.4990234374967,152.79891156462586,153.182040816326535,False,True,1,0,SELECTED
422,153.36780045351475,161.49902343750904,153.182040816326535,153.553560090702945,False,True,1,0,SELECTED
423,153.73931972789114,172.26562499998857,153.553560090702945,153.91346938775510,False,True,1,0,SELECTED
424,154.08761904761906,161.49902343750904,153.91346938775510,154.273378684807255,False,True,2,1,SELECTED
425,154.45913832199545,161.4990234374967,154.273378684807255,154.644897959183665,False,True,1,0,SELECTED
426,154.83065759637188,172.26562500000261,154.644897959183665,155.00480725623582,False,True,2,1,SELECTED
427,155.17895691609976,172.26562500000261,155.00480725623582,155.353106575963705,False,True,2,1,SELECTED
428,155.52725623582765,161.4990234374967,155.353106575963705,155.713015873015865,False,True,2,1,SELECTED
429,155.89877551020408,172.26562500000261,155.713015873015865,156.07292517006802,False,True,2,1,SELECTED
430,156.24707482993196,161.4990234374967,156.07292517006802,156.43283446712018,False,True,3,2,SELECTED
431,156.6185941043084,172.26562500000261,156.43283446712018,156.792743764172335,False,True,1,0,SELECTED
432,156.96689342403627,161.4990234374967,156.792743764172335,157.152653061224485,False,True,1,0,SELECTED
433,157.3384126984127,161.4990234374967,157.152653061224485,157.52417233560091,False,True,1,0,SELECTED
434,157.70993197278912,161.4990234374967,157.52417233560091,157.895691609977335,False,True,2,1,SELECTED
435,158.08145124716555,161.49902343750904,157.895691609977335,158.267210884353745,False,True,2,1,SELECTED
436,158.45297052154194,172.26562500000261,158.267210884353745,158.627120181405885,False,True,1,0,SELECTED
437,158.80126984126983,161.4990234374967,158.627120181405885,158.98702947845804,False,True,2,1,SELECTED
438,159.17278911564625,161.4990234374967,158.98702947845804,159.358548752834465,False,True,3,2,SELECTED
439,159.54430839002268,161.4990234374967,159.358548752834465,159.73006802721089,False,True,2,1,SELECTED
440,159.9158276643991,172.26562500000261,159.73006802721089,160.08997732426305,False,True,3,2,SELECTED
441,160.264126984127,172.26562500000261,160.08997732426305,160.438276643990935,False,True,2,1,SELECTED
442,160.61242630385487,161.4990234374967,160.438276643990935,160.798185941043085,False,True,1,0,SELECTED
443,160.9839455782313,172.26562500000261,160.798185941043085,161.158095238095245,False,True,3,2,SELECTED
444,161.33224489795919,172.26562500000261,161.158095238095245,161.50639455782313,False,True,5,4,SELECTED
445,161.68054421768707,161.4990234374967,161.50639455782313,161.866303854875285,False,True,2,1,SELECTED
446,162.0520634920635,172.26562500000261,161.866303854875285,162.22621315192744,False,True,2,1,SELECTED
447,162.40036281179138,161.4990234374967,162.22621315192744,162.58612244897959,False,True,1,0,SELECTED
448,162.7718820861678,161.4990234374967,162.58612244897959,162.957641723356015,False,True,3,2,SELECTED
449,163.14340136054423,161.49902343750904,162.957641723356015,163.32916099773243,False,True,2,1,SELECTED
450,163.51492063492063,161.4990234374967,163.32916099773243,163.70068027210884,False,True,1,0,SELECTED
451,163.88643990929705,172.26562500000261,163.70068027210884,164.060589569160995,False,True,2,1,SELECTED
452,164.23473922902494,161.4990234374967,164.060589569160995,164.42049886621315,False,True,3,2,SELECTED
453,164.60625850340136,161.4990234374967,164.42049886621315,164.79201814058958,False,True,3,2,SELECTED
454,164.9777777777778,161.49902343750904,164.79201814058958,165.16353741496599,False,True,1,0,SELECTED
455,165.34929705215418,172.26562499998857,165.16353741496599,165.52344671201814,False,True,1,0,SELECTED
456,165.6975963718821,161.49902343750904,165.52344671201814,165.8833560090703,False,True,2,1,SELECTED
457,166.0691156462585,172.26562500000261,165.8833560090703,166.24326530612244,False,True,2,1,SELECTED
458,166.41741496598638,161.4990234374967,166.24326530612244,166.60317460317459,False,True,3,2,SELECTED
459,166.7889342403628,172.26562500000261,166.60317460317459,166.96308390022675,False,True,1,0,SELECTED
460,167.1372335600907,172.26562499998857,166.96308390022675,167.31138321995465,False,True,2,1,SELECTED
461,167.4855328798186,172.26562500000261,167.31138321995465,167.65968253968255,False,True,3,2,SELECTED
462,167.8338321995465,161.49902343750904,167.65968253968255,168.0195918367347,False,True,1,0,SELECTED
463,168.2053514739229,172.26562499998857,168.0195918367347,168.37950113378685,False,True,2,1,SELECTED
464,168.5536507936508,161.49902343750904,168.37950113378685,168.7394104308390,False,True,2,1,SELECTED
465,168.9251700680272,172.26562499998857,168.7394104308390,169.09931972789115,False,True,2,1,SELECTED
466,169.2734693877551,172.26562500000261,169.09931972789115,169.44761904761905,False,True,2,1,SELECTED
467,169.621768707483,161.4990234374967,169.44761904761905,169.80752834467121,False,True,1,0,SELECTED
468,169.99328798185942,172.26562500000261,169.80752834467121,170.16743764172336,False,True,3,2,SELECTED
469,170.3415873015873,161.49902343750904,170.16743764172336,170.5273469387755,False,True,2,1,SELECTED
470,170.7131065759637,172.26562499998857,170.5273469387755,170.88725623582766,False,True,2,1,SELECTED
471,171.06140589569162,161.49902343750904,170.88725623582766,171.24716553287982,False,True,2,1,SELECTED
472,171.43292517006802,172.26562499998857,171.24716553287982,171.607074829931975,False,True,2,1,SELECTED
473,171.78122448979593,161.49902343750904,171.607074829931975,171.96698412698413,False,True,2,1,SELECTED
474,172.15274376417233,172.26562500000261,171.96698412698413,172.326893424036265,False,True,3,2,SELECTED
475,172.5010430839002,161.4990234374967,172.326893424036265,172.68680272108842,False,True,1,0,SELECTED
476,172.87256235827664,172.26562500000261,172.68680272108842,173.04671201814058,False,True,2,1,SELECTED
477,173.22086167800452,161.4990234374967,173.04671201814058,173.406621315192735,False,True,2,1,SELECTED
478,173.59238095238095,172.26562500000261,173.406621315192735,173.766530612244895,False,True,2,1,SELECTED
479,173.94068027210884,161.4990234374967,173.766530612244895,174.12643990929705,False,True,3,2,SELECTED
480,174.31219954648526,161.4990234374967,174.12643990929705,174.497959183673475,False,True,2,1,SELECTED
481,174.68371882086169,172.26562500000261,174.497959183673475,174.85786848072563,False,True,2,1,SELECTED
482,175.03201814058957,161.4990234374967,174.85786848072563,175.217777777777785,False,True,3,2,SELECTED
483,175.403537414966,172.26562500000261,175.217777777777785,175.57768707482994,False,True,3,2,SELECTED
484,175.75183673469388,161.4990234374967,175.57768707482994,175.93759637188209,False,True,3,2,SELECTED
485,176.1233560090703,172.26562500000261,175.93759637188209,176.29750566893425,False,True,3,2,SELECTED
486,176.4716553287982,161.4990234374967,176.29750566893425,176.65741496598641,False,True,3,2,SELECTED
487,176.84317460317462,172.26562500000261,176.65741496598641,177.01732426303856,False,True,1,0,SELECTED
488,177.1914739229025,161.49902343750904,177.01732426303856,177.3772335600907,False,True,2,1,SELECTED
489,177.5629931972789,172.26562499998857,177.3772335600907,177.73714285714285,False,True,1,0,SELECTED
490,177.9112925170068,161.49902343750904,177.73714285714285,178.0970521541950,False,True,1,0,SELECTED
491,178.2828117913832,172.26562499998857,178.0970521541950,178.45696145124716,False,True,2,1,SELECTED
492,178.63111111111112,161.49902343750904,178.45696145124716,178.81687074829932,False,True,1,0,SELECTED
493,179.00263038548752,161.4990234374967,178.81687074829932,179.188390022675735,False,True,1,0,SELECTED
494,179.37414965986395,172.26562500000261,179.188390022675735,179.54829931972789,False,True,1,0,SELECTED
495,179.72244897959183,161.4990234374967,179.54829931972789,179.908208616780045,False,True,1,0,SELECTED
496,180.09396825396826,161.4990234374967,179.908208616780045,180.27972789115647,False,True,2,1,SELECTED
497,180.46548752834468,161.49902343750904,180.27972789115647,180.65124716553288,False,True,2,1,SELECTED
498,180.83700680272108,161.4990234374967,180.65124716553288,181.02276643990929,False,True,3,2,SELECTED
499,181.2085260770975,161.4990234374967,181.02276643990929,181.394285714285715,False,True,1,0,SELECTED
500,181.58004535147393,172.26562500000261,181.394285714285715,181.754195011337865,False,True,3,2,SELECTED
501,181.9283446712018,161.4990234374967,181.754195011337865,182.11410430839002,False,True,2,1,SELECTED
502,182.29986394557824,172.26562500000261,182.11410430839002,182.47401360544218,False,True,3,2,SELECTED
503,182.64816326530612,161.4990234374967,182.47401360544218,182.833922902494335,False,True,1,0,SELECTED
504,183.01968253968255,172.26562500000261,182.833922902494335,183.19383219954649,False,True,2,1,SELECTED
505,183.36798185941043,172.26562500000261,183.19383219954649,183.542131519274375,False,True,0,0,EMPTY
506,183.71628117913832,172.26562500000261,183.542131519274375,183.89043083900226,False,True,3,2,SELECTED
507,184.0645804988662,161.4990234374967,183.89043083900226,184.250340136054415,False,True,3,2,SELECTED
508,184.43609977324263,172.26562500000261,184.250340136054415,184.610249433106575,False,True,2,1,SELECTED
509,184.78439909297052,161.4990234374967,184.610249433106575,184.97015873015873,False,True,2,1,SELECTED
510,185.15591836734694,172.26562500000261,184.97015873015873,185.330068027210885,False,True,2,1,SELECTED
511,185.50421768707483,161.4990234374967,185.330068027210885,185.68997732426304,False,True,1,0,SELECTED
512,185.87573696145125,161.4990234374967,185.68997732426304,186.061496598639465,False,True,2,1,SELECTED
513,186.24725623582768,161.49902343750904,186.061496598639465,186.433015873015875,False,True,2,1,SELECTED
514,186.61877551020407,161.4990234374967,186.433015873015875,186.804535147392285,False,True,2,1,SELECTED
515,186.9902947845805,161.4990234374967,186.804535147392285,187.17605442176871,False,True,2,1,SELECTED
516,187.36181405895692,161.49902343750904,187.17605442176871,187.54757369614512,False,True,3,2,SELECTED
517,187.73333333333332,172.26562499998857,187.54757369614512,187.907482993197275,False,True,2,1,SELECTED
518,188.08163265306123,161.49902343750904,187.907482993197275,188.26739229024943,False,True,1,0,SELECTED
519,188.45315192743763,172.26562499998857,188.26739229024943,188.62730158730159,False,True,1,0,SELECTED
520,188.80145124716555,172.26562500000261,188.62730158730159,188.97560090702949,False,True,1,0,SELECTED
521,189.14975056689343,172.26562500000261,188.97560090702949,189.323900226757375,False,True,2,1,SELECTED
522,189.49804988662132,161.4990234374967,189.323900226757375,189.68380952380953,False,True,1,0,SELECTED
523,189.86956916099774,172.26562500000261,189.68380952380953,190.043718820861685,False,True,1,0,SELECTED
524,190.21786848072563,172.26562500000261,190.043718820861685,190.392018140589565,False,True,2,1,SELECTED
525,190.5661678004535,172.26562500000261,190.392018140589565,190.74031746031745,False,True,1,0,SELECTED
526,190.9144671201814,172.26562500000261,190.74031746031745,191.088616780045345,False,True,1,0,SELECTED
527,191.26276643990929,172.26562499998857,191.088616780045345,191.436916099773245,False,True,1,0,SELECTED
528,191.6110657596372,172.26562500000261,191.436916099773245,191.785215419501145,False,True,2,1,SELECTED
529,191.95936507936509,161.4990234374967,191.785215419501145,192.145124716553295,False,True,2,1,SELECTED
530,192.3308843537415,172.26562500000261,192.145124716553295,192.50503401360545,False,True,1,0,SELECTED
531,192.6791836734694,172.26562500000261,192.50503401360545,192.85333333333334,False,True,2,1,SELECTED
532,193.02748299319728,172.26562500000261,192.85333333333334,193.201632653061225,False,True,1,0,SELECTED
533,193.37578231292517,172.26562500000261,193.201632653061225,193.54993197278911,False,True,2,1,SELECTED
534,193.72408163265305,172.26562500000261,193.54993197278911,193.898231292516995,False,True,2,1,SELECTED
535,194.07238095238094,161.4990234374967,193.898231292516995,194.25814058956915,False,True,1,0,SELECTED
536,194.44390022675736,172.26562500000261,194.25814058956915,194.618049886621305,False,True,1,0,SELECTED
537,194.79219954648525,172.26562499998857,194.618049886621305,194.966349206349205,False,True,2,1,SELECTED
538,195.14049886621316,172.26562500000261,194.966349206349205,195.314648526077105,False,True,5,4,SELECTED
539,195.48879818594105,161.49902343750904,195.314648526077105,195.67455782312925,False,True,1,0,SELECTED
540,195.86031746031745,172.26562499998857,195.67455782312925,196.034467120181405,False,True,2,1,SELECTED
541,196.20861678004536,172.26562500000261,196.034467120181405,196.382766439909305,False,True,1,0,SELECTED
542,196.55691609977325,172.26562500000261,196.382766439909305,196.73106575963719,False,True,1,0,SELECTED
543,196.90521541950113,161.4990234374967,196.73106575963719,197.090975056689345,False,True,2,1,SELECTED
544,197.27673469387756,172.26562500000261,197.090975056689345,197.45088435374150,False,True,3,2,SELECTED
545,197.62503401360544,172.26562500000261,197.45088435374150,197.799183673469385,False,True,3,2,SELECTED
546,197.97333333333333,161.4990234374967,197.799183673469385,198.15909297052154,False,True,1,0,SELECTED
547,198.34485260770975,172.26562500000261,198.15909297052154,198.519002267573695,False,True,0,0,EMPTY
548,198.69315192743764,161.4990234374967,198.519002267573695,198.87891156462585,False,True,1,0,SELECTED
549,199.06467120181406,172.26562500000261,198.87891156462585,199.238820861678005,False,True,1,0,SELECTED
550,199.41297052154195,172.26562500000261,199.238820861678005,199.587120181405895,False,True,1,0,SELECTED
551,199.76126984126984,161.4990234374967,199.587120181405895,199.94702947845805,False,True,1,0,SELECTED
552,200.13278911564626,172.26562500000261,199.94702947845805,200.306938775510205,False,True,1,0,SELECTED
553,200.48108843537415,161.4990234374967,200.306938775510205,200.66684807256236,False,True,0,0,EMPTY
554,200.85260770975057,172.26562500000261,200.66684807256236,201.026757369614515,False,True,1,0,SELECTED
555,201.20090702947846,161.4990234374967,201.026757369614515,201.38666666666667,False,True,1,0,SELECTED
556,201.57242630385488,172.26562500000261,201.38666666666667,201.746575963718825,False,True,2,1,SELECTED
557,201.92072562358277,172.26562500000261,201.746575963718825,202.09487528344671,False,True,2,1,SELECTED
558,202.26902494331065,161.4990234374967,202.09487528344671,202.454784580498865,False,True,2,1,SELECTED
559,202.64054421768708,172.26562500000261,202.454784580498865,202.814693877551025,False,True,2,1,SELECTED
560,202.98884353741497,172.26562500000261,202.814693877551025,203.16299319727891,False,True,2,1,SELECTED
561,203.33714285714285,172.26562500000261,203.16299319727891,203.511292517006795,False,True,2,1,SELECTED
562,203.68544217687074,161.4990234374967,203.511292517006795,203.87120181405895,False,True,2,1,SELECTED
563,204.05696145124716,172.26562500000261,203.87120181405895,204.231111111111105,False,True,1,0,SELECTED
564,204.40526077097505,172.26562499998857,204.231111111111105,204.579410430839005,False,True,1,0,SELECTED
565,204.75356009070296,161.49902343750904,204.579410430839005,204.93931972789116,False,True,2,1,SELECTED
566,205.12507936507936,172.26562500000261,204.93931972789116,205.29922902494330,False,True,1,0,SELECTED
567,205.47337868480724,161.4990234374967,205.29922902494330,205.659138321995455,False,True,2,1,SELECTED
568,205.84489795918367,172.26562500000261,205.659138321995455,206.01904761904761,False,True,1,0,SELECTED
569,206.19319727891155,161.4990234374967,206.01904761904761,206.378956916099765,False,True,2,1,SELECTED
570,206.56471655328798,161.4990234374967,206.378956916099765,206.75047619047619,False,True,1,0,SELECTED
571,206.9362358276644,161.4990234374967,206.75047619047619,207.121995464852615,False,True,2,1,SELECTED
572,207.30775510204083,161.49902343750904,207.121995464852615,207.49351473922903,False,True,3,2,SELECTED
573,207.67927437641723,161.4990234374967,207.49351473922903,207.86503401360544,False,True,0,0,EMPTY
574,208.05079365079365,151.99908088235597,207.86503401360544,208.248163265306125,False,True,0,0,EMPTY
575,208.4455328798186,161.4990234374967,208.248163265306125,208.6312925170068,False,True,0,0,EMPTY
576,208.817052154195,151.99908088235597,208.6312925170068,209.014421768707475,False,True,0,0,EMPTY
577,209.21179138321995,161.4990234374967,209.014421768707475,209.39755102040816,False,True,1,0,SELECTED
578,209.58331065759637,161.4990234374967,209.39755102040816,209.769070294784585,False,True,2,1,SELECTED
579,209.9548299319728,161.49902343750904,209.769070294784585,210.1405895691610,False,True,2,1,SELECTED
580,210.3263492063492,161.4990234374967,210.1405895691610,210.51210884353741,False,True,3,2,SELECTED
581,210.69786848072562,161.4990234374967,210.51210884353741,210.88362811791383,False,True,4,3,SELECTED
582,211.06938775510204,172.26562500000261,210.88362811791383,211.243537414965985,False,True,3,2,SELECTED
583,211.41768707482993,161.4990234374967,211.243537414965985,211.60344671201814,False,True,4,3,SELECTED
584,211.78920634920635,172.26562500000261,211.60344671201814,211.963356009070295,False,True,2,1,SELECTED
585,212.13750566893424,161.4990234374967,211.963356009070295,212.32326530612245,False,True,2,1,SELECTED
586,212.50902494331066,172.26562500000261,212.32326530612245,212.683174603174605,False,True,2,1,SELECTED
587,212.85732426303855,172.26562500000261,212.683174603174605,213.031473922902495,False,True,2,1,SELECTED
588,213.20562358276644,161.4990234374967,213.031473922902495,213.39138321995465,False,True,2,1,SELECTED
589,213.57714285714286,172.26562500000261,213.39138321995465,213.751292517006805,False,True,2,1,SELECTED
590,213.92544217687075,172.26562500000261,213.751292517006805,214.09959183673469,False,True,1,0,SELECTED
591,214.27374149659863,161.4990234374967,214.09959183673469,214.459501133786845,False,True,3,2,SELECTED
592,214.64526077097506,172.26562500000261,214.459501133786845,214.81941043083900,False,True,2,1,SELECTED
593,214.99356009070294,172.26562500000261,214.81941043083900,215.167709750566885,False,True,2,1,SELECTED
594,215.34185941043083,161.4990234374967,215.167709750566885,215.52761904761904,False,True,2,1,SELECTED
595,215.71337868480725,172.26562500000261,215.52761904761904,215.887528344671195,False,True,1,0,SELECTED
596,216.06167800453514,172.26562500000261,215.887528344671195,216.23582766439908,False,True,1,0,SELECTED
597,216.40997732426302,161.4990234374967,216.23582766439908,216.595736961451235,False,True,2,1,SELECTED
598,216.78149659863945,172.26562500000261,216.595736961451235,216.955646258503395,False,True,2,1,SELECTED
599,217.12979591836734,172.26562499998857,216.955646258503395,217.303945578231295,False,True,1,0,SELECTED
600,217.47809523809525,172.26562500000261,217.303945578231295,217.652244897959195,False,True,1,0,SELECTED
601,217.82639455782314,161.4990234374967,217.652244897959195,218.01215419501135,False,True,2,1,SELECTED
602,218.19791383219956,172.26562500000261,218.01215419501135,218.372063492063505,False,True,3,2,SELECTED
603,218.54621315192745,161.49902343750904,218.372063492063505,218.731972789115645,False,True,2,1,SELECTED
604,218.91773242630384,161.4990234374967,218.731972789115645,219.103492063492055,False,True,3,2,SELECTED
605,219.28925170068027,161.4990234374967,219.103492063492055,219.475011337868485,False,True,2,1,SELECTED
606,219.6607709750567,151.99908088235597,219.475011337868485,219.858140589569165,False,True,4,3,SELECTED
607,220.05551020408163,151.99908088235597,219.858140589569165,220.252879818594095,False,True,2,1,SELECTED
608,220.45024943310656,161.4990234374967,220.252879818594095,220.63600907029478,False,True,1,0,SELECTED
609,220.821768707483,161.4990234374967,220.63600907029478,221.0075283446712,False,True,1,0,SELECTED
610,221.1932879818594,161.4990234374967,221.0075283446712,221.37904761904762,False,True,1,0,SELECTED
611,221.56480725623584,151.99908088235597,221.37904761904762,221.762176870748305,False,True,3,2,SELECTED
612,221.95954648526077,161.4990234374967,221.762176870748305,222.145306122448985,False,True,1,0,SELECTED
613,222.3310657596372,161.49902343750904,222.145306122448985,222.5168253968254,False,True,2,1,SELECTED
614,222.7025850340136,161.4990234374967,222.5168253968254,222.88834467120181,False,True,1,0,SELECTED
615,223.07410430839002,172.26562500000261,222.88834467120181,223.24825396825396,False,True,2,1,SELECTED
616,223.4224036281179,161.4990234374967,223.24825396825396,223.608163265306115,False,True,1,0,SELECTED
617,223.79392290249433,172.26562500000261,223.608163265306115,223.968072562358275,False,True,1,0,SELECTED
618,224.14222222222222,161.4990234374967,223.968072562358275,224.32798185941043,False,True,1,0,SELECTED
619,224.51374149659864,172.26562500000261,224.32798185941043,224.687891156462585,False,True,2,1,SELECTED
620,224.86204081632653,161.4990234374967,224.687891156462585,225.04780045351474,False,True,2,1,SELECTED
621,225.23356009070295,172.26562500000261,225.04780045351474,225.407709750566895,False,True,2,1,SELECTED
622,225.58185941043084,172.26562500000261,225.407709750566895,225.75600907029478,False,True,1,0,SELECTED
623,225.93015873015872,172.26562500000261,225.75600907029478,226.10430839002266,False,True,2,1,SELECTED
624,226.2784580498866,161.4990234374967,226.10430839002266,226.464217687074815,False,True,2,1,SELECTED
625,226.64997732426303,172.26562500000261,226.464217687074815,226.824126984126975,False,True,1,0,SELECTED
626,226.99827664399092,172.26562499998857,226.824126984126975,227.172426303854875,False,True,2,1,SELECTED
627,227.34657596371883,161.49902343750904,227.172426303854875,227.53233560090703,False,True,2,1,SELECTED
628,227.71809523809523,172.26562500000261,227.53233560090703,227.892244897959175,False,True,1,0,SELECTED
629,228.06639455782312,161.4990234374967,227.892244897959175,228.25215419501133,False,True,1,0,SELECTED
630,228.43791383219954,161.4990234374967,228.25215419501133,228.623673469387755,False,True,1,0,SELECTED
631,228.80943310657597,161.4990234374967,228.623673469387755,228.995192743764185,False,True,2,1,SELECTED
632,229.1809523809524,161.49902343750904,228.995192743764185,229.3667120181406,False,True,3,2,SELECTED
633,229.5524716553288,161.4990234374967,229.3667120181406,229.7382312925170,False,True,3,2,SELECTED
634,229.9239909297052,151.99908088235597,229.7382312925170,230.121360544217675,False,True,2,1,SELECTED
635,230.31873015873015,161.4990234374967,230.121360544217675,230.50448979591836,False,True,0,0,EMPTY
636,230.69024943310657,161.4990234374967,230.50448979591836,230.876009070294785,False,True,0,0,EMPTY
637,231.061768707483,151.99908088235597,230.876009070294785,231.259138321995465,False,True,1,0,SELECTED
638,231.45650793650793,161.4990234374967,231.259138321995465,231.642267573696145,False,True,0,0,EMPTY
639,231.82802721088436,161.4990234374967,231.642267573696145,232.01378684807257,False,True,0,0,EMPTY
640,232.19954648526078,161.49902343750904,232.01378684807257,232.38530612244898,False,True,2,1,SELECTED
641,232.57106575963718,161.4990234374967,232.38530612244898,232.75682539682539,False,True,3,2,SELECTED
642,232.9425850340136,151.99908088235597,232.75682539682539,233.13995464852607,False,True,1,0,SELECTED
643,233.33732426303854,161.4990234374967,233.13995464852607,233.52308390022675,False,True,2,1,SELECTED
644,233.70884353741496,161.4990234374967,233.52308390022675,233.89460317460318,False,True,2,1,SELECTED
645,234.0803628117914,161.4990234374967,233.89460317460318,234.2661224489796,False,True,2,1,SELECTED
646,234.4518820861678,161.49902343750904,234.2661224489796,234.6376417233560,False,True,2,1,SELECTED
647,234.8234013605442,161.4990234374967,234.6376417233560,235.009160997732415,False,True,2,1,SELECTED
648,235.19492063492063,161.4990234374967,235.009160997732415,235.380680272108845,False,True,2,1,SELECTED
649,235.56643990929706,151.99908088235597,235.380680272108845,235.76380952380953,False,True,2,1,SELECTED
650,235.961179138322,161.4990234374967,235.76380952380953,236.14693877551021,False,True,2,1,SELECTED
651,236.33269841269842,161.49902343750904,236.14693877551021,236.51845804988662,False,True,2,1,SELECTED
652,236.70421768707482,161.4990234374967,236.51845804988662,236.88997732426303,False,True,2,1,SELECTED
653,237.07573696145124,161.4990234374967,236.88997732426303,237.261496598639455,False,True,2,1,SELECTED
654,237.44725623582767,161.4990234374967,237.261496598639455,237.633015873015885,False,True,1,0,SELECTED
655,237.8187755102041,161.49902343750904,237.633015873015885,238.0045351473923,False,True,2,1,SELECTED
656,238.1902947845805,161.4990234374967,238.0045351473923,238.3760544217687,False,True,1,0,SELECTED
657,238.5618140589569,161.4990234374967,238.3760544217687,238.74757369614512,False,True,2,1,SELECTED
658,238.93333333333334,151.99908088235597,238.74757369614512,239.130702947845805,False,True,2,1,SELECTED
659,239.32807256235827,161.4990234374967,239.130702947845805,239.513832199546485,False,True,2,1,SELECTED
660,239.6995918367347,161.4990234374967,239.513832199546485,239.88535147392291,False,True,2,1,SELECTED
661,240.07111111111112,161.49902343750904,239.88535147392291,240.25687074829932,False,True,3,2,SELECTED
662,240.44263038548752,161.4990234374967,240.25687074829932,240.62839002267573,False,True,2,1,SELECTED
663,240.81414965986394,161.4990234374967,240.62839002267573,240.999909297052155,False,True,2,1,SELECTED
664,241.18566893424037,161.4990234374967,240.999909297052155,241.371428571428585,False,True,2,1,SELECTED
665,241.5571882086168,161.49902343750904,241.371428571428585,241.7429478458050,False,True,2,1,SELECTED
666,241.9287074829932,161.4990234374967,241.7429478458050,242.114467120181405,False,True,2,1,SELECTED
667,242.30022675736961,151.99908088235597,242.114467120181405,242.49759637188208,False,True,3,2,SELECTED
668,242.69496598639455,161.4990234374967,242.49759637188208,242.88072562358276,False,True,2,1,SELECTED
669,243.06648526077097,161.4990234374967,242.88072562358276,243.252244897959185,False,True,1,0,SELECTED
670,243.4380045351474,161.49902343750904,243.252244897959185,243.6237641723356,False,True,2,1,SELECTED
671,243.8095238095238,161.4990234374967,243.6237641723356,243.99528344671201,False,True,2,1,SELECTED
672,244.18104308390022,161.4990234374967,243.99528344671201,244.366802721088435,False,True,1,0,SELECTED
673,244.55256235827665,161.4990234374967,244.366802721088435,244.73832199546486,False,True,1,0,SELECTED
674,244.92408163265307,151.99908088235597,244.73832199546486,245.121451247165535,False,True,1,0,SELECTED
675,245.318820861678,161.4990234374967,245.121451247165535,245.504580498866215,False,True,2,1,SELECTED
676,245.69034013605443,161.49902343750904,245.504580498866215,245.87609977324263,False,True,2,1,SELECTED
677,246.06185941043083,161.4990234374967,245.87609977324263,246.24761904761904,False,True,2,1,SELECTED
678,246.43337868480725,161.4990234374967,246.24761904761904,246.619138321995465,False,True,3,2,SELECTED
679,246.80489795918368,151.99908088235597,246.619138321995465,247.00226757369614,False,True,2,1,SELECTED
680,247.1996371882086,161.4990234374967,247.00226757369614,247.38539682539682,False,True,2,1,SELECTED
681,247.57115646258504,161.4990234374967,247.38539682539682,247.75691609977325,False,True,2,1,SELECTED
682,247.94267573696146,161.49902343750904,247.75691609977325,248.12843537414966,False,True,1,0,SELECTED
683,248.31419501133786,161.4990234374967,248.12843537414966,248.49995464852607,False,True,3,2,SELECTED
684,248.68571428571428,161.4990234374967,248.49995464852607,248.87147392290249,False,True,2,1,SELECTED
685,249.0572335600907,161.4990234374967,248.87147392290249,249.242993197278915,False,True,3,2,SELECTED
686,249.42875283446713,151.99908088235597,249.242993197278915,249.62612244897960,False,True,3,2,SELECTED
687,249.82349206349207,161.4990234374967,249.62612244897960,250.009251700680285,False,True,2,1,SELECTED
688,250.1950113378685,161.49902343750904,250.009251700680285,250.3807709750567,False,True,1,0,SELECTED
689,250.5665306122449,161.4990234374967,250.3807709750567,250.752290249433105,False,True,2,1,SELECTED
690,250.93804988662131,161.4990234374967,250.752290249433105,251.123809523809525,False,True,2,1,SELECTED
691,251.30956916099774,161.49902343750904,251.123809523809525,251.49532879818594,False,True,3,2,SELECTED
692,251.68108843537414,161.4990234374967,251.49532879818594,251.86684807256235,False,True,2,1,SELECTED
693,252.05260770975056,161.4990234374967,251.86684807256235,252.238367346938775,False,True,2,1,SELECTED
694,252.42412698412699,161.4990234374967,252.238367346938775,252.609886621315195,False,True,2,1,SELECTED
695,252.7956462585034,161.49902343750904,252.609886621315195,252.9814058956916,False,True,2,1,SELECTED
696,253.1671655328798,151.99908088234503,252.9814058956916,253.364535147392285,False,True,2,1,SELECTED
697,253.56190476190477,161.49902343750904,253.364535147392285,253.74766439909297,False,True,1,0,SELECTED
698,253.93342403628117,161.4990234374967,253.74766439909297,254.119183673469385,False,True,1,0,SELECTED
699,254.3049433106576,151.99908088235597,254.119183673469385,254.502312925170065,False,True,2,1,SELECTED
700,254.69968253968253,151.99908088234503,254.502312925170065,254.897052154195015,False,True,2,1,SELECTED
701,255.0944217687075,161.49902343750904,254.897052154195015,255.2801814058957,False,True,1,0,SELECTED
702,255.4659410430839,151.99908088234503,255.2801814058957,255.663310657596375,False,True,2,1,SELECTED
703,255.86068027210885,161.4990234374967,255.663310657596375,256.046439909297075,False,True,2,1,SELECTED
704,256.2321995464853,161.49902343750904,256.046439909297075,256.4179591836735,False,True,2,1,SELECTED
705,256.6037188208617,161.49902343750904,256.4179591836735,256.789478458049885,False,True,3,2,SELECTED
706,256.97523809523807,161.49902343748434,256.789478458049885,257.160997732426285,False,True,1,0,SELECTED
707,257.3467573696145,161.49902343750904,257.160997732426285,257.5325170068027,False,True,2,1,SELECTED
708,257.7182766439909,161.49902343748434,257.5325170068027,257.90403628117915,False,True,1,0,SELECTED
709,258.0897959183674,161.49902343750904,257.90403628117915,258.275555555555585,False,True,2,1,SELECTED
710,258.46131519274377,161.49902343750904,258.275555555555585,258.647074829931965,False,True,2,1,SELECTED
711,258.83283446712016,161.49902343748434,258.647074829931965,259.01859410430838,False,True,2,1,SELECTED
712,259.2043537414966,161.49902343750904,259.01859410430838,259.3901133786848,False,True,2,1,SELECTED
713,259.575873015873,161.49902343750904,259.3901133786848,259.7616326530612,False,True,3,2,SELECTED
714,259.9473922902494,161.49902343748434,259.7616326530612,260.13315192743763,False,True,2,1,SELECTED
715,260.31891156462586,161.49902343750904,260.13315192743763,260.50467120181406,False,True,2,1,SELECTED
716,260.69043083900226,161.49902343750904,260.50467120181406,260.87619047619046,False,True,2,1,SELECTED
717,261.06195011337866,172.26562499998857,260.87619047619046,261.236099773242615,False,True,3,2,SELECTED
718,261.41024943310657,161.49902343750904,261.236099773242615,261.59600907029477,False,True,1,0,SELECTED
719,261.78176870748297,161.49902343748434,261.59600907029477,261.967528344671185,False,True,2,1,SELECTED
720,262.1532879818594,172.26562500001668,261.967528344671185,262.32743764172335,False,True,3,2,SELECTED
721,262.5015873015873,161.49902343748434,262.32743764172335,262.687346938775515,False,True,2,1,SELECTED
722,262.87310657596373,172.26562500001668,262.687346938775515,263.047256235827665,False,True,2,1,SELECTED
723,263.2214058956916,172.26562499998857,263.047256235827665,263.39555555555555,False,True,1,0,SELECTED
724,263.5697052154195,161.49902343750904,263.39555555555555,263.7554648526077,False,True,2,1,SELECTED
725,263.9412244897959,172.26562499998857,263.7554648526077,264.11537414965985,False,True,1,0,SELECTED
726,264.2895238095238,172.26562499998857,264.11537414965985,264.463673469387765,False,True,1,0,SELECTED
727,264.63782312925173,161.49902343750904,264.463673469387765,264.823582766439915,False,True,2,1,SELECTED
728,265.0093424036281,172.26562500001668,264.823582766439915,265.18349206349205,False,True,2,1,SELECTED
729,265.357641723356,161.49902343748434,265.18349206349205,265.54340136054422,False,True,2,1,SELECTED
730,265.72916099773244,161.49902343750904,265.54340136054422,265.914920634920635,False,True,2,1,SELECTED
731,266.10068027210883,161.49902343748434,265.914920634920635,266.286439909297065,False,True,2,1,SELECTED
732,266.4721995464853,161.49902343750904,266.286439909297065,266.6579591836735,False,True,2,1,SELECTED
733,266.8437188208617,161.49902343750904,266.6579591836735,267.0294784580499,False,True,2,1,SELECTED
734,267.2152380952381,161.49902343748434,267.0294784580499,267.400997732426315,False,True,2,1,SELECTED
735,267.58675736961453,161.49902343750904,267.400997732426315,267.772517006802715,False,True,2,1,SELECTED
736,267.9582766439909,161.49902343750904,267.772517006802715,268.1440362811791,False,True,1,0,SELECTED
737,268.3297959183673,151.99908088233408,268.1440362811791,268.5271655328798,False,True,1,0,SELECTED
738,268.7245351473923,161.49902343750904,268.5271655328798,268.9102947845805,False,True,2,1,SELECTED
739,269.0960544217687,161.49902343750904,268.9102947845805,269.2818140589569,False,True,2,1,SELECTED
740,269.4675736961451,161.49902343748434,269.2818140589569,269.65333333333333,False,True,1,0,SELECTED
741,269.83909297052156,151.99908088235597,269.65333333333333,270.03646258503403,False,True,4,3,SELECTED
742,270.2338321995465,161.49902343750904,270.03646258503403,270.4195918367347,False,True,2,1,SELECTED
743,270.6053514739229,161.49902343748434,270.4195918367347,270.791111111111125,False,True,3,2,SELECTED
744,270.97687074829935,161.49902343750904,270.791111111111125,271.162630385487545,False,True,2,1,SELECTED
745,271.34839002267574,151.99908088235597,271.162630385487545,271.54575963718822,False,True,2,1,SELECTED
746,271.7431292517007,161.49902343750904,271.54575963718822,271.9288888888889,False,True,1,0,SELECTED
747,272.1146485260771,161.49902343748434,271.9288888888889,272.300408163265315,False,True,3,2,SELECTED
748,272.48616780045353,161.49902343750904,272.300408163265315,272.671927437641715,False,True,1,0,SELECTED
749,272.8576870748299,151.99908088235597,272.671927437641715,273.05505668934238,False,True,2,1,SELECTED
750,273.25242630385486,161.49902343748434,273.05505668934238,273.43818594104308,False,True,1,0,SELECTED
751,273.6239455782313,161.49902343750904,273.43818594104308,273.8097052154195,False,True,2,1,SELECTED
752,273.9954648526077,161.49902343750904,273.8097052154195,274.1812244897959,False,True,2,1,SELECTED
753,274.3669841269841,161.49902343748434,274.1812244897959,274.55274376417233,False,True,2,1,SELECTED
754,274.73850340136056,161.49902343750904,274.55274376417233,274.92426303854876,False,True,1,0,SELECTED
755,275.11002267573696,161.49902343750904,274.92426303854876,275.295782312925155,False,True,3,2,SELECTED
756,275.48154195011335,161.49902343748434,275.295782312925155,275.667301587301575,False,True,1,0,SELECTED
757,275.8530612244898,161.49902343750904,275.667301587301575,276.0388208616780,False,True,2,1,SELECTED
758,276.2245804988662,161.49902343748434,276.0388208616780,276.41034013605443,False,True,1,0,SELECTED
759,276.59609977324266,161.49902343750904,276.41034013605443,276.781859410430855,False,True,2,1,SELECTED
760,276.96761904761905,161.49902343750904,276.781859410430855,277.15337868480725,False,True,2,1,SELECTED
761,277.33913832199545,161.49902343748434,277.15337868480725,277.524897959183675,False,True,2,1,SELECTED
762,277.7106575963719,161.49902343750904,277.524897959183675,277.8964172335601,False,True,1,0,SELECTED
763,278.0821768707483,161.49902343750904,277.8964172335601,278.2679365079365,False,True,2,1,SELECTED
764,278.4536961451247,161.49902343748434,278.2679365079365,278.639455782312925,False,True,1,0,SELECTED
765,278.82521541950115,161.49902343750904,278.639455782312925,279.010975056689345,False,True,2,1,SELECTED
766,279.19673469387754,161.49902343750904,279.010975056689345,279.38249433106574,False,True,2,1,SELECTED
767,279.56825396825394,161.49902343748434,279.38249433106574,279.75401360544217,False,True,2,1,SELECTED
768,279.9397732426304,161.49902343750904,279.75401360544217,280.1255328798186,False,True,2,1,SELECTED
769,280.3112925170068,161.49902343748434,280.1255328798186,280.49705215419502,False,True,2,1,SELECTED
770,280.68281179138324,161.49902343750904,280.49705215419502,280.86857142857144,False,True,1,0,SELECTED
771,281.05433106575964,161.49902343750904,280.86857142857144,281.24009070294784,False,True,1,0,SELECTED
772,281.42585034013604,161.49902343748434,281.24009070294784,281.61160997732427,False,True,2,1,SELECTED
773,281.7973696145125,161.49902343750904,281.61160997732427,281.9831292517007,False,True,2,1,SELECTED
774,282.1688888888889,161.49902343750904,281.9831292517007,282.3546485260771,False,True,1,0,SELECTED
775,282.5404081632653,161.49902343748434,282.3546485260771,282.72616780045352,False,True,1,0,SELECTED
776,282.91192743764174,161.49902343750904,282.72616780045352,283.097687074829935,False,True,2,1,SELECTED
777,283.28344671201813,161.49902343750904,283.097687074829935,283.46920634920633,False,True,4,3,SELECTED
778,283.65496598639453,161.49902343748434,283.46920634920633,283.840725623582765,False,True,2,1,SELECTED
779,284.026485260771,172.26562500001668,283.840725623582765,284.20063492063492,False,True,2,1,SELECTED
780,284.37478458049884,161.49902343748434,284.20063492063492,284.56054421768707,False,True,2,1,SELECTED
781,284.7463038548753,161.49902343750904,284.56054421768707,284.9320634920635,False,True,2,1,SELECTED
782,285.1178231292517,161.49902343748434,284.9320634920635,285.30358276643992,False,True,2,1,SELECTED
783,285.48934240362814,161.49902343750904,285.30358276643992,285.67510204081634,False,True,1,0,SELECTED
784,285.86086167800454,161.49902343750904,285.67510204081634,286.04662131519274,False,True,2,1,SELECTED
785,286.23238095238094,172.26562499998857,286.04662131519274,286.406530612244895,False,True,2,1,SELECTED
786,286.58068027210885,161.49902343750904,286.406530612244895,286.76643990929705,False,True,1,0,SELECTED
787,286.95219954648525,172.26562499998857,286.76643990929705,287.126349206349205,False,True,3,2,SELECTED
788,287.30049886621316,161.49902343750904,287.126349206349205,287.48625850340136,False,True,2,1,SELECTED
789,287.67201814058956,172.26562499998857,287.48625850340136,287.84616780045353,False,True,1,0,SELECTED
790,288.0203174603175,172.26562500001668,287.84616780045353,288.194467120181415,False,True,1,0,SELECTED
791,288.36861678004533,161.49902343748434,288.194467120181415,288.554376417233565,False,True,1,0,SELECTED
792,288.7401360544218,172.26562500001668,288.554376417233565,288.91428571428572,False,True,3,2,SELECTED
793,289.08843537414964,172.26562499998857,288.91428571428572,289.262585034013595,False,True,1,0,SELECTED
794,289.43673469387755,161.49902343750904,289.262585034013595,289.62249433106575,False,True,2,1,SELECTED
795,289.80825396825395,172.26562499998857,289.62249433106575,289.982403628117905,False,True,2,1,SELECTED
796,290.15655328798186,161.49902343750904,289.982403628117905,290.34231292517006,False,True,2,1,SELECTED
797,290.52807256235826,161.49902343748434,290.34231292517006,290.71383219954648,False,True,2,1,SELECTED
798,290.8995918367347,172.26562500001668,290.71383219954648,291.07374149659865,False,True,1,0,SELECTED
799,291.2478911564626,161.49902343748434,291.07374149659865,291.4336507936508,False,True,1,0,SELECTED
800,291.619410430839,161.49902343750904,291.4336507936508,291.8051700680272,False,True,2,1,SELECTED
801,291.9909297052154,161.49902343750904,291.8051700680272,292.1766893424036,False,True,2,1,SELECTED
802,292.3624489795918,161.49902343748434,292.1766893424036,292.548208616780035,False,True,1,0,SELECTED
803,292.73396825396827,161.49902343750904,292.548208616780035,292.91972789115647,False,True,2,1,SELECTED
804,293.10548752834467,161.49902343750904,292.91972789115647,293.291247165532865,False,True,2,1,SELECTED
805,293.47700680272106,172.26562499998857,293.291247165532865,293.65115646258503,False,True,2,1,SELECTED
806,293.825306122449,161.49902343750904,293.65115646258503,294.0110657596372,False,True,1,0,SELECTED
807,294.1968253968254,161.49902343748434,294.0110657596372,294.3825850340136,False,True,2,1,SELECTED
808,294.5683446712018,161.49902343750904,294.3825850340136,294.7541043083900,False,True,2,1,SELECTED
809,294.9398639455782,172.26562499998857,294.7541043083900,295.11401360544217,False,True,2,1,SELECTED
810,295.28816326530614,161.49902343750904,295.11401360544217,295.47392290249434,False,True,2,1,SELECTED
811,295.65968253968254,161.49902343750904,295.47392290249434,295.845442176870735,False,True,2,1,SELECTED
812,296.03120181405893,161.49902343748434,295.845442176870735,296.216961451247165,False,True,1,0,SELECTED
813,296.4027210884354,161.49902343750904,296.216961451247165,296.5884807256236,False,True,2,1,SELECTED
814,296.7742403628118,172.26562499998857,296.5884807256236,296.94839002267575,False,True,1,0,SELECTED
815,297.1225396825397,161.49902343750904,296.94839002267575,297.3082993197279,False,True,2,1,SELECTED
816,297.4940589569161,161.49902343748434,297.3082993197279,297.679818594104325,False,True,3,2,SELECTED
817,297.86557823129255,161.49902343750904,297.679818594104325,298.051337868480745,False,True,2,1,SELECTED
818,298.23709750566894,161.49902343750904,298.051337868480745,298.42285714285714,False,True,1,0,SELECTED
819,298.60861678004534,172.26562499998857,298.42285714285714,298.782766439909295,False,True,2,1,SELECTED
820,298.95691609977325,161.49902343750904,298.782766439909295,299.14267573696145,False,True,2,1,SELECTED
821,299.32843537414965,161.49902343748434,299.14267573696145,299.514195011337875,False,True,3,2,SELECTED
822,299.6999546485261,161.49902343750904,299.514195011337875,299.8857142857143,False,True,2,1,SELECTED
823,300.0714739229025,172.26562499998857,299.8857142857143,300.24562358276645,False,True,1,0,SELECTED
824,300.4197732426304,161.49902343750904,300.24562358276645,300.6055328798186,False,True,3,2,SELECTED
825,300.7912925170068,161.49902343750904,300.6055328798186,300.9770521541950,False,True,4,3,SELECTED
826,301.1628117913832,161.49902343748434,300.9770521541950,301.34857142857143,False,True,2,1,SELECTED
827,301.53433106575966,172.26562500001668,301.34857142857143,301.70848072562358,False,True,2,1,SELECTED
828,301.8826303854875,161.49902343748434,301.70848072562358,302.068390022675735,False,True,1,0,SELECTED
829,302.25414965986397,161.49902343750904,302.068390022675735,302.43990929705217,False,True,2,1,SELECTED
830,302.62566893424037,161.49902343750904,302.43990929705217,302.811428571428565,False,True,2,1,SELECTED
831,302.99718820861676,161.49902343748434,302.811428571428565,303.18294784580498,False,True,1,0,SELECTED
832,303.3687074829932,161.49902343750904,303.18294784580498,303.5544671201814,False,True,1,0,SELECTED
833,303.7402267573696,172.26562499998857,303.5544671201814,303.91437641723355,False,True,1,0,SELECTED
834,304.0885260770975,161.49902343750904,303.91437641723355,304.2742857142857,False,True,1,0,SELECTED
835,304.4600453514739,161.49902343750904,304.2742857142857,304.6458049886621,False,True,1,0,SELECTED
836,304.8315646258503,161.49902343748434,304.6458049886621,305.01732426303855,False,True,2,1,SELECTED
837,305.2030839002268,161.49902343750904,305.01732426303855,305.388843537414985,False,True,2,1,SELECTED
838,305.57460317460317,161.49902343750904,305.388843537414985,305.76036281179137,False,True,1,0,SELECTED
839,305.94612244897957,172.26562499998857,305.76036281179137,306.120272108843535,False,True,1,0,SELECTED
840,306.2944217687075,161.49902343750904,306.120272108843535,306.4801814058957,False,True,1,0,SELECTED
841,306.6659410430839,161.49902343748434,306.4801814058957,306.851700680272115,False,True,2,1,SELECTED
842,307.03746031746033,172.26562500001668,306.851700680272115,307.211609977324265,False,True,1,0,SELECTED
843,307.3857596371882,172.26562499998857,307.211609977324265,307.55990929705215,False,True,1,0,SELECTED
844,307.7340589569161,161.49902343750904,307.55990929705215,307.9198185941043,False,True,1,0,SELECTED
845,308.1055782312925,172.26562499998857,307.9198185941043,308.27972789115645,False,True,2,1,SELECTED
846,308.4538775510204,161.49902343750904,308.27972789115645,308.6396371882086,False,True,1,0,SELECTED
847,308.8253968253968,161.49902343748434,308.6396371882086,309.01115646258503,False,True,1,0,SELECTED
848,309.19691609977326,172.26562500001668,309.01115646258503,309.37106575963718,False,True,2,1,SELECTED
849,309.5452154195011,161.49902343748434,309.37106575963718,309.73097505668935,False,True,2,1,SELECTED
850,309.9167346938776,161.49902343750904,309.73097505668935,310.102494331065785,False,True,2,1,SELECTED
851,310.28825396825397,161.49902343750904,310.102494331065785,310.47401360544217,False,True,2,1,SELECTED
852,310.65977324263037,161.49902343748434,310.47401360544217,310.845532879818585,False,True,2,1,SELECTED
853,311.0312925170068,161.49902343750904,310.845532879818585,311.2170521541950,False,True,1,0,SELECTED
854,311.4028117913832,161.49902343750904,311.2170521541950,311.5885714285714,False,True,1,0,SELECTED
855,311.7743310657596,161.49902343748434,311.5885714285714,311.96009070294783,False,True,1,0,SELECTED
856,312.14585034013606,161.49902343750904,311.96009070294783,312.33160997732426,False,True,1,0,SELECTED
857,312.51736961451246,161.49902343748434,312.33160997732426,312.70312925170068,False,True,1,0,SELECTED
858,312.8888888888889,172.26562500001668,312.70312925170068,313.06303854875285,False,True,1,0,SELECTED
859,313.2371882086168,161.49902343748434,313.06303854875285,313.4229478458050,False,True,2,1,SELECTED
860,313.6087074829932,161.49902343750904,313.4229478458050,313.7944671201814,False,True,1,0,SELECTED
861,313.9802267573696,161.49902343750904,313.7944671201814,314.1659863945578,False,True,2,1,SELECTED
862,314.351746031746,161.49902343748434,314.1659863945578,314.537505668934235,False,True,1,0,SELECTED
863,314.72326530612247,161.49902343750904,314.537505668934235,314.90902494331067,False,True,1,0,SELECTED
864,315.09478458049887,172.26562499998857,314.90902494331067,315.268934240362835,False,True,2,1,SELECTED
865,315.4430839002268,161.49902343750904,315.268934240362835,315.6288435374150,False,True,1,0,SELECTED
866,315.8146031746032,161.49902343750904,315.6288435374150,316.0003628117914,False,True,1,0,SELECTED
867,316.1861224489796,161.49902343748434,316.0003628117914,316.3718820861678,False,True,2,1,SELECTED
868,316.557641723356,172.26562500001668,316.3718820861678,316.73179138321995,False,True,1,0,SELECTED
869,316.9059410430839,161.49902343748434,316.73179138321995,317.09170068027212,False,True,1,0,SELECTED
870,317.27746031746034,161.49902343750904,317.09170068027212,317.463219954648535,False,True,1,0,SELECTED
871,317.64897959183673,161.49902343750904,317.463219954648535,317.83473922902493,False,True,1,0,SELECTED
872,318.02049886621313,172.26562499998857,317.83473922902493,318.19464852607709,False,True,2,1,SELECTED
873,318.36879818594105,161.49902343750904,318.19464852607709,318.554557823129245,False,True,2,1,SELECTED
874,318.74031746031744,161.49902343748434,318.554557823129245,318.92607709750567,False,True,1,0,SELECTED
875,319.1118367346939,172.26562500001668,318.92607709750567,319.285986394557825,False,True,3,2,SELECTED
876,319.46013605442175,161.49902343748434,319.285986394557825,319.645895691609975,False,True,1,0,SELECTED
877,319.8316553287982,161.49902343750904,319.645895691609975,320.0174149659864,False,True,1,0,SELECTED
878,320.2031746031746,161.49902343750904,320.0174149659864,320.3889342403628,False,True,2,1,SELECTED
879,320.574693877551,161.49902343748434,320.3889342403628,320.760453514739225,False,True,1,0,SELECTED
880,320.94621315192745,172.26562500001668,320.760453514739225,321.120362811791375,False,True,1,0,SELECTED
881,321.2945124716553,161.49902343748434,321.120362811791375,321.48027210884353,False,True,1,0,SELECTED
882,321.66603174603176,161.49902343750904,321.48027210884353,321.85179138321996,False,True,1,0,SELECTED
883,322.03755102040816,161.49902343750904,321.85179138321996,322.22331065759636,False,True,1,0,SELECTED
884,322.40907029478456,161.49902343748434,322.22331065759636,322.59482993197278,False,True,2,1,SELECTED
885,322.780589569161,161.49902343750904,322.59482993197278,322.9663492063492,False,True,1,0,SELECTED
886,323.1521088435374,161.49902343748434,322.9663492063492,323.33786848072563,False,True,1,0,SELECTED
887,323.52362811791386,172.26562500001668,323.33786848072563,323.69777777777778,False,True,1,0,SELECTED
888,323.8719274376417,161.49902343750904,323.69777777777778,324.0576870748299,False,True,2,1,SELECTED
889,324.2434467120181,161.49902343748434,324.0576870748299,324.429206349206335,False,True,2,1,SELECTED
890,324.61496598639457,172.26562500001668,324.429206349206335,324.789115646258485,False,True,1,0,SELECTED
891,324.9632653061224,172.26562499998857,324.789115646258485,325.13741496598637,False,True,2,1,SELECTED
892,325.31156462585034,161.49902343750904,325.13741496598637,325.497324263038535,False,True,1,0,SELECTED
893,325.68308390022673,172.26562499998857,325.497324263038535,325.85723356009069,False,True,1,0,SELECTED
894,326.03138321995465,172.26562499998857,325.85723356009069,326.205532879818605,False,True,2,1,SELECTED
895,326.37968253968256,161.49902343750904,326.205532879818605,326.56544217687076,False,True,1,0,SELECTED
896,326.75120181405896,172.26562499998857,326.56544217687076,326.92535147392293,False,True,2,1,SELECTED
897,327.0995011337869,161.49902343750904,326.92535147392293,327.285260770975085,False,True,1,0,SELECTED
898,327.47102040816327,161.49902343750904,327.285260770975085,327.65678004535147,False,True,2,1,SELECTED
899,327.84253968253967,161.49902343748434,327.65678004535147,328.028299319727885,False,True,1,0,SELECTED
900,328.2140589569161,172.26562500001668,328.028299319727885,328.38820861678005,False,True,2,1,SELECTED
901,328.562358276644,151.99908088235597,328.38820861678005,328.75972789115645,False,True,1,0,SELECTED
902,328.9570975056689,151.99908088233408,328.75972789115645,329.1544671201814,False,True,1,0,SELECTED
903,329.3518367346939,161.49902343750904,329.1544671201814,329.5375963718821,False,True,1,0,SELECTED
904,329.7233560090703,172.26562500001668,329.5375963718821,330,False,False,2,1,SELECTED
