quarter_id,quarter_timestamp,full_mix_dual_id,full_mix_no_distinct_alternative,Bass_candidate_N,Drums_candidate_N,category,selected_pair_resolved,selected_Drum_minus_Bass_ms
4,1.555736961451247,F_MIX_00005,True,2,0,A_BASS_ONLY,False,
6,2.3219954648526078,F_MIX_00010,False,1,2,F_MULTIPLE_CANDIDATES,True,46.439909297052154
12,4.504671201814059,F_MIX_00023,False,1,2,F_MULTIPLE_CANDIDATES,False,11.609977324263038
15,5.596009070294785,F_MIX_00029,False,1,2,F_MULTIPLE_CANDIDATES,False,0.0
16,5.944308390022676,F_MIX_00031,False,1,1,C_DISTINGUISHABLE,True,-116.09977324263039
18,6.664126984126984,F_MIX_00036,False,1,2,F_MULTIPLE_CANDIDATES,False,11.609977324263038
20,7.383945578231293,F_MIX_00039,True,1,1,C_DISTINGUISHABLE,True,-23.219954648526077
23,8.452063492063493,F_MIX_00044,False,1,2,F_MULTIPLE_CANDIDATES,False,0.0
24,8.823582766439909,F_MIX_00046,True,1,1,C_DISTINGUISHABLE,True,-23.219954648526077
25,9.1718820861678,F_MIX_00047,True,1,1,C_DISTINGUISHABLE,True,-23.219954648526077
33,12.120816326530612,F_MIX_00066,True,2,2,F_MULTIPLE_CANDIDATES,True,-58.049886621315196
34,12.49233560090703,F_MIX_00067,True,1,1,D_UNRESOLVED_WITHIN_HOP,False,11.609977324263038
38,13.955192743764172,F_MIX_00075,True,1,2,F_MULTIPLE_CANDIDATES,False,-11.609977324263038
41,15.069750566893424,F_MIX_00081,True,2,1,F_MULTIPLE_CANDIDATES,True,23.219954648526077
42,15.441269841269841,F_MIX_00083,True,1,2,F_MULTIPLE_CANDIDATES,True,34.82993197278911
44,16.16108843537415,F_MIX_00087,True,1,1,C_DISTINGUISHABLE,True,-162.53968253968253
46,16.904126984126986,F_MIX_00090,True,1,2,F_MULTIPLE_CANDIDATES,False,-11.609977324263038
48,17.647165532879818,F_MIX_00094,False,0,2,B_DRUM_ONLY,False,
52,19.11002267573696,F_MIX_00104,True,1,1,C_DISTINGUISHABLE,True,-104.48979591836735
55,20.201360544217685,F_MIX_00110,True,1,1,D_UNRESOLVED_WITHIN_HOP,False,0.0
63,23.057414965986396,F_MIX_00125,True,1,2,F_MULTIPLE_CANDIDATES,True,-92.87981859410431
65,23.800453514739228,F_MIX_00129,False,1,3,F_MULTIPLE_CANDIDATES,False,0.0
67,24.543492063492064,F_MIX_00132,False,1,1,C_DISTINGUISHABLE,True,34.82993197278911
68,24.91501133786848,F_MIX_00135,True,0,1,B_DRUM_ONLY,False,
69,25.2865306122449,F_MIX_00138,False,1,1,C_DISTINGUISHABLE,True,-92.87981859410431
70,25.658049886621317,F_MIX_00140,False,2,2,F_MULTIPLE_CANDIDATES,True,-23.219954648526077
74,27.144126984126984,F_MIX_00150,True,1,2,F_MULTIPLE_CANDIDATES,False,0.0
75,27.515646258503402,F_MIX_00151,True,1,1,D_UNRESOLVED_WITHIN_HOP,False,-11.609977324263038
77,28.23546485260771,F_MIX_00154,True,0,1,B_DRUM_ONLY,False,
78,28.606984126984127,F_MIX_00156,True,1,2,F_MULTIPLE_CANDIDATES,False,0.0
79,28.955283446712016,F_MIX_00157,True,1,1,C_DISTINGUISHABLE,True,-23.219954648526077
80,29.326802721088434,F_MIX_00158,True,1,2,F_MULTIPLE_CANDIDATES,False,0.0
113,41.35473922902494,F_MIX_00222,False,2,2,F_MULTIPLE_CANDIDATES,False,11.609977324263038
114,41.72625850340136,F_MIX_00224,False,1,2,F_MULTIPLE_CANDIDATES,False,-11.609977324263038
118,43.1891156462585,F_MIX_00231,True,1,0,A_BASS_ONLY,False,
122,44.698412698412696,F_MIX_00238,False,1,2,F_MULTIPLE_CANDIDATES,False,0.0
164,60.20934240362812,F_MIX_00309,True,1,1,D_UNRESOLVED_WITHIN_HOP,False,11.609977324263038
165,60.58086167800454,F_MIX_00312,True,1,1,D_UNRESOLVED_WITHIN_HOP,False,0.0
167,61.32390022675737,F_MIX_00316,True,2,1,F_MULTIPLE_CANDIDATES,False,0.0
168,61.695419501133784,F_MIX_00318,False,1,1,C_DISTINGUISHABLE,True,-116.09977324263039
169,62.0669387755102,F_MIX_00319,True,3,2,F_MULTIPLE_CANDIDATES,True,-23.219954648526077
171,62.80997732426304,F_MIX_00323,True,2,1,F_MULTIPLE_CANDIDATES,True,-34.82993197278911
172,63.181496598639455,F_MIX_00324,True,0,2,B_DRUM_ONLY,False,
180,66.06077097505668,F_MIX_00337,True,1,2,F_MULTIPLE_CANDIDATES,False,-11.609977324263038
181,66.40907029478458,F_MIX_00338,True,1,1,D_UNRESOLVED_WITHIN_HOP,False,-11.609977324263038
182,66.780589569161,F_MIX_00340,False,1,2,F_MULTIPLE_CANDIDATES,False,11.609977324263038
183,67.1288888888889,F_MIX_00341,True,1,1,D_UNRESOLVED_WITHIN_HOP,False,-11.609977324263038
187,68.5685260770975,F_MIX_00350,True,1,1,D_UNRESOLVED_WITHIN_HOP,False,-11.609977324263038
189,69.28834467120181,F_MIX_00353,True,1,1,D_UNRESOLVED_WITHIN_HOP,False,0.0
203,74.32707482993197,F_MIX_00378,True,2,1,F_MULTIPLE_CANDIDATES,False,-11.609977324263038
205,75.04689342403628,F_MIX_00382,True,1,1,D_UNRESOLVED_WITHIN_HOP,False,-11.609977324263038
206,75.39519274376417,F_MIX_00384,False,1,2,F_MULTIPLE_CANDIDATES,False,0.0
221,80.78222222222222,F_MIX_00410,False,1,2,F_MULTIPLE_CANDIDATES,True,-150.92970521541952
224,81.87356009070295,F_MIX_00416,True,2,2,F_MULTIPLE_CANDIDATES,False,11.609977324263038
230,84.10267573696144,F_MIX_00423,True,1,1,D_UNRESOLVED_WITHIN_HOP,False,0.0
231,84.45097505668934,F_MIX_00424,True,1,1,D_UNRESOLVED_WITHIN_HOP,False,0.0
232,84.82249433106576,F_MIX_00426,True,1,1,D_UNRESOLVED_WITHIN_HOP,False,-11.609977324263038
233,85.17079365079366,F_MIX_00428,True,1,1,D_UNRESOLVED_WITHIN_HOP,False,0.0
234,85.54231292517007,F_MIX_00430,False,1,2,F_MULTIPLE_CANDIDATES,False,11.609977324263038
235,85.89061224489797,F_MIX_00432,False,1,2,F_MULTIPLE_CANDIDATES,False,0.0
236,86.23891156462585,F_MIX_00434,False,2,2,F_MULTIPLE_CANDIDATES,True,23.219954648526077
237,86.61043083900226,F_MIX_00436,True,1,1,D_UNRESOLVED_WITHIN_HOP,False,11.609977324263038
238,86.95873015873016,F_MIX_00438,True,1,1,D_UNRESOLVED_WITHIN_HOP,False,11.609977324263038
241,88.02684807256236,F_MIX_00443,True,1,1,C_DISTINGUISHABLE,True,-23.219954648526077
243,88.74666666666667,F_MIX_00445,True,1,1,D_UNRESOLVED_WITHIN_HOP,False,0.0
244,89.09496598639456,F_MIX_00447,True,0,1,B_DRUM_ONLY,False,
245,89.46648526077098,F_MIX_00448,True,1,1,D_UNRESOLVED_WITHIN_HOP,False,0.0
247,90.16308390022675,F_MIX_00450,True,1,1,D_UNRESOLVED_WITHIN_HOP,False,11.609977324263038
248,90.53460317460318,F_MIX_00452,False,1,2,F_MULTIPLE_CANDIDATES,False,0.0
249,90.88290249433106,F_MIX_00455,True,1,1,D_UNRESOLVED_WITHIN_HOP,False,-11.609977324263038
250,91.25442176870749,F_MIX_00457,True,1,2,F_MULTIPLE_CANDIDATES,False,-11.609977324263038
251,91.60272108843537,F_MIX_00459,True,1,1,D_UNRESOLVED_WITHIN_HOP,False,-11.609977324263038
254,92.67083900226757,F_MIX_00466,True,1,1,D_UNRESOLVED_WITHIN_HOP,False,0.0
255,93.042358276644,F_MIX_00468,False,1,1,C_DISTINGUISHABLE,True,-104.48979591836735
259,94.4819954648526,F_MIX_00474,True,1,2,F_MULTIPLE_CANDIDATES,False,-11.609977324263038
262,95.57333333333334,F_MIX_00478,False,1,2,F_MULTIPLE_CANDIDATES,False,0.0
265,96.64145124716553,F_MIX_00483,True,1,2,F_MULTIPLE_CANDIDATES,True,-69.65986394557822
273,99.54394557823129,F_MIX_00495,False,1,2,F_MULTIPLE_CANDIDATES,False,0.0
274,99.91546485260771,F_MIX_00497,True,1,2,F_MULTIPLE_CANDIDATES,False,0.0
275,100.28698412698412,F_MIX_00500,True,1,1,D_UNRESOLVED_WITHIN_HOP,False,-11.609977324263038
276,100.65850340136055,F_MIX_00502,True,1,1,D_UNRESOLVED_WITHIN_HOP,False,-11.609977324263038
277,101.03002267573696,F_MIX_00504,True,1,1,C_DISTINGUISHABLE,True,-23.219954648526077
279,101.74984126984127,F_MIX_00507,True,1,1,D_UNRESOLVED_WITHIN_HOP,False,-11.609977324263038
283,103.18947845804989,F_MIX_00512,True,1,1,D_UNRESOLVED_WITHIN_HOP,False,0.0
285,103.9092970521542,F_MIX_00516,True,2,1,F_MULTIPLE_CANDIDATES,True,-23.219954648526077
287,104.60589569160997,F_MIX_00522,False,0,2,B_DRUM_ONLY,False,
316,115.03165532879818,F_MIX_00571,False,1,2,F_MULTIPLE_CANDIDATES,False,-11.609977324263038
317,115.4031746031746,F_MIX_00572,True,1,1,D_UNRESOLVED_WITHIN_HOP,False,-11.609977324263038
318,115.77469387755102,F_MIX_00573,True,1,1,D_UNRESOLVED_WITHIN_HOP,False,-11.609977324263038
320,116.51773242630385,F_MIX_00576,True,1,1,C_DISTINGUISHABLE,True,-34.82993197278911
321,116.88925170068028,F_MIX_00578,True,1,1,D_UNRESOLVED_WITHIN_HOP,False,0.0
324,118.00380952380952,F_MIX_00583,True,1,1,D_UNRESOLVED_WITHIN_HOP,False,0.0
325,118.37532879818595,F_MIX_00584,True,1,1,C_DISTINGUISHABLE,True,58.049886621315196
326,118.72362811791383,F_MIX_00586,True,0,2,B_DRUM_ONLY,False,
329,119.81496598639455,F_MIX_00591,True,3,1,F_MULTIPLE_CANDIDATES,True,-23.219954648526077
330,120.16326530612245,F_MIX_00592,True,0,1,B_DRUM_ONLY,False,
333,121.25460317460318,F_MIX_00597,True,1,1,D_UNRESOLVED_WITHIN_HOP,False,0.0
334,121.60290249433106,F_MIX_00598,True,1,1,C_DISTINGUISHABLE,True,-104.48979591836735
335,121.97442176870749,F_MIX_00600,True,1,1,D_UNRESOLVED_WITHIN_HOP,False,0.0
336,122.32272108843537,F_MIX_00602,True,1,1,D_UNRESOLVED_WITHIN_HOP,False,0.0
337,122.6942403628118,F_MIX_00603,True,0,1,B_DRUM_ONLY,False,
338,123.06575963718821,F_MIX_00604,True,1,1,C_DISTINGUISHABLE,True,-23.219954648526077
339,123.4140589569161,F_MIX_00606,False,1,1,D_UNRESOLVED_WITHIN_HOP,False,0.0
340,123.78557823129252,F_MIX_00608,True,1,1,D_UNRESOLVED_WITHIN_HOP,False,-11.609977324263038
341,124.1338775510204,F_MIX_00610,True,1,1,C_DISTINGUISHABLE,True,-23.219954648526077
342,124.50539682539683,F_MIX_00612,False,1,1,C_DISTINGUISHABLE,True,-104.48979591836735
343,124.85369614512472,F_MIX_00613,True,1,1,D_UNRESOLVED_WITHIN_HOP,False,-11.609977324263038
344,125.22521541950114,F_MIX_00615,True,1,1,C_DISTINGUISHABLE,True,-23.219954648526077
345,125.57351473922903,F_MIX_00616,True,1,1,C_DISTINGUISHABLE,True,-34.82993197278911
347,126.29333333333334,F_MIX_00620,True,3,2,F_MULTIPLE_CANDIDATES,True,-23.219954648526077
348,126.66485260770975,F_MIX_00621,False,2,1,F_MULTIPLE_CANDIDATES,True,-81.26984126984127
525,190.5661678004535,F_MIX_00958,True,0,1,B_DRUM_ONLY,False,
612,221.95954648526077,F_MIX_01106,True,1,2,F_MULTIPLE_CANDIDATES,True,-46.439909297052154
613,222.3310657596372,F_MIX_01108,True,2,1,F_MULTIPLE_CANDIDATES,False,-11.609977324263038
614,222.7025850340136,F_MIX_01109,True,1,2,F_MULTIPLE_CANDIDATES,True,34.82993197278911
618,224.14222222222222,F_MIX_01114,True,1,2,F_MULTIPLE_CANDIDATES,False,0.0
619,224.51374149659864,F_MIX_01116,False,1,2,F_MULTIPLE_CANDIDATES,False,11.609977324263038
620,224.86204081632653,F_MIX_01118,True,1,2,F_MULTIPLE_CANDIDATES,False,0.0
645,234.0803628117914,F_MIX_01156,True,1,2,F_MULTIPLE_CANDIDATES,False,-11.609977324263038
647,234.8234013605442,F_MIX_01160,True,1,2,F_MULTIPLE_CANDIDATES,True,-23.219954648526077
655,237.8187755102041,F_MIX_01175,True,2,2,F_MULTIPLE_CANDIDATES,False,-11.609977324263038
657,238.5618140589569,F_MIX_01178,True,1,1,C_DISTINGUISHABLE,True,-23.219954648526077
665,241.5571882086168,F_MIX_01195,True,1,2,F_MULTIPLE_CANDIDATES,False,0.0
677,246.06185941043083,F_MIX_01216,False,1,1,C_DISTINGUISHABLE,True,-139.31972789115645
679,246.80489795918368,F_MIX_01221,True,2,1,F_MULTIPLE_CANDIDATES,True,81.26984126984127
681,247.57115646258504,F_MIX_01225,False,1,2,F_MULTIPLE_CANDIDATES,False,0.0
683,248.31419501133786,F_MIX_01229,False,1,2,F_MULTIPLE_CANDIDATES,False,0.0
686,249.42875283446713,F_MIX_01237,False,1,2,F_MULTIPLE_CANDIDATES,False,-11.609977324263038
693,252.05260770975056,F_MIX_01251,False,2,2,F_MULTIPLE_CANDIDATES,False,0.0
744,270.97687074829935,F_MIX_01347,False,1,3,F_MULTIPLE_CANDIDATES,True,150.92970521541952
745,271.34839002267574,F_MIX_01350,True,0,1,B_DRUM_ONLY,False,
747,272.1146485260771,F_MIX_01353,False,1,1,C_DISTINGUISHABLE,True,-81.26984126984127
749,272.8576870748299,F_MIX_01357,False,1,2,F_MULTIPLE_CANDIDATES,False,11.609977324263038
750,273.25242630385486,F_MIX_01358,True,1,1,D_UNRESOLVED_WITHIN_HOP,False,-11.609977324263038
751,273.6239455782313,F_MIX_01360,False,1,2,F_MULTIPLE_CANDIDATES,True,-23.219954648526077
752,273.9954648526077,F_MIX_01362,False,2,2,F_MULTIPLE_CANDIDATES,False,11.609977324263038
753,274.3669841269841,F_MIX_01364,True,1,0,A_BASS_ONLY,False,
755,275.11002267573696,F_MIX_01367,True,1,1,D_UNRESOLVED_WITHIN_HOP,False,11.609977324263038
757,275.8530612244898,F_MIX_01371,True,1,2,F_MULTIPLE_CANDIDATES,False,0.0
759,276.59609977324266,F_MIX_01374,True,1,2,F_MULTIPLE_CANDIDATES,False,0.0
761,277.33913832199545,F_MIX_01378,False,1,1,C_DISTINGUISHABLE,True,-92.87981859410431
765,278.82521541950115,F_MIX_01384,False,1,2,F_MULTIPLE_CANDIDATES,False,0.0
777,283.28344671201813,F_MIX_01405,True,0,2,B_DRUM_ONLY,False,
778,283.65496598639453,F_MIX_01408,True,0,1,B_DRUM_ONLY,False,
779,284.026485260771,F_MIX_01410,True,0,1,B_DRUM_ONLY,False,
780,284.37478458049884,F_MIX_01412,True,0,1,B_DRUM_ONLY,False,
781,284.7463038548753,F_MIX_01414,True,1,2,F_MULTIPLE_CANDIDATES,True,-58.049886621315196
810,295.28816326530614,F_MIX_01463,True,1,1,D_UNRESOLVED_WITHIN_HOP,False,11.609977324263038
811,295.65968253968254,F_MIX_01465,True,2,2,F_MULTIPLE_CANDIDATES,True,-23.219954648526077
812,296.03120181405893,F_MIX_01467,True,1,2,F_MULTIPLE_CANDIDATES,False,-11.609977324263038
814,296.7742403628118,F_MIX_01470,True,1,1,D_UNRESOLVED_WITHIN_HOP,False,0.0
819,298.60861678004534,F_MIX_01480,True,0,1,B_DRUM_ONLY,False,
821,299.32843537414965,F_MIX_01484,False,1,2,F_MULTIPLE_CANDIDATES,True,-34.82993197278911
822,299.6999546485261,F_MIX_01487,False,2,1,F_MULTIPLE_CANDIDATES,True,-34.82993197278911
837,305.2030839002268,F_MIX_01513,True,1,1,D_UNRESOLVED_WITHIN_HOP,False,0.0
839,305.94612244897957,F_MIX_01515,True,2,1,F_MULTIPLE_CANDIDATES,False,-11.609977324263038
840,306.2944217687075,F_MIX_01516,True,1,1,D_UNRESOLVED_WITHIN_HOP,False,0.0
842,307.03746031746033,F_MIX_01519,True,1,1,D_UNRESOLVED_WITHIN_HOP,False,-11.609977324263038
843,307.3857596371882,F_MIX_01520,True,1,1,D_UNRESOLVED_WITHIN_HOP,False,0.0
844,307.7340589569161,F_MIX_01521,True,1,1,D_UNRESOLVED_WITHIN_HOP,False,-11.609977324263038
845,308.1055782312925,F_MIX_01523,True,2,2,F_MULTIPLE_CANDIDATES,False,0.0
846,308.4538775510204,F_MIX_01524,True,0,1,B_DRUM_ONLY,False,
847,308.8253968253968,F_MIX_01525,True,1,1,C_DISTINGUISHABLE,True,-23.219954648526077
850,309.9167346938776,F_MIX_01531,True,1,1,D_UNRESOLVED_WITHIN_HOP,False,-11.609977324263038
853,311.0312925170068,F_MIX_01536,True,1,1,D_UNRESOLVED_WITHIN_HOP,False,0.0
860,313.6087074829932,F_MIX_01544,True,1,1,D_UNRESOLVED_WITHIN_HOP,False,11.609977324263038
861,313.9802267573696,F_MIX_01545,True,1,1,D_UNRESOLVED_WITHIN_HOP,False,0.0
862,314.351746031746,F_MIX_01547,True,1,1,D_UNRESOLVED_WITHIN_HOP,False,0.0
864,315.09478458049887,F_MIX_01550,True,2,1,F_MULTIPLE_CANDIDATES,True,23.219954648526077
866,315.8146031746032,F_MIX_01552,True,1,1,D_UNRESOLVED_WITHIN_HOP,False,0.0
870,317.27746031746034,F_MIX_01557,True,1,1,C_DISTINGUISHABLE,True,23.219954648526077
872,318.02049886621313,F_MIX_01560,True,1,1,D_UNRESOLVED_WITHIN_HOP,False,0.0
874,318.74031746031744,F_MIX_01563,True,1,1,C_DISTINGUISHABLE,True,-23.219954648526077
875,319.1118367346939,F_MIX_01565,True,1,1,D_UNRESOLVED_WITHIN_HOP,False,0.0
876,319.46013605442175,F_MIX_01567,True,1,1,D_UNRESOLVED_WITHIN_HOP,False,0.0
878,320.2031746031746,F_MIX_01569,True,1,1,D_UNRESOLVED_WITHIN_HOP,False,11.609977324263038
880,320.94621315192745,F_MIX_01572,True,1,1,D_UNRESOLVED_WITHIN_HOP,False,0.0
894,326.03138321995465,F_MIX_01591,True,1,1,D_UNRESOLVED_WITHIN_HOP,False,-11.609977324263038
896,326.75120181405896,F_MIX_01594,True,0,1,B_DRUM_ONLY,False,
902,328.9570975056689,F_MIX_01602,True,1,1,C_DISTINGUISHABLE,True,46.439909297052154
