left_reference_index,left_seconds,right_seconds,interval_seconds,raw_discrete_bpm
0,0.06965986394557823,0.44117913832199546,0.37151927437641724,161.4990234375
1,0.44117913832199546,0.8126984126984127,0.37151927437641724,161.4990234375
2,0.8126984126984127,1.18421768707483,0.3715192743764173,161.49902343749997
3,1.18421768707483,1.555736961451247,0.3715192743764171,161.49902343750006
4,1.555736961451247,1.9272562358276644,0.3715192743764173,161.49902343749997
5,1.9272562358276644,2.3219954648526078,0.3947392290249434,151.9990808823529
6,2.3219954648526078,2.670294784580499,0.3482993197278912,172.26562499999997
7,2.670294784580499,3.0418140589569163,0.3715192743764173,161.49902343749997
8,3.0418140589569163,3.4133333333333336,0.3715192743764173,161.49902343749997
9,3.4133333333333336,3.7848526077097504,0.37151927437641685,161.49902343750017
10,3.7848526077097504,4.156371882086168,0.3715192743764173,161.49902343749997
11,4.156371882086168,4.504671201814059,0.3482993197278912,172.26562499999997
12,4.504671201814059,4.876190476190477,0.37151927437641774,161.49902343749977
13,4.876190476190477,5.224489795918367,0.3482993197278903,172.26562500000043
14,5.224489795918367,5.596009070294785,0.37151927437641774,161.49902343749977
15,5.596009070294785,5.944308390022676,0.3482993197278912,172.26562499999997
16,5.944308390022676,6.315827664399093,0.37151927437641685,161.49902343750017
17,6.315827664399093,6.664126984126984,0.3482993197278912,172.26562499999997
18,6.664126984126984,7.012426303854875,0.3482993197278912,172.26562499999997
19,7.012426303854875,7.383945578231293,0.37151927437641774,161.49902343749977
20,7.383945578231293,7.732244897959184,0.3482993197278912,172.26562499999997
21,7.732244897959184,8.103764172335602,0.37151927437641774,161.49902343749977
22,8.103764172335602,8.452063492063493,0.3482993197278912,172.26562499999997
23,8.452063492063493,8.823582766439909,0.37151927437641596,161.49902343750054
24,8.823582766439909,9.1718820861678,0.3482993197278912,172.26562499999997
25,9.1718820861678,9.543401360544218,0.37151927437641774,161.49902343749977
26,9.543401360544218,9.914920634920636,0.37151927437641774,161.49902343749977
27,9.914920634920636,10.286439909297052,0.37151927437641596,161.49902343750054
28,10.286439909297052,10.634739229024943,0.3482993197278912,172.26562499999997
29,10.634739229024943,11.00625850340136,0.37151927437641774,161.49902343749977
30,11.00625850340136,11.377777777777778,0.37151927437641774,161.49902343749977
31,11.377777777777778,11.749297052154194,0.37151927437641596,161.49902343750054
32,11.749297052154194,12.120816326530612,0.37151927437641774,161.49902343749977
33,12.120816326530612,12.49233560090703,0.37151927437641774,161.49902343749977
34,12.49233560090703,12.863854875283447,0.37151927437641774,161.49902343749977
35,12.863854875283447,13.235374149659863,0.37151927437641596,161.49902343750054
36,13.235374149659863,13.606893424036281,0.37151927437641774,161.49902343749977
37,13.606893424036281,13.955192743764172,0.3482993197278912,172.26562499999997
38,13.955192743764172,14.32671201814059,0.37151927437641774,161.49902343749977
39,14.32671201814059,14.698231292517006,0.37151927437641596,161.49902343750054
40,14.698231292517006,15.069750566893424,0.37151927437641774,161.49902343749977
41,15.069750566893424,15.441269841269841,0.37151927437641774,161.49902343749977
42,15.441269841269841,15.789569160997733,0.3482993197278912,172.26562499999997
43,15.789569160997733,16.16108843537415,0.37151927437641774,161.49902343749977
44,16.16108843537415,16.532607709750568,0.37151927437641774,161.49902343749977
45,16.532607709750568,16.904126984126986,0.37151927437641774,161.49902343749977
46,16.904126984126986,17.2756462585034,0.3715192743764142,161.49902343750134
47,17.2756462585034,17.647165532879818,0.37151927437641774,161.49902343749977
48,17.647165532879818,18.018684807256236,0.37151927437641774,161.49902343749977
49,18.018684807256236,18.390204081632653,0.37151927437641774,161.49902343749977
50,18.390204081632653,18.76172335600907,0.37151927437641774,161.49902343749977
51,18.76172335600907,19.11002267573696,0.3482993197278894,172.26562500000085
52,19.11002267573696,19.481541950113378,0.37151927437641774,161.49902343749977
53,19.481541950113378,19.82984126984127,0.34829931972789296,172.26562499999912
54,19.82984126984127,20.201360544217685,0.3715192743764142,161.49902343750134
55,20.201360544217685,20.54965986394558,0.34829931972789296,172.26562499999912
56,20.54965986394558,20.897959183673468,0.3482993197278894,172.26562500000085
57,20.897959183673468,21.24625850340136,0.34829931972789296,172.26562499999912
58,21.24625850340136,21.61777777777778,0.37151927437641774,161.49902343749977
59,21.61777777777778,21.966077097505668,0.3482993197278894,172.26562500000085
60,21.966077097505668,22.337596371882086,0.37151927437641774,161.49902343749977
61,22.337596371882086,22.68589569160998,0.34829931972789296,172.26562499999912
62,22.68589569160998,23.057414965986396,0.37151927437641774,161.49902343749977
63,23.057414965986396,23.42893424036281,0.3715192743764142,161.49902343750134
64,23.42893424036281,23.800453514739228,0.37151927437641774,161.49902343749977
65,23.800453514739228,24.171972789115646,0.37151927437641774,161.49902343749977
66,24.171972789115646,24.543492063492064,0.37151927437641774,161.49902343749977
67,24.543492063492064,24.91501133786848,0.37151927437641774,161.49902343749977
68,24.91501133786848,25.2865306122449,0.37151927437641774,161.49902343749977
69,25.2865306122449,25.658049886621317,0.37151927437641774,161.49902343749977
70,25.658049886621317,26.02956916099773,0.3715192743764142,161.49902343750134
71,26.02956916099773,26.40108843537415,0.37151927437641774,161.49902343749977
72,26.40108843537415,26.772607709750567,0.37151927437641774,161.49902343749977
73,26.772607709750567,27.144126984126984,0.37151927437641774,161.49902343749977
74,27.144126984126984,27.515646258503402,0.37151927437641774,161.49902343749977
75,27.515646258503402,27.88716553287982,0.37151927437641774,161.49902343749977
76,27.88716553287982,28.23546485260771,0.3482993197278894,172.26562500000085
77,28.23546485260771,28.606984126984127,0.37151927437641774,161.49902343749977
78,28.606984126984127,28.955283446712016,0.3482993197278894,172.26562500000085
79,28.955283446712016,29.326802721088434,0.37151927437641774,161.49902343749977
80,29.326802721088434,29.675102040816327,0.34829931972789296,172.26562499999912
81,29.675102040816327,30.046621315192745,0.37151927437641774,161.49902343749977
82,30.046621315192745,30.394920634920634,0.3482993197278894,172.26562500000085
83,30.394920634920634,30.743219954648527,0.34829931972789296,172.26562499999912
84,30.743219954648527,31.114739229024945,0.37151927437641774,161.49902343749977
85,31.114739229024945,31.463038548752834,0.3482993197278894,172.26562500000085
86,31.463038548752834,31.834557823129252,0.37151927437641774,161.49902343749977
87,31.834557823129252,32.182857142857145,0.34829931972789296,172.26562499999912
88,32.182857142857145,32.53115646258503,0.34829931972788586,172.26562500000261
89,32.53115646258503,32.90267573696145,0.37151927437641774,161.49902343749977
90,32.90267573696145,33.274195011337866,0.37151927437641774,161.49902343749977
91,33.274195011337866,33.62249433106576,0.34829931972789296,172.26562499999912
92,33.62249433106576,33.99401360544218,0.37151927437641774,161.49902343749977
93,33.99401360544218,34.365532879818595,0.37151927437641774,161.49902343749977
94,34.365532879818595,34.71383219954649,0.34829931972789296,172.26562499999912
95,34.71383219954649,35.085351473922906,0.37151927437641774,161.49902343749977
96,35.085351473922906,35.456870748299316,0.37151927437641064,161.49902343750287
97,35.456870748299316,35.828390022675734,0.37151927437641774,161.49902343749977
98,35.828390022675734,36.19990929705215,0.37151927437641774,161.49902343749977
99,36.19990929705215,36.57142857142857,0.37151927437641774,161.49902343749977
100,36.57142857142857,36.94294784580499,0.37151927437641774,161.49902343749977
101,36.94294784580499,37.314467120181405,0.37151927437641774,161.49902343749977
102,37.314467120181405,37.68598639455782,0.37151927437641774,161.49902343749977
103,37.68598639455782,38.05750566893424,0.37151927437641774,161.49902343749977
104,38.05750566893424,38.42902494331066,0.37151927437641774,161.49902343749977
105,38.42902494331066,38.77732426303855,0.34829931972789296,172.26562499999912
106,38.77732426303855,39.14884353741497,0.37151927437641774,161.49902343749977
107,39.14884353741497,39.52036281179139,0.37151927437641774,161.49902343749977
108,39.52036281179139,39.8918820861678,0.37151927437641064,161.49902343750287
109,39.8918820861678,40.263401360544215,0.37151927437641774,161.49902343749977
110,40.263401360544215,40.61170068027211,0.34829931972789296,172.26562499999912
111,40.61170068027211,40.983219954648526,0.37151927437641774,161.49902343749977
112,40.983219954648526,41.35473922902494,0.37151927437641774,161.49902343749977
113,41.35473922902494,41.72625850340136,0.37151927437641774,161.49902343749977
114,41.72625850340136,42.09777777777778,0.37151927437641774,161.49902343749977
115,42.09777777777778,42.4692970521542,0.37151927437641774,161.49902343749977
116,42.4692970521542,42.81759637188209,0.34829931972789296,172.26562499999912
117,42.81759637188209,43.1891156462585,0.37151927437641064,161.49902343750287
118,43.1891156462585,43.56063492063492,0.37151927437641774,161.49902343749977
119,43.56063492063492,43.932154195011336,0.37151927437641774,161.49902343749977
120,43.932154195011336,44.30367346938775,0.37151927437641774,161.49902343749977
121,44.30367346938775,44.698412698412696,0.3947392290249425,151.99908088235324
122,44.698412698412696,45.069931972789114,0.37151927437641774,161.49902343749977
123,45.069931972789114,45.44145124716553,0.37151927437641774,161.49902343749977
124,45.44145124716553,45.836190476190474,0.3947392290249425,151.99908088235324
125,45.836190476190474,46.23092970521542,0.3947392290249425,151.99908088235324
126,46.23092970521542,46.625668934240366,0.3947392290249496,151.9990808823505
127,46.625668934240366,47.02040816326531,0.3947392290249425,151.99908088235324
128,47.02040816326531,47.391927437641726,0.37151927437641774,161.49902343749977
129,47.391927437641726,47.78666666666667,0.3947392290249425,151.99908088235324
130,47.78666666666667,48.15818594104309,0.37151927437641774,161.49902343749977
131,48.15818594104309,48.529705215419504,0.37151927437641774,161.49902343749977
132,48.529705215419504,48.901224489795915,0.37151927437641064,161.49902343750287
133,48.901224489795915,49.27274376417233,0.37151927437641774,161.49902343749977
134,49.27274376417233,49.64426303854875,0.37151927437641774,161.49902343749977
135,49.64426303854875,50.01578231292517,0.37151927437641774,161.49902343749977
136,50.01578231292517,50.387301587301586,0.37151927437641774,161.49902343749977
137,50.387301587301586,50.758820861678004,0.37151927437641774,161.49902343749977
138,50.758820861678004,51.1071201814059,0.34829931972789296,172.26562499999912
139,51.1071201814059,51.478639455782314,0.37151927437641774,161.49902343749977
140,51.478639455782314,51.85015873015873,0.37151927437641774,161.49902343749977
141,51.85015873015873,52.22167800453515,0.37151927437641774,161.49902343749977
142,52.22167800453515,52.59319727891157,0.37151927437641774,161.49902343749977
143,52.59319727891157,52.964716553287985,0.37151927437641774,161.49902343749977
144,52.964716553287985,53.336235827664396,0.37151927437641064,161.49902343750287
145,53.336235827664396,53.707755102040814,0.37151927437641774,161.49902343749977
146,53.707755102040814,54.07927437641723,0.37151927437641774,161.49902343749977
147,54.07927437641723,54.427573696145124,0.34829931972789296,172.26562499999912
148,54.427573696145124,54.79909297052154,0.37151927437641774,161.49902343749977
149,54.79909297052154,55.17061224489796,0.37151927437641774,161.49902343749977
150,55.17061224489796,55.54213151927438,0.37151927437641774,161.49902343749977
151,55.54213151927438,55.89043083900227,0.34829931972789296,172.26562499999912
152,55.89043083900227,56.26195011337869,0.37151927437641774,161.49902343749977
153,56.26195011337869,56.610249433106574,0.34829931972788586,172.26562500000261
154,56.610249433106574,56.98176870748299,0.37151927437641774,161.49902343749977
155,56.98176870748299,57.330068027210885,0.34829931972789296,172.26562499999912
156,57.330068027210885,57.67836734693878,0.34829931972789296,172.26562499999912
157,57.67836734693878,58.026666666666664,0.34829931972788586,172.26562500000261
158,58.026666666666664,58.39818594104308,0.37151927437641774,161.49902343749977
159,58.39818594104308,58.746485260770974,0.34829931972789296,172.26562499999912
160,58.746485260770974,59.11800453514739,0.37151927437641774,161.49902343749977
161,59.11800453514739,59.466303854875285,0.34829931972789296,172.26562499999912
162,59.466303854875285,59.8378231292517,0.37151927437641774,161.49902343749977
163,59.8378231292517,60.20934240362812,0.37151927437641774,161.49902343749977
164,60.20934240362812,60.58086167800454,0.37151927437641774,161.49902343749977
165,60.58086167800454,60.929160997732424,0.34829931972788586,172.26562500000261
166,60.929160997732424,61.32390022675737,0.3947392290249425,151.99908088235324
167,61.32390022675737,61.695419501133784,0.37151927437641774,161.49902343749977
168,61.695419501133784,62.0669387755102,0.37151927437641774,161.49902343749977
169,62.0669387755102,62.43845804988662,0.37151927437641774,161.49902343749977
170,62.43845804988662,62.80997732426304,0.37151927437641774,161.49902343749977
171,62.80997732426304,63.181496598639455,0.37151927437641774,161.49902343749977
172,63.181496598639455,63.52979591836735,0.34829931972789296,172.26562499999912
173,63.52979591836735,63.901315192743766,0.37151927437641774,161.49902343749977
174,63.901315192743766,64.27283446712018,0.37151927437641064,161.49902343750287
175,64.27283446712018,64.62113378684808,0.34829931972790007,172.2656249999956
176,64.62113378684808,64.99265306122449,0.37151927437641064,161.49902343750287
177,64.99265306122449,65.34095238095239,0.34829931972790007,172.2656249999956
178,65.34095238095239,65.68925170068027,0.34829931972788586,172.26562500000261
179,65.68925170068027,66.06077097505668,0.37151927437641064,161.49902343750287
180,66.06077097505668,66.40907029478458,0.34829931972790007,172.2656249999956
181,66.40907029478458,66.780589569161,0.37151927437641064,161.49902343750287
182,66.780589569161,67.1288888888889,0.34829931972790007,172.2656249999956
183,67.1288888888889,67.47718820861678,0.34829931972788586,172.26562500000261
184,67.47718820861678,67.84870748299319,0.37151927437641064,161.49902343750287
185,67.84870748299319,68.19700680272109,0.34829931972790007,172.2656249999956
186,68.19700680272109,68.5685260770975,0.37151927437641064,161.49902343750287
187,68.5685260770975,68.9168253968254,0.34829931972790007,172.2656249999956
188,68.9168253968254,69.28834467120181,0.37151927437641064,161.49902343750287
189,69.28834467120181,69.6366439909297,0.34829931972788586,172.26562500000261
190,69.6366439909297,69.9849433106576,0.34829931972790007,172.2656249999956
191,69.9849433106576,70.35646258503401,0.37151927437641064,161.49902343750287
192,70.35646258503401,70.70476190476191,0.34829931972790007,172.2656249999956
193,70.70476190476191,71.07628117913832,0.37151927437641064,161.49902343750287
194,71.07628117913832,71.42458049886622,0.34829931972790007,172.2656249999956
195,71.42458049886622,71.79609977324263,0.37151927437641064,161.49902343750287
196,71.79609977324263,72.14439909297052,0.34829931972788586,172.26562500000261
197,72.14439909297052,72.51591836734694,0.37151927437642485,161.4990234374967
198,72.51591836734694,72.86421768707483,0.34829931972788586,172.26562500000261
199,72.86421768707483,73.23573696145125,0.37151927437642485,161.4990234374967
200,73.23573696145125,73.60725623582766,0.37151927437641064,161.49902343750287
201,73.60725623582766,73.95555555555555,0.34829931972788586,172.26562500000261
202,73.95555555555555,74.32707482993197,0.37151927437642485,161.4990234374967
203,74.32707482993197,74.67537414965986,0.34829931972788586,172.26562500000261
204,74.67537414965986,75.04689342403628,0.37151927437642485,161.4990234374967
205,75.04689342403628,75.39519274376417,0.34829931972788586,172.26562500000261
206,75.39519274376417,75.7667120181406,0.37151927437642485,161.4990234374967
207,75.7667120181406,76.11501133786848,0.34829931972788586,172.26562500000261
208,76.11501133786848,76.48653061224489,0.37151927437641064,161.49902343750287
209,76.48653061224489,76.83482993197279,0.34829931972790007,172.2656249999956
210,76.83482993197279,77.18312925170068,0.34829931972788586,172.26562500000261
211,77.18312925170068,77.5546485260771,0.37151927437642485,161.4990234374967
212,77.5546485260771,77.90294784580499,0.34829931972788586,172.26562500000261
213,77.90294784580499,78.27446712018141,0.37151927437642485,161.4990234374967
214,78.27446712018141,78.6227664399093,0.34829931972788586,172.26562500000261
215,78.6227664399093,78.97106575963718,0.34829931972788586,172.26562500000261
216,78.97106575963718,79.34258503401361,0.37151927437642485,161.4990234374967
217,79.34258503401361,79.6908843537415,0.34829931972788586,172.26562500000261
218,79.6908843537415,80.03918367346938,0.34829931972788586,172.26562500000261
219,80.03918367346938,80.4107029478458,0.37151927437642485,161.4990234374967
220,80.4107029478458,80.78222222222222,0.37151927437641064,161.49902343750287
221,80.78222222222222,81.13052154195012,0.34829931972790007,172.2656249999956
222,81.13052154195012,81.50204081632653,0.37151927437641064,161.49902343750287
223,81.50204081632653,81.87356009070295,0.37151927437642485,161.4990234374967
224,81.87356009070295,82.24507936507936,0.37151927437641064,161.49902343750287
225,82.24507936507936,82.61659863945579,0.37151927437642485,161.4990234374967
226,82.61659863945579,82.9881179138322,0.37151927437641064,161.49902343750287
227,82.9881179138322,83.35963718820862,0.37151927437642485,161.4990234374967
228,83.35963718820862,83.73115646258503,0.37151927437641064,161.49902343750287
229,83.73115646258503,84.10267573696144,0.37151927437641064,161.49902343750287
230,84.10267573696144,84.45097505668934,0.34829931972790007,172.2656249999956
231,84.45097505668934,84.82249433106576,0.37151927437641064,161.49902343750287
232,84.82249433106576,85.17079365079366,0.34829931972790007,172.2656249999956
233,85.17079365079366,85.54231292517007,0.37151927437641064,161.49902343750287
234,85.54231292517007,85.89061224489797,0.34829931972790007,172.2656249999956
235,85.89061224489797,86.23891156462585,0.34829931972788586,172.26562500000261
236,86.23891156462585,86.61043083900226,0.37151927437641064,161.49902343750287
237,86.61043083900226,86.95873015873016,0.34829931972790007,172.2656249999956
238,86.95873015873016,87.30702947845805,0.34829931972788586,172.26562500000261
239,87.30702947845805,87.67854875283447,0.37151927437642485,161.4990234374967
240,87.67854875283447,88.02684807256236,0.34829931972788586,172.26562500000261
241,88.02684807256236,88.39836734693877,0.37151927437641064,161.49902343750287
242,88.39836734693877,88.74666666666667,0.34829931972790007,172.2656249999956
243,88.74666666666667,89.09496598639456,0.34829931972788586,172.26562500000261
244,89.09496598639456,89.46648526077098,0.37151927437642485,161.4990234374967
245,89.46648526077098,89.81478458049887,0.34829931972788586,172.26562500000261
246,89.81478458049887,90.16308390022675,0.34829931972788586,172.26562500000261
247,90.16308390022675,90.53460317460318,0.37151927437642485,161.4990234374967
248,90.53460317460318,90.88290249433106,0.34829931972788586,172.26562500000261
249,90.88290249433106,91.25442176870749,0.37151927437642485,161.4990234374967
250,91.25442176870749,91.60272108843537,0.34829931972788586,172.26562500000261
251,91.60272108843537,91.9742403628118,0.37151927437642485,161.4990234374967
252,91.9742403628118,92.32253968253968,0.34829931972788586,172.26562500000261
253,92.32253968253968,92.67083900226757,0.34829931972788586,172.26562500000261
254,92.67083900226757,93.042358276644,0.37151927437642485,161.4990234374967
255,93.042358276644,93.39065759637188,0.34829931972788586,172.26562500000261
256,93.39065759637188,93.7621768707483,0.37151927437642485,161.4990234374967
257,93.7621768707483,94.11047619047619,0.34829931972788586,172.26562500000261
258,94.11047619047619,94.4819954648526,0.37151927437641064,161.49902343750287
259,94.4819954648526,94.85351473922903,0.37151927437642485,161.4990234374967
260,94.85351473922903,95.20181405895691,0.34829931972788586,172.26562500000261
261,95.20181405895691,95.57333333333334,0.37151927437642485,161.4990234374967
262,95.57333333333334,95.92163265306122,0.34829931972788586,172.26562500000261
263,95.92163265306122,96.29315192743765,0.37151927437642485,161.4990234374967
264,96.29315192743765,96.64145124716553,0.34829931972788586,172.26562500000261
265,96.64145124716553,97.01297052154194,0.37151927437641064,161.49902343750287
266,97.01297052154194,97.36126984126984,0.34829931972790007,172.2656249999956
267,97.36126984126984,97.73278911564626,0.37151927437641064,161.49902343750287
268,97.73278911564626,98.08108843537416,0.34829931972790007,172.2656249999956
269,98.08108843537416,98.45260770975057,0.37151927437641064,161.49902343750287
270,98.45260770975057,98.82412698412699,0.37151927437642485,161.4990234374967
271,98.82412698412699,99.17242630385488,0.34829931972788586,172.26562500000261
272,99.17242630385488,99.54394557823129,0.37151927437641064,161.49902343750287
273,99.54394557823129,99.91546485260771,0.37151927437642485,161.4990234374967
274,99.91546485260771,100.28698412698412,0.37151927437641064,161.49902343750287
275,100.28698412698412,100.65850340136055,0.37151927437642485,161.4990234374967
276,100.65850340136055,101.03002267573696,0.37151927437641064,161.49902343750287
277,101.03002267573696,101.40154195011338,0.37151927437642485,161.4990234374967
278,101.40154195011338,101.74984126984127,0.34829931972788586,172.26562500000261
279,101.74984126984127,102.1213605442177,0.37151927437642485,161.4990234374967
280,102.1213605442177,102.46965986394558,0.34829931972788586,172.26562500000261
281,102.46965986394558,102.84117913832199,0.37151927437641064,161.49902343750287
282,102.84117913832199,103.18947845804989,0.34829931972790007,172.2656249999956
283,103.18947845804989,103.53777777777778,0.34829931972788586,172.26562500000261
284,103.53777777777778,103.9092970521542,0.37151927437642485,161.4990234374967
285,103.9092970521542,104.25759637188209,0.34829931972788586,172.26562500000261
286,104.25759637188209,104.60589569160997,0.34829931972788586,172.26562500000261
287,104.60589569160997,104.9774149659864,0.37151927437642485,161.4990234374967
288,104.9774149659864,105.32571428571428,0.34829931972788586,172.26562500000261
289,105.32571428571428,105.67401360544218,0.34829931972790007,172.2656249999956
290,105.67401360544218,106.0455328798186,0.37151927437641064,161.49902343750287
291,106.0455328798186,106.39383219954648,0.34829931972788586,172.26562500000261
292,106.39383219954648,106.74213151927438,0.34829931972790007,172.2656249999956
293,106.74213151927438,107.11365079365079,0.37151927437641064,161.49902343750287
294,107.11365079365079,107.46195011337869,0.34829931972790007,172.2656249999956
295,107.46195011337869,107.81024943310658,0.34829931972788586,172.26562500000261
296,107.81024943310658,108.18176870748299,0.37151927437641064,161.49902343750287
297,108.18176870748299,108.53006802721089,0.34829931972790007,172.2656249999956
298,108.53006802721089,108.9015873015873,0.37151927437641064,161.49902343750287
299,108.9015873015873,109.2498866213152,0.34829931972790007,172.2656249999956
300,109.2498866213152,109.62140589569161,0.37151927437641064,161.49902343750287
301,109.62140589569161,109.9697052154195,0.34829931972788586,172.26562500000261
302,109.9697052154195,110.34122448979592,0.37151927437642485,161.4990234374967
303,110.34122448979592,110.6895238095238,0.34829931972788586,172.26562500000261
304,110.6895238095238,111.06104308390023,0.37151927437642485,161.4990234374967
305,111.06104308390023,111.43256235827664,0.37151927437641064,161.49902343750287
306,111.43256235827664,111.78086167800454,0.34829931972790007,172.2656249999956
307,111.78086167800454,112.12916099773243,0.34829931972788586,172.26562500000261
308,112.12916099773243,112.50068027210884,0.37151927437641064,161.49902343750287
309,112.50068027210884,112.84897959183674,0.34829931972790007,172.2656249999956
310,112.84897959183674,113.22049886621315,0.37151927437641064,161.49902343750287
311,113.22049886621315,113.56879818594105,0.34829931972790007,172.2656249999956
312,113.56879818594105,113.94031746031746,0.37151927437641064,161.49902343750287
313,113.94031746031746,114.31183673469388,0.37151927437642485,161.4990234374967
314,114.31183673469388,114.66013605442177,0.34829931972788586,172.26562500000261
315,114.66013605442177,115.03165532879818,0.37151927437641064,161.49902343750287
316,115.03165532879818,115.4031746031746,0.37151927437642485,161.4990234374967
317,115.4031746031746,115.77469387755102,0.37151927437641064,161.49902343750287
318,115.77469387755102,116.14621315192744,0.37151927437642485,161.4990234374967
319,116.14621315192744,116.51773242630385,0.37151927437641064,161.49902343750287
320,116.51773242630385,116.88925170068028,0.37151927437642485,161.4990234374967
321,116.88925170068028,117.26077097505669,0.37151927437641064,161.49902343750287
322,117.26077097505669,117.63229024943311,0.37151927437642485,161.4990234374967
323,117.63229024943311,118.00380952380952,0.37151927437641064,161.49902343750287
324,118.00380952380952,118.37532879818595,0.37151927437642485,161.4990234374967
325,118.37532879818595,118.72362811791383,0.34829931972788586,172.26562500000261
326,118.72362811791383,119.09514739229024,0.37151927437641064,161.49902343750287
327,119.09514739229024,119.44344671201814,0.34829931972790007,172.2656249999956
328,119.44344671201814,119.81496598639455,0.37151927437641064,161.49902343750287
329,119.81496598639455,120.16326530612245,0.34829931972790007,172.2656249999956
330,120.16326530612245,120.53478458049887,0.37151927437641064,161.49902343750287
331,120.53478458049887,120.88308390022675,0.34829931972788586,172.26562500000261
332,120.88308390022675,121.25460317460318,0.37151927437642485,161.4990234374967
333,121.25460317460318,121.60290249433106,0.34829931972788586,172.26562500000261
334,121.60290249433106,121.97442176870749,0.37151927437642485,161.4990234374967
335,121.97442176870749,122.32272108843537,0.34829931972788586,172.26562500000261
336,122.32272108843537,122.6942403628118,0.37151927437642485,161.4990234374967
337,122.6942403628118,123.06575963718821,0.37151927437641064,161.49902343750287
338,123.06575963718821,123.4140589569161,0.34829931972788586,172.26562500000261
339,123.4140589569161,123.78557823129252,0.37151927437642485,161.4990234374967
340,123.78557823129252,124.1338775510204,0.34829931972788586,172.26562500000261
341,124.1338775510204,124.50539682539683,0.37151927437642485,161.4990234374967
342,124.50539682539683,124.85369614512472,0.34829931972788586,172.26562500000261
343,124.85369614512472,125.22521541950114,0.37151927437642485,161.4990234374967
344,125.22521541950114,125.57351473922903,0.34829931972788586,172.26562500000261
345,125.57351473922903,125.94503401360544,0.37151927437641064,161.49902343750287
346,125.94503401360544,126.29333333333334,0.34829931972790007,172.2656249999956
347,126.29333333333334,126.66485260770975,0.37151927437641064,161.49902343750287
348,126.66485260770975,127.01315192743765,0.34829931972790007,172.2656249999956
349,127.01315192743765,127.36145124716553,0.34829931972788586,172.26562500000261
350,127.36145124716553,127.73297052154194,0.37151927437641064,161.49902343750287
351,127.73297052154194,128.08126984126983,0.34829931972788586,172.26562500000261
352,128.08126984126983,128.45278911564625,0.37151927437642485,161.4990234374967
353,128.45278911564625,128.80108843537414,0.34829931972788586,172.26562500000261
354,128.80108843537414,129.17260770975057,0.37151927437642485,161.4990234374967
355,129.17260770975057,129.52090702947845,0.34829931972788586,172.26562500000261
356,129.52090702947845,129.89242630385488,0.37151927437642485,161.4990234374967
357,129.89242630385488,130.24072562358276,0.34829931972788586,172.26562500000261
358,130.24072562358276,130.6122448979592,0.37151927437642485,161.4990234374967
359,130.6122448979592,130.96054421768707,0.34829931972788586,172.26562500000261
360,130.96054421768707,131.3320634920635,0.37151927437642485,161.4990234374967
361,131.3320634920635,131.68036281179138,0.34829931972788586,172.26562500000261
362,131.68036281179138,132.0518820861678,0.37151927437642485,161.4990234374967
363,132.0518820861678,132.4001814058957,0.34829931972788586,172.26562500000261
364,132.4001814058957,132.77170068027212,0.37151927437642485,161.4990234374967
365,132.77170068027212,133.12,0.34829931972788586,172.26562500000261
366,133.12,133.49151927437643,0.37151927437642485,161.4990234374967
367,133.49151927437643,133.83981859410432,0.34829931972788586,172.26562500000261
368,133.83981859410432,134.2113378684807,0.3715192743763964,161.49902343750904
369,134.2113378684807,134.55963718820863,0.3482993197279143,172.26562499998857
370,134.55963718820863,134.93115646258502,0.3715192743763964,161.49902343750904
371,134.93115646258502,135.27945578231294,0.3482993197279143,172.26562499998857
372,135.27945578231294,135.65097505668933,0.3715192743763964,161.49902343750904
373,135.65097505668933,135.99927437641725,0.3482993197279143,172.26562499998857
374,135.99927437641725,136.37079365079364,0.3715192743763964,161.49902343750904
375,136.37079365079364,136.71909297052153,0.34829931972788586,172.26562500000261
376,136.71909297052153,137.09061224489795,0.37151927437642485,161.4990234374967
377,137.09061224489795,137.43891156462584,0.34829931972788586,172.26562500000261
378,137.43891156462584,137.81043083900227,0.37151927437642485,161.4990234374967
379,137.81043083900227,138.15873015873015,0.34829931972788586,172.26562500000261
380,138.15873015873015,138.50702947845804,0.34829931972788586,172.26562500000261
381,138.50702947845804,138.87854875283446,0.37151927437642485,161.4990234374967
382,138.87854875283446,139.22684807256235,0.34829931972788586,172.26562500000261
383,139.22684807256235,139.59836734693877,0.37151927437642485,161.4990234374967
384,139.59836734693877,139.94666666666666,0.34829931972788586,172.26562500000261
385,139.94666666666666,140.31818594104308,0.37151927437642485,161.4990234374967
386,140.31818594104308,140.6897052154195,0.37151927437642485,161.4990234374967
387,140.6897052154195,141.0380045351474,0.34829931972788586,172.26562500000261
388,141.0380045351474,141.40952380952382,0.37151927437642485,161.4990234374967
389,141.40952380952382,141.78104308390022,0.3715192743763964,161.49902343750904
390,141.78104308390022,142.12934240362813,0.3482993197279143,172.26562499998857
391,142.12934240362813,142.50086167800453,0.3715192743763964,161.49902343750904
392,142.50086167800453,142.87238095238095,0.37151927437642485,161.4990234374967
393,142.87238095238095,143.22068027210884,0.34829931972788586,172.26562500000261
394,143.22068027210884,143.59219954648526,0.37151927437642485,161.4990234374967
395,143.59219954648526,143.94049886621315,0.34829931972788586,172.26562500000261
396,143.94049886621315,144.28879818594103,0.34829931972788586,172.26562500000261
397,144.28879818594103,144.66031746031746,0.37151927437642485,161.4990234374967
398,144.66031746031746,145.00861678004534,0.34829931972788586,172.26562500000261
399,145.00861678004534,145.38013605442177,0.37151927437642485,161.4990234374967
400,145.38013605442177,145.72843537414965,0.34829931972788586,172.26562500000261
401,145.72843537414965,146.09995464852608,0.37151927437642485,161.4990234374967
402,146.09995464852608,146.44825396825397,0.34829931972788586,172.26562500000261
403,146.44825396825397,146.79655328798185,0.34829931972788586,172.26562500000261
404,146.79655328798185,147.16807256235828,0.37151927437642485,161.4990234374967
405,147.16807256235828,147.51637188208616,0.34829931972788586,172.26562500000261
406,147.51637188208616,147.8878911564626,0.37151927437642485,161.4990234374967
407,147.8878911564626,148.23619047619047,0.34829931972788586,172.26562500000261
408,148.23619047619047,148.58448979591836,0.34829931972788586,172.26562500000261
409,148.58448979591836,148.95600907029478,0.37151927437642485,161.4990234374967
410,148.95600907029478,149.30430839002267,0.34829931972788586,172.26562500000261
411,149.30430839002267,149.65260770975055,0.34829931972788586,172.26562500000261
412,149.65260770975055,150.02412698412698,0.37151927437642485,161.4990234374967
413,150.02412698412698,150.3956462585034,0.37151927437642485,161.4990234374967
414,150.3956462585034,150.7439455782313,0.34829931972788586,172.26562500000261
415,150.7439455782313,151.11546485260772,0.37151927437642485,161.4990234374967
416,151.11546485260772,151.48698412698414,0.37151927437642485,161.4990234374967
417,151.48698412698414,151.85850340136054,0.3715192743763964,161.49902343750904
418,151.85850340136054,152.23002267573696,0.37151927437642485,161.4990234374967
419,152.23002267573696,152.6015419501134,0.37151927437642485,161.4990234374967
420,152.6015419501134,152.99628117913832,0.3947392290249354,151.99908088235597
421,152.99628117913832,153.36780045351475,0.37151927437642485,161.4990234374967
422,153.36780045351475,153.73931972789114,0.3715192743763964,161.49902343750904
423,153.73931972789114,154.08761904761906,0.3482993197279143,172.26562499998857
424,154.08761904761906,154.45913832199545,0.3715192743763964,161.49902343750904
425,154.45913832199545,154.83065759637188,0.37151927437642485,161.4990234374967
426,154.83065759637188,155.17895691609976,0.34829931972788586,172.26562500000261
427,155.17895691609976,155.52725623582765,0.34829931972788586,172.26562500000261
428,155.52725623582765,155.89877551020408,0.37151927437642485,161.4990234374967
429,155.89877551020408,156.24707482993196,0.34829931972788586,172.26562500000261
430,156.24707482993196,156.6185941043084,0.37151927437642485,161.4990234374967
431,156.6185941043084,156.96689342403627,0.34829931972788586,172.26562500000261
432,156.96689342403627,157.3384126984127,0.37151927437642485,161.4990234374967
433,157.3384126984127,157.70993197278912,0.37151927437642485,161.4990234374967
434,157.70993197278912,158.08145124716555,0.37151927437642485,161.4990234374967
435,158.08145124716555,158.45297052154194,0.3715192743763964,161.49902343750904
436,158.45297052154194,158.80126984126983,0.34829931972788586,172.26562500000261
437,158.80126984126983,159.17278911564625,0.37151927437642485,161.4990234374967
438,159.17278911564625,159.54430839002268,0.37151927437642485,161.4990234374967
439,159.54430839002268,159.9158276643991,0.37151927437642485,161.4990234374967
440,159.9158276643991,160.264126984127,0.34829931972788586,172.26562500000261
441,160.264126984127,160.61242630385487,0.34829931972788586,172.26562500000261
442,160.61242630385487,160.9839455782313,0.37151927437642485,161.4990234374967
443,160.9839455782313,161.33224489795919,0.34829931972788586,172.26562500000261
444,161.33224489795919,161.68054421768707,0.34829931972788586,172.26562500000261
445,161.68054421768707,162.0520634920635,0.37151927437642485,161.4990234374967
446,162.0520634920635,162.40036281179138,0.34829931972788586,172.26562500000261
447,162.40036281179138,162.7718820861678,0.37151927437642485,161.4990234374967
448,162.7718820861678,163.14340136054423,0.37151927437642485,161.4990234374967
449,163.14340136054423,163.51492063492063,0.3715192743763964,161.49902343750904
450,163.51492063492063,163.88643990929705,0.37151927437642485,161.4990234374967
451,163.88643990929705,164.23473922902494,0.34829931972788586,172.26562500000261
452,164.23473922902494,164.60625850340136,0.37151927437642485,161.4990234374967
453,164.60625850340136,164.9777777777778,0.37151927437642485,161.4990234374967
454,164.9777777777778,165.34929705215418,0.3715192743763964,161.49902343750904
455,165.34929705215418,165.6975963718821,0.3482993197279143,172.26562499998857
456,165.6975963718821,166.0691156462585,0.3715192743763964,161.49902343750904
457,166.0691156462585,166.41741496598638,0.34829931972788586,172.26562500000261
458,166.41741496598638,166.7889342403628,0.37151927437642485,161.4990234374967
459,166.7889342403628,167.1372335600907,0.34829931972788586,172.26562500000261
460,167.1372335600907,167.4855328798186,0.3482993197279143,172.26562499998857
461,167.4855328798186,167.8338321995465,0.34829931972788586,172.26562500000261
462,167.8338321995465,168.2053514739229,0.3715192743763964,161.49902343750904
463,168.2053514739229,168.5536507936508,0.3482993197279143,172.26562499998857
464,168.5536507936508,168.9251700680272,0.3715192743763964,161.49902343750904
465,168.9251700680272,169.2734693877551,0.3482993197279143,172.26562499998857
466,169.2734693877551,169.621768707483,0.34829931972788586,172.26562500000261
467,169.621768707483,169.99328798185942,0.37151927437642485,161.4990234374967
468,169.99328798185942,170.3415873015873,0.34829931972788586,172.26562500000261
469,170.3415873015873,170.7131065759637,0.3715192743763964,161.49902343750904
470,170.7131065759637,171.06140589569162,0.3482993197279143,172.26562499998857
471,171.06140589569162,171.43292517006802,0.3715192743763964,161.49902343750904
472,171.43292517006802,171.78122448979593,0.3482993197279143,172.26562499998857
473,171.78122448979593,172.15274376417233,0.3715192743763964,161.49902343750904
474,172.15274376417233,172.5010430839002,0.34829931972788586,172.26562500000261
475,172.5010430839002,172.87256235827664,0.37151927437642485,161.4990234374967
476,172.87256235827664,173.22086167800452,0.34829931972788586,172.26562500000261
477,173.22086167800452,173.59238095238095,0.37151927437642485,161.4990234374967
478,173.59238095238095,173.94068027210884,0.34829931972788586,172.26562500000261
479,173.94068027210884,174.31219954648526,0.37151927437642485,161.4990234374967
480,174.31219954648526,174.68371882086169,0.37151927437642485,161.4990234374967
481,174.68371882086169,175.03201814058957,0.34829931972788586,172.26562500000261
482,175.03201814058957,175.403537414966,0.37151927437642485,161.4990234374967
483,175.403537414966,175.75183673469388,0.34829931972788586,172.26562500000261
484,175.75183673469388,176.1233560090703,0.37151927437642485,161.4990234374967
485,176.1233560090703,176.4716553287982,0.34829931972788586,172.26562500000261
486,176.4716553287982,176.84317460317462,0.37151927437642485,161.4990234374967
487,176.84317460317462,177.1914739229025,0.34829931972788586,172.26562500000261
488,177.1914739229025,177.5629931972789,0.3715192743763964,161.49902343750904
489,177.5629931972789,177.9112925170068,0.3482993197279143,172.26562499998857
490,177.9112925170068,178.2828117913832,0.3715192743763964,161.49902343750904
491,178.2828117913832,178.63111111111112,0.3482993197279143,172.26562499998857
492,178.63111111111112,179.00263038548752,0.3715192743763964,161.49902343750904
493,179.00263038548752,179.37414965986395,0.37151927437642485,161.4990234374967
494,179.37414965986395,179.72244897959183,0.34829931972788586,172.26562500000261
495,179.72244897959183,180.09396825396826,0.37151927437642485,161.4990234374967
496,180.09396825396826,180.46548752834468,0.37151927437642485,161.4990234374967
497,180.46548752834468,180.83700680272108,0.3715192743763964,161.49902343750904
498,180.83700680272108,181.2085260770975,0.37151927437642485,161.4990234374967
499,181.2085260770975,181.58004535147393,0.37151927437642485,161.4990234374967
500,181.58004535147393,181.9283446712018,0.34829931972788586,172.26562500000261
501,181.9283446712018,182.29986394557824,0.37151927437642485,161.4990234374967
502,182.29986394557824,182.64816326530612,0.34829931972788586,172.26562500000261
503,182.64816326530612,183.01968253968255,0.37151927437642485,161.4990234374967
504,183.01968253968255,183.36798185941043,0.34829931972788586,172.26562500000261
505,183.36798185941043,183.71628117913832,0.34829931972788586,172.26562500000261
506,183.71628117913832,184.0645804988662,0.34829931972788586,172.26562500000261
507,184.0645804988662,184.43609977324263,0.37151927437642485,161.4990234374967
508,184.43609977324263,184.78439909297052,0.34829931972788586,172.26562500000261
509,184.78439909297052,185.15591836734694,0.37151927437642485,161.4990234374967
510,185.15591836734694,185.50421768707483,0.34829931972788586,172.26562500000261
511,185.50421768707483,185.87573696145125,0.37151927437642485,161.4990234374967
512,185.87573696145125,186.24725623582768,0.37151927437642485,161.4990234374967
513,186.24725623582768,186.61877551020407,0.3715192743763964,161.49902343750904
514,186.61877551020407,186.9902947845805,0.37151927437642485,161.4990234374967
515,186.9902947845805,187.36181405895692,0.37151927437642485,161.4990234374967
516,187.36181405895692,187.73333333333332,0.3715192743763964,161.49902343750904
517,187.73333333333332,188.08163265306123,0.3482993197279143,172.26562499998857
518,188.08163265306123,188.45315192743763,0.3715192743763964,161.49902343750904
519,188.45315192743763,188.80145124716555,0.3482993197279143,172.26562499998857
520,188.80145124716555,189.14975056689343,0.34829931972788586,172.26562500000261
521,189.14975056689343,189.49804988662132,0.34829931972788586,172.26562500000261
522,189.49804988662132,189.86956916099774,0.37151927437642485,161.4990234374967
523,189.86956916099774,190.21786848072563,0.34829931972788586,172.26562500000261
524,190.21786848072563,190.5661678004535,0.34829931972788586,172.26562500000261
525,190.5661678004535,190.9144671201814,0.34829931972788586,172.26562500000261
526,190.9144671201814,191.26276643990929,0.34829931972788586,172.26562500000261
527,191.26276643990929,191.6110657596372,0.3482993197279143,172.26562499998857
528,191.6110657596372,191.95936507936509,0.34829931972788586,172.26562500000261
529,191.95936507936509,192.3308843537415,0.37151927437642485,161.4990234374967
530,192.3308843537415,192.6791836734694,0.34829931972788586,172.26562500000261
531,192.6791836734694,193.02748299319728,0.34829931972788586,172.26562500000261
532,193.02748299319728,193.37578231292517,0.34829931972788586,172.26562500000261
533,193.37578231292517,193.72408163265305,0.34829931972788586,172.26562500000261
534,193.72408163265305,194.07238095238094,0.34829931972788586,172.26562500000261
535,194.07238095238094,194.44390022675736,0.37151927437642485,161.4990234374967
536,194.44390022675736,194.79219954648525,0.34829931972788586,172.26562500000261
537,194.79219954648525,195.14049886621316,0.3482993197279143,172.26562499998857
538,195.14049886621316,195.48879818594105,0.34829931972788586,172.26562500000261
539,195.48879818594105,195.86031746031745,0.3715192743763964,161.49902343750904
540,195.86031746031745,196.20861678004536,0.3482993197279143,172.26562499998857
541,196.20861678004536,196.55691609977325,0.34829931972788586,172.26562500000261
542,196.55691609977325,196.90521541950113,0.34829931972788586,172.26562500000261
543,196.90521541950113,197.27673469387756,0.37151927437642485,161.4990234374967
544,197.27673469387756,197.62503401360544,0.34829931972788586,172.26562500000261
545,197.62503401360544,197.97333333333333,0.34829931972788586,172.26562500000261
546,197.97333333333333,198.34485260770975,0.37151927437642485,161.4990234374967
547,198.34485260770975,198.69315192743764,0.34829931972788586,172.26562500000261
548,198.69315192743764,199.06467120181406,0.37151927437642485,161.4990234374967
549,199.06467120181406,199.41297052154195,0.34829931972788586,172.26562500000261
550,199.41297052154195,199.76126984126984,0.34829931972788586,172.26562500000261
551,199.76126984126984,200.13278911564626,0.37151927437642485,161.4990234374967
552,200.13278911564626,200.48108843537415,0.34829931972788586,172.26562500000261
553,200.48108843537415,200.85260770975057,0.37151927437642485,161.4990234374967
554,200.85260770975057,201.20090702947846,0.34829931972788586,172.26562500000261
555,201.20090702947846,201.57242630385488,0.37151927437642485,161.4990234374967
556,201.57242630385488,201.92072562358277,0.34829931972788586,172.26562500000261
557,201.92072562358277,202.26902494331065,0.34829931972788586,172.26562500000261
558,202.26902494331065,202.64054421768708,0.37151927437642485,161.4990234374967
559,202.64054421768708,202.98884353741497,0.34829931972788586,172.26562500000261
560,202.98884353741497,203.33714285714285,0.34829931972788586,172.26562500000261
561,203.33714285714285,203.68544217687074,0.34829931972788586,172.26562500000261
562,203.68544217687074,204.05696145124716,0.37151927437642485,161.4990234374967
563,204.05696145124716,204.40526077097505,0.34829931972788586,172.26562500000261
564,204.40526077097505,204.75356009070296,0.3482993197279143,172.26562499998857
565,204.75356009070296,205.12507936507936,0.3715192743763964,161.49902343750904
566,205.12507936507936,205.47337868480724,0.34829931972788586,172.26562500000261
567,205.47337868480724,205.84489795918367,0.37151927437642485,161.4990234374967
568,205.84489795918367,206.19319727891155,0.34829931972788586,172.26562500000261
569,206.19319727891155,206.56471655328798,0.37151927437642485,161.4990234374967
570,206.56471655328798,206.9362358276644,0.37151927437642485,161.4990234374967
571,206.9362358276644,207.30775510204083,0.37151927437642485,161.4990234374967
572,207.30775510204083,207.67927437641723,0.3715192743763964,161.49902343750904
573,207.67927437641723,208.05079365079365,0.37151927437642485,161.4990234374967
574,208.05079365079365,208.4455328798186,0.3947392290249354,151.99908088235597
575,208.4455328798186,208.817052154195,0.37151927437642485,161.4990234374967
576,208.817052154195,209.21179138321995,0.3947392290249354,151.99908088235597
577,209.21179138321995,209.58331065759637,0.37151927437642485,161.4990234374967
578,209.58331065759637,209.9548299319728,0.37151927437642485,161.4990234374967
579,209.9548299319728,210.3263492063492,0.3715192743763964,161.49902343750904
580,210.3263492063492,210.69786848072562,0.37151927437642485,161.4990234374967
581,210.69786848072562,211.06938775510204,0.37151927437642485,161.4990234374967
582,211.06938775510204,211.41768707482993,0.34829931972788586,172.26562500000261
583,211.41768707482993,211.78920634920635,0.37151927437642485,161.4990234374967
584,211.78920634920635,212.13750566893424,0.34829931972788586,172.26562500000261
585,212.13750566893424,212.50902494331066,0.37151927437642485,161.4990234374967
586,212.50902494331066,212.85732426303855,0.34829931972788586,172.26562500000261
587,212.85732426303855,213.20562358276644,0.34829931972788586,172.26562500000261
588,213.20562358276644,213.57714285714286,0.37151927437642485,161.4990234374967
589,213.57714285714286,213.92544217687075,0.34829931972788586,172.26562500000261
590,213.92544217687075,214.27374149659863,0.34829931972788586,172.26562500000261
591,214.27374149659863,214.64526077097506,0.37151927437642485,161.4990234374967
592,214.64526077097506,214.99356009070294,0.34829931972788586,172.26562500000261
593,214.99356009070294,215.34185941043083,0.34829931972788586,172.26562500000261
594,215.34185941043083,215.71337868480725,0.37151927437642485,161.4990234374967
595,215.71337868480725,216.06167800453514,0.34829931972788586,172.26562500000261
596,216.06167800453514,216.40997732426302,0.34829931972788586,172.26562500000261
597,216.40997732426302,216.78149659863945,0.37151927437642485,161.4990234374967
598,216.78149659863945,217.12979591836734,0.34829931972788586,172.26562500000261
599,217.12979591836734,217.47809523809525,0.3482993197279143,172.26562499998857
600,217.47809523809525,217.82639455782314,0.34829931972788586,172.26562500000261
601,217.82639455782314,218.19791383219956,0.37151927437642485,161.4990234374967
602,218.19791383219956,218.54621315192745,0.34829931972788586,172.26562500000261
603,218.54621315192745,218.91773242630384,0.3715192743763964,161.49902343750904
604,218.91773242630384,219.28925170068027,0.37151927437642485,161.4990234374967
605,219.28925170068027,219.6607709750567,0.37151927437642485,161.4990234374967
606,219.6607709750567,220.05551020408163,0.3947392290249354,151.99908088235597
607,220.05551020408163,220.45024943310656,0.3947392290249354,151.99908088235597
608,220.45024943310656,220.821768707483,0.37151927437642485,161.4990234374967
609,220.821768707483,221.1932879818594,0.37151927437642485,161.4990234374967
610,221.1932879818594,221.56480725623584,0.37151927437642485,161.4990234374967
611,221.56480725623584,221.95954648526077,0.3947392290249354,151.99908088235597
612,221.95954648526077,222.3310657596372,0.37151927437642485,161.4990234374967
613,222.3310657596372,222.7025850340136,0.3715192743763964,161.49902343750904
614,222.7025850340136,223.07410430839002,0.37151927437642485,161.4990234374967
615,223.07410430839002,223.4224036281179,0.34829931972788586,172.26562500000261
616,223.4224036281179,223.79392290249433,0.37151927437642485,161.4990234374967
617,223.79392290249433,224.14222222222222,0.34829931972788586,172.26562500000261
618,224.14222222222222,224.51374149659864,0.37151927437642485,161.4990234374967
619,224.51374149659864,224.86204081632653,0.34829931972788586,172.26562500000261
620,224.86204081632653,225.23356009070295,0.37151927437642485,161.4990234374967
621,225.23356009070295,225.58185941043084,0.34829931972788586,172.26562500000261
622,225.58185941043084,225.93015873015872,0.34829931972788586,172.26562500000261
623,225.93015873015872,226.2784580498866,0.34829931972788586,172.26562500000261
624,226.2784580498866,226.64997732426303,0.37151927437642485,161.4990234374967
625,226.64997732426303,226.99827664399092,0.34829931972788586,172.26562500000261
626,226.99827664399092,227.34657596371883,0.3482993197279143,172.26562499998857
627,227.34657596371883,227.71809523809523,0.3715192743763964,161.49902343750904
628,227.71809523809523,228.06639455782312,0.34829931972788586,172.26562500000261
629,228.06639455782312,228.43791383219954,0.37151927437642485,161.4990234374967
630,228.43791383219954,228.80943310657597,0.37151927437642485,161.4990234374967
631,228.80943310657597,229.1809523809524,0.37151927437642485,161.4990234374967
632,229.1809523809524,229.5524716553288,0.3715192743763964,161.49902343750904
633,229.5524716553288,229.9239909297052,0.37151927437642485,161.4990234374967
634,229.9239909297052,230.31873015873015,0.3947392290249354,151.99908088235597
635,230.31873015873015,230.69024943310657,0.37151927437642485,161.4990234374967
636,230.69024943310657,231.061768707483,0.37151927437642485,161.4990234374967
637,231.061768707483,231.45650793650793,0.3947392290249354,151.99908088235597
638,231.45650793650793,231.82802721088436,0.37151927437642485,161.4990234374967
639,231.82802721088436,232.19954648526078,0.37151927437642485,161.4990234374967
640,232.19954648526078,232.57106575963718,0.3715192743763964,161.49902343750904
641,232.57106575963718,232.9425850340136,0.37151927437642485,161.4990234374967
642,232.9425850340136,233.33732426303854,0.3947392290249354,151.99908088235597
643,233.33732426303854,233.70884353741496,0.37151927437642485,161.4990234374967
644,233.70884353741496,234.0803628117914,0.37151927437642485,161.4990234374967
645,234.0803628117914,234.4518820861678,0.37151927437642485,161.4990234374967
646,234.4518820861678,234.8234013605442,0.3715192743763964,161.49902343750904
647,234.8234013605442,235.19492063492063,0.37151927437642485,161.4990234374967
648,235.19492063492063,235.56643990929706,0.37151927437642485,161.4990234374967
649,235.56643990929706,235.961179138322,0.3947392290249354,151.99908088235597
650,235.961179138322,236.33269841269842,0.37151927437642485,161.4990234374967
651,236.33269841269842,236.70421768707482,0.3715192743763964,161.49902343750904
652,236.70421768707482,237.07573696145124,0.37151927437642485,161.4990234374967
653,237.07573696145124,237.44725623582767,0.37151927437642485,161.4990234374967
654,237.44725623582767,237.8187755102041,0.37151927437642485,161.4990234374967
655,237.8187755102041,238.1902947845805,0.3715192743763964,161.49902343750904
656,238.1902947845805,238.5618140589569,0.37151927437642485,161.4990234374967
657,238.5618140589569,238.93333333333334,0.37151927437642485,161.4990234374967
658,238.93333333333334,239.32807256235827,0.3947392290249354,151.99908088235597
659,239.32807256235827,239.6995918367347,0.37151927437642485,161.4990234374967
660,239.6995918367347,240.07111111111112,0.37151927437642485,161.4990234374967
661,240.07111111111112,240.44263038548752,0.3715192743763964,161.49902343750904
662,240.44263038548752,240.81414965986394,0.37151927437642485,161.4990234374967
663,240.81414965986394,241.18566893424037,0.37151927437642485,161.4990234374967
664,241.18566893424037,241.5571882086168,0.37151927437642485,161.4990234374967
665,241.5571882086168,241.9287074829932,0.3715192743763964,161.49902343750904
666,241.9287074829932,242.30022675736961,0.37151927437642485,161.4990234374967
667,242.30022675736961,242.69496598639455,0.3947392290249354,151.99908088235597
668,242.69496598639455,243.06648526077097,0.37151927437642485,161.4990234374967
669,243.06648526077097,243.4380045351474,0.37151927437642485,161.4990234374967
670,243.4380045351474,243.8095238095238,0.3715192743763964,161.49902343750904
671,243.8095238095238,244.18104308390022,0.37151927437642485,161.4990234374967
672,244.18104308390022,244.55256235827665,0.37151927437642485,161.4990234374967
673,244.55256235827665,244.92408163265307,0.37151927437642485,161.4990234374967
674,244.92408163265307,245.318820861678,0.3947392290249354,151.99908088235597
675,245.318820861678,245.69034013605443,0.37151927437642485,161.4990234374967
676,245.69034013605443,246.06185941043083,0.3715192743763964,161.49902343750904
677,246.06185941043083,246.43337868480725,0.37151927437642485,161.4990234374967
678,246.43337868480725,246.80489795918368,0.37151927437642485,161.4990234374967
679,246.80489795918368,247.1996371882086,0.3947392290249354,151.99908088235597
680,247.1996371882086,247.57115646258504,0.37151927437642485,161.4990234374967
681,247.57115646258504,247.94267573696146,0.37151927437642485,161.4990234374967
682,247.94267573696146,248.31419501133786,0.3715192743763964,161.49902343750904
683,248.31419501133786,248.68571428571428,0.37151927437642485,161.4990234374967
684,248.68571428571428,249.0572335600907,0.37151927437642485,161.4990234374967
685,249.0572335600907,249.42875283446713,0.37151927437642485,161.4990234374967
686,249.42875283446713,249.82349206349207,0.3947392290249354,151.99908088235597
687,249.82349206349207,250.1950113378685,0.37151927437642485,161.4990234374967
688,250.1950113378685,250.5665306122449,0.3715192743763964,161.49902343750904
689,250.5665306122449,250.93804988662131,0.37151927437642485,161.4990234374967
690,250.93804988662131,251.30956916099774,0.37151927437642485,161.4990234374967
691,251.30956916099774,251.68108843537414,0.3715192743763964,161.49902343750904
692,251.68108843537414,252.05260770975056,0.37151927437642485,161.4990234374967
693,252.05260770975056,252.42412698412699,0.37151927437642485,161.4990234374967
694,252.42412698412699,252.7956462585034,0.37151927437642485,161.4990234374967
695,252.7956462585034,253.1671655328798,0.3715192743763964,161.49902343750904
696,253.1671655328798,253.56190476190477,0.39473922902496383,151.99908088234503
697,253.56190476190477,253.93342403628117,0.3715192743763964,161.49902343750904
698,253.93342403628117,254.3049433106576,0.37151927437642485,161.4990234374967
699,254.3049433106576,254.69968253968253,0.3947392290249354,151.99908088235597
700,254.69968253968253,255.0944217687075,0.39473922902496383,151.99908088234503
701,255.0944217687075,255.4659410430839,0.3715192743763964,161.49902343750904
702,255.4659410430839,255.86068027210885,0.39473922902496383,151.99908088234503
703,255.86068027210885,256.2321995464853,0.37151927437642485,161.4990234374967
704,256.2321995464853,256.6037188208617,0.3715192743763964,161.49902343750904
705,256.6037188208617,256.97523809523807,0.3715192743763964,161.49902343750904
706,256.97523809523807,257.3467573696145,0.37151927437645327,161.49902343748434
707,257.3467573696145,257.7182766439909,0.3715192743763964,161.49902343750904
708,257.7182766439909,258.0897959183674,0.37151927437645327,161.49902343748434
709,258.0897959183674,258.46131519274377,0.3715192743763964,161.49902343750904
710,258.46131519274377,258.83283446712016,0.3715192743763964,161.49902343750904
711,258.83283446712016,259.2043537414966,0.37151927437645327,161.49902343748434
712,259.2043537414966,259.575873015873,0.3715192743763964,161.49902343750904
713,259.575873015873,259.9473922902494,0.3715192743763964,161.49902343750904
714,259.9473922902494,260.31891156462586,0.37151927437645327,161.49902343748434
715,260.31891156462586,260.69043083900226,0.3715192743763964,161.49902343750904
716,260.69043083900226,261.06195011337866,0.3715192743763964,161.49902343750904
717,261.06195011337866,261.41024943310657,0.3482993197279143,172.26562499998857
718,261.41024943310657,261.78176870748297,0.3715192743763964,161.49902343750904
719,261.78176870748297,262.1532879818594,0.37151927437645327,161.49902343748434
720,262.1532879818594,262.5015873015873,0.34829931972785744,172.26562500001668
721,262.5015873015873,262.87310657596373,0.37151927437645327,161.49902343748434
722,262.87310657596373,263.2214058956916,0.34829931972785744,172.26562500001668
723,263.2214058956916,263.5697052154195,0.3482993197279143,172.26562499998857
724,263.5697052154195,263.9412244897959,0.3715192743763964,161.49902343750904
725,263.9412244897959,264.2895238095238,0.3482993197279143,172.26562499998857
726,264.2895238095238,264.63782312925173,0.3482993197279143,172.26562499998857
727,264.63782312925173,265.0093424036281,0.3715192743763964,161.49902343750904
728,265.0093424036281,265.357641723356,0.34829931972785744,172.26562500001668
729,265.357641723356,265.72916099773244,0.37151927437645327,161.49902343748434
730,265.72916099773244,266.10068027210883,0.3715192743763964,161.49902343750904
731,266.10068027210883,266.4721995464853,0.37151927437645327,161.49902343748434
732,266.4721995464853,266.8437188208617,0.3715192743763964,161.49902343750904
733,266.8437188208617,267.2152380952381,0.3715192743763964,161.49902343750904
734,267.2152380952381,267.58675736961453,0.37151927437645327,161.49902343748434
735,267.58675736961453,267.9582766439909,0.3715192743763964,161.49902343750904
736,267.9582766439909,268.3297959183673,0.3715192743763964,161.49902343750904
737,268.3297959183673,268.7245351473923,0.39473922902499226,151.99908088233408
738,268.7245351473923,269.0960544217687,0.3715192743763964,161.49902343750904
739,269.0960544217687,269.4675736961451,0.3715192743763964,161.49902343750904
740,269.4675736961451,269.83909297052156,0.37151927437645327,161.49902343748434
741,269.83909297052156,270.2338321995465,0.3947392290249354,151.99908088235597
742,270.2338321995465,270.6053514739229,0.3715192743763964,161.49902343750904
743,270.6053514739229,270.97687074829935,0.37151927437645327,161.49902343748434
744,270.97687074829935,271.34839002267574,0.3715192743763964,161.49902343750904
745,271.34839002267574,271.7431292517007,0.3947392290249354,151.99908088235597
746,271.7431292517007,272.1146485260771,0.3715192743763964,161.49902343750904
747,272.1146485260771,272.48616780045353,0.37151927437645327,161.49902343748434
748,272.48616780045353,272.8576870748299,0.3715192743763964,161.49902343750904
749,272.8576870748299,273.25242630385486,0.3947392290249354,151.99908088235597
750,273.25242630385486,273.6239455782313,0.37151927437645327,161.49902343748434
751,273.6239455782313,273.9954648526077,0.3715192743763964,161.49902343750904
752,273.9954648526077,274.3669841269841,0.3715192743763964,161.49902343750904
753,274.3669841269841,274.73850340136056,0.37151927437645327,161.49902343748434
754,274.73850340136056,275.11002267573696,0.3715192743763964,161.49902343750904
755,275.11002267573696,275.48154195011335,0.3715192743763964,161.49902343750904
756,275.48154195011335,275.8530612244898,0.37151927437645327,161.49902343748434
757,275.8530612244898,276.2245804988662,0.3715192743763964,161.49902343750904
758,276.2245804988662,276.59609977324266,0.37151927437645327,161.49902343748434
759,276.59609977324266,276.96761904761905,0.3715192743763964,161.49902343750904
760,276.96761904761905,277.33913832199545,0.3715192743763964,161.49902343750904
761,277.33913832199545,277.7106575963719,0.37151927437645327,161.49902343748434
762,277.7106575963719,278.0821768707483,0.3715192743763964,161.49902343750904
763,278.0821768707483,278.4536961451247,0.3715192743763964,161.49902343750904
764,278.4536961451247,278.82521541950115,0.37151927437645327,161.49902343748434
765,278.82521541950115,279.19673469387754,0.3715192743763964,161.49902343750904
766,279.19673469387754,279.56825396825394,0.3715192743763964,161.49902343750904
767,279.56825396825394,279.9397732426304,0.37151927437645327,161.49902343748434
768,279.9397732426304,280.3112925170068,0.3715192743763964,161.49902343750904
769,280.3112925170068,280.68281179138324,0.37151927437645327,161.49902343748434
770,280.68281179138324,281.05433106575964,0.3715192743763964,161.49902343750904
771,281.05433106575964,281.42585034013604,0.3715192743763964,161.49902343750904
772,281.42585034013604,281.7973696145125,0.37151927437645327,161.49902343748434
773,281.7973696145125,282.1688888888889,0.3715192743763964,161.49902343750904
774,282.1688888888889,282.5404081632653,0.3715192743763964,161.49902343750904
775,282.5404081632653,282.91192743764174,0.37151927437645327,161.49902343748434
776,282.91192743764174,283.28344671201813,0.3715192743763964,161.49902343750904
777,283.28344671201813,283.65496598639453,0.3715192743763964,161.49902343750904
778,283.65496598639453,284.026485260771,0.37151927437645327,161.49902343748434
779,284.026485260771,284.37478458049884,0.34829931972785744,172.26562500001668
780,284.37478458049884,284.7463038548753,0.37151927437645327,161.49902343748434
781,284.7463038548753,285.1178231292517,0.3715192743763964,161.49902343750904
782,285.1178231292517,285.48934240362814,0.37151927437645327,161.49902343748434
783,285.48934240362814,285.86086167800454,0.3715192743763964,161.49902343750904
784,285.86086167800454,286.23238095238094,0.3715192743763964,161.49902343750904
785,286.23238095238094,286.58068027210885,0.3482993197279143,172.26562499998857
786,286.58068027210885,286.95219954648525,0.3715192743763964,161.49902343750904
787,286.95219954648525,287.30049886621316,0.3482993197279143,172.26562499998857
788,287.30049886621316,287.67201814058956,0.3715192743763964,161.49902343750904
789,287.67201814058956,288.0203174603175,0.3482993197279143,172.26562499998857
790,288.0203174603175,288.36861678004533,0.34829931972785744,172.26562500001668
791,288.36861678004533,288.7401360544218,0.37151927437645327,161.49902343748434
792,288.7401360544218,289.08843537414964,0.34829931972785744,172.26562500001668
793,289.08843537414964,289.43673469387755,0.3482993197279143,172.26562499998857
794,289.43673469387755,289.80825396825395,0.3715192743763964,161.49902343750904
795,289.80825396825395,290.15655328798186,0.3482993197279143,172.26562499998857
796,290.15655328798186,290.52807256235826,0.3715192743763964,161.49902343750904
797,290.52807256235826,290.8995918367347,0.37151927437645327,161.49902343748434
798,290.8995918367347,291.2478911564626,0.34829931972785744,172.26562500001668
799,291.2478911564626,291.619410430839,0.37151927437645327,161.49902343748434
800,291.619410430839,291.9909297052154,0.3715192743763964,161.49902343750904
801,291.9909297052154,292.3624489795918,0.3715192743763964,161.49902343750904
802,292.3624489795918,292.73396825396827,0.37151927437645327,161.49902343748434
803,292.73396825396827,293.10548752834467,0.3715192743763964,161.49902343750904
804,293.10548752834467,293.47700680272106,0.3715192743763964,161.49902343750904
805,293.47700680272106,293.825306122449,0.3482993197279143,172.26562499998857
806,293.825306122449,294.1968253968254,0.3715192743763964,161.49902343750904
807,294.1968253968254,294.5683446712018,0.37151927437645327,161.49902343748434
808,294.5683446712018,294.9398639455782,0.3715192743763964,161.49902343750904
809,294.9398639455782,295.28816326530614,0.3482993197279143,172.26562499998857
810,295.28816326530614,295.65968253968254,0.3715192743763964,161.49902343750904
811,295.65968253968254,296.03120181405893,0.3715192743763964,161.49902343750904
812,296.03120181405893,296.4027210884354,0.37151927437645327,161.49902343748434
813,296.4027210884354,296.7742403628118,0.3715192743763964,161.49902343750904
814,296.7742403628118,297.1225396825397,0.3482993197279143,172.26562499998857
815,297.1225396825397,297.4940589569161,0.3715192743763964,161.49902343750904
816,297.4940589569161,297.86557823129255,0.37151927437645327,161.49902343748434
817,297.86557823129255,298.23709750566894,0.3715192743763964,161.49902343750904
818,298.23709750566894,298.60861678004534,0.3715192743763964,161.49902343750904
819,298.60861678004534,298.95691609977325,0.3482993197279143,172.26562499998857
820,298.95691609977325,299.32843537414965,0.3715192743763964,161.49902343750904
821,299.32843537414965,299.6999546485261,0.37151927437645327,161.49902343748434
822,299.6999546485261,300.0714739229025,0.3715192743763964,161.49902343750904
823,300.0714739229025,300.4197732426304,0.3482993197279143,172.26562499998857
824,300.4197732426304,300.7912925170068,0.3715192743763964,161.49902343750904
825,300.7912925170068,301.1628117913832,0.3715192743763964,161.49902343750904
826,301.1628117913832,301.53433106575966,0.37151927437645327,161.49902343748434
827,301.53433106575966,301.8826303854875,0.34829931972785744,172.26562500001668
828,301.8826303854875,302.25414965986397,0.37151927437645327,161.49902343748434
829,302.25414965986397,302.62566893424037,0.3715192743763964,161.49902343750904
830,302.62566893424037,302.99718820861676,0.3715192743763964,161.49902343750904
831,302.99718820861676,303.3687074829932,0.37151927437645327,161.49902343748434
832,303.3687074829932,303.7402267573696,0.3715192743763964,161.49902343750904
833,303.7402267573696,304.0885260770975,0.3482993197279143,172.26562499998857
834,304.0885260770975,304.4600453514739,0.3715192743763964,161.49902343750904
835,304.4600453514739,304.8315646258503,0.3715192743763964,161.49902343750904
836,304.8315646258503,305.2030839002268,0.37151927437645327,161.49902343748434
837,305.2030839002268,305.57460317460317,0.3715192743763964,161.49902343750904
838,305.57460317460317,305.94612244897957,0.3715192743763964,161.49902343750904
839,305.94612244897957,306.2944217687075,0.3482993197279143,172.26562499998857
840,306.2944217687075,306.6659410430839,0.3715192743763964,161.49902343750904
841,306.6659410430839,307.03746031746033,0.37151927437645327,161.49902343748434
842,307.03746031746033,307.3857596371882,0.34829931972785744,172.26562500001668
843,307.3857596371882,307.7340589569161,0.3482993197279143,172.26562499998857
844,307.7340589569161,308.1055782312925,0.3715192743763964,161.49902343750904
845,308.1055782312925,308.4538775510204,0.3482993197279143,172.26562499998857
846,308.4538775510204,308.8253968253968,0.3715192743763964,161.49902343750904
847,308.8253968253968,309.19691609977326,0.37151927437645327,161.49902343748434
848,309.19691609977326,309.5452154195011,0.34829931972785744,172.26562500001668
849,309.5452154195011,309.9167346938776,0.37151927437645327,161.49902343748434
850,309.9167346938776,310.28825396825397,0.3715192743763964,161.49902343750904
851,310.28825396825397,310.65977324263037,0.3715192743763964,161.49902343750904
852,310.65977324263037,311.0312925170068,0.37151927437645327,161.49902343748434
853,311.0312925170068,311.4028117913832,0.3715192743763964,161.49902343750904
854,311.4028117913832,311.7743310657596,0.3715192743763964,161.49902343750904
855,311.7743310657596,312.14585034013606,0.37151927437645327,161.49902343748434
856,312.14585034013606,312.51736961451246,0.3715192743763964,161.49902343750904
857,312.51736961451246,312.8888888888889,0.37151927437645327,161.49902343748434
858,312.8888888888889,313.2371882086168,0.34829931972785744,172.26562500001668
859,313.2371882086168,313.6087074829932,0.37151927437645327,161.49902343748434
860,313.6087074829932,313.9802267573696,0.3715192743763964,161.49902343750904
861,313.9802267573696,314.351746031746,0.3715192743763964,161.49902343750904
862,314.351746031746,314.72326530612247,0.37151927437645327,161.49902343748434
863,314.72326530612247,315.09478458049887,0.3715192743763964,161.49902343750904
864,315.09478458049887,315.4430839002268,0.3482993197279143,172.26562499998857
865,315.4430839002268,315.8146031746032,0.3715192743763964,161.49902343750904
866,315.8146031746032,316.1861224489796,0.3715192743763964,161.49902343750904
867,316.1861224489796,316.557641723356,0.37151927437645327,161.49902343748434
868,316.557641723356,316.9059410430839,0.34829931972785744,172.26562500001668
869,316.9059410430839,317.27746031746034,0.37151927437645327,161.49902343748434
870,317.27746031746034,317.64897959183673,0.3715192743763964,161.49902343750904
871,317.64897959183673,318.02049886621313,0.3715192743763964,161.49902343750904
872,318.02049886621313,318.36879818594105,0.3482993197279143,172.26562499998857
873,318.36879818594105,318.74031746031744,0.3715192743763964,161.49902343750904
874,318.74031746031744,319.1118367346939,0.37151927437645327,161.49902343748434
875,319.1118367346939,319.46013605442175,0.34829931972785744,172.26562500001668
876,319.46013605442175,319.8316553287982,0.37151927437645327,161.49902343748434
877,319.8316553287982,320.2031746031746,0.3715192743763964,161.49902343750904
878,320.2031746031746,320.574693877551,0.3715192743763964,161.49902343750904
879,320.574693877551,320.94621315192745,0.37151927437645327,161.49902343748434
880,320.94621315192745,321.2945124716553,0.34829931972785744,172.26562500001668
881,321.2945124716553,321.66603174603176,0.37151927437645327,161.49902343748434
882,321.66603174603176,322.03755102040816,0.3715192743763964,161.49902343750904
883,322.03755102040816,322.40907029478456,0.3715192743763964,161.49902343750904
884,322.40907029478456,322.780589569161,0.37151927437645327,161.49902343748434
885,322.780589569161,323.1521088435374,0.3715192743763964,161.49902343750904
886,323.1521088435374,323.52362811791386,0.37151927437645327,161.49902343748434
887,323.52362811791386,323.8719274376417,0.34829931972785744,172.26562500001668
888,323.8719274376417,324.2434467120181,0.3715192743763964,161.49902343750904
889,324.2434467120181,324.61496598639457,0.37151927437645327,161.49902343748434
890,324.61496598639457,324.9632653061224,0.34829931972785744,172.26562500001668
891,324.9632653061224,325.31156462585034,0.3482993197279143,172.26562499998857
892,325.31156462585034,325.68308390022673,0.3715192743763964,161.49902343750904
893,325.68308390022673,326.03138321995465,0.3482993197279143,172.26562499998857
894,326.03138321995465,326.37968253968256,0.3482993197279143,172.26562499998857
895,326.37968253968256,326.75120181405896,0.3715192743763964,161.49902343750904
896,326.75120181405896,327.0995011337869,0.3482993197279143,172.26562499998857
897,327.0995011337869,327.47102040816327,0.3715192743763964,161.49902343750904
898,327.47102040816327,327.84253968253967,0.3715192743763964,161.49902343750904
899,327.84253968253967,328.2140589569161,0.37151927437645327,161.49902343748434
900,328.2140589569161,328.562358276644,0.34829931972785744,172.26562500001668
901,328.562358276644,328.9570975056689,0.3947392290249354,151.99908088235597
902,328.9570975056689,329.3518367346939,0.39473922902499226,151.99908088233408
903,329.3518367346939,329.7233560090703,0.3715192743763964,161.49902343750904
