section,source,cohort,coverage_pct,N,negative,positive,exact_zero,negative_pct,positive_pct,exact_zero_pct,median_ms,mean_ms,IQR_ms,MAD_ms,SD_ms,median_abs_ms,min_ms,max_ms
WHOLE,BASS,PRIMARY_NONSHARED,2.541436464088398,23,15,8,0,65.21739130434783,34.78260869565217,0.0,-34.82993197279,-22.715173025725495,116.09977324263399,46.439909297053,60.88104700079792,58.04988662133,-104.48979591836,69.659863945579
WHOLE,BASS,ALL_SUPPORT_SLOTS,22.430939226519335,203,47,129,27,23.15270935960591,63.54679802955665,13.300492610837438,11.609977324262,10.294561174222965,34.829931972783,23.219954648512,32.20596041354867,23.21995464852,-116.09977324265,69.659863945579
WHOLE,BASS,DISTINCT_PAIRS_ONLY,2.320441988950276,21,14,7,0,66.66666666666667,33.333333333333336,0.0,-34.82993197279,-23.21995464851949,116.09977324264,46.439909297053,61.65324299540998,58.04988662133,-104.48979591836,69.659863945579
WHOLE,DRUM,PRIMARY_NONSHARED,72.26519337016575,654,192,407,55,29.357798165137616,62.23241590214067,8.409785932721713,11.60997732427,7.38493970473088,46.43990929706075,23.21995464853,39.18712451623615,34.82993197278,-104.48979591838,81.26984126987
WHOLE,DRUM,ALL_SUPPORT_SLOTS,92.15469613259668,834,224,528,82,26.85851318944844,63.30935251798561,9.832134292565947,11.60997732427,8.923255953061084,46.43990929704,23.21995464852,36.49811533213304,23.21995464855,-116.09977324265,81.26984126987
WHOLE,DRUM,DISTINCT_PAIRS_ONLY,2.320441988950276,21,9,9,3,42.857142857142854,42.857142857142854,14.285714285714286,0.0,-6.081416693655994,58.049886621319,34.829931972788,40.48854503743338,34.829931972788,-92.8798185941,46.4399092971
WHOLE,DRUM_MINUS_BASS,DISTINCT_PAIRS_ONLY,2.320441988950276,21,7,14,0,33.333333333333336,66.66666666666667,0.0,46.439909297,17.138537954863498,185.759637188205,58.049886621368,97.52512583888554,92.879818594104,-139.31972789116,127.70975056694
M1,BASS,PRIMARY_NONSHARED,6.106870229007634,8,6,2,0,75.0,25.0,0.0,-69.659863945578,-40.63492063492079,34.829931972791755,5.804988662133503,65.08691569561725,69.65986394557851,-92.8798185941043,69.659863945579
M1,BASS,ALL_SUPPORT_SLOTS,33.587786259541986,44,10,29,5,22.727272727272727,65.9090909090909,11.363636363636363,23.219954648526098,12.40156668728102,46.4399092970505,23.219954648526098,41.2491728995284,34.8299319727885,-92.8798185941043,69.659863945579
M1,BASS,DISTINCT_PAIRS_ONLY,5.343511450381679,7,5,2,0,71.42857142857143,28.571428571428573,0.0,-69.659863945578,-36.488500161969895,69.65986394557999,11.609977324265003,69.15122222349888,69.659863945579,-92.8798185941043,69.659863945579
M1,DRUM,PRIMARY_NONSHARED,64.12213740458016,84,18,63,3,21.428571428571427,75.0,3.5714285714285716,23.219954648526553,14.927113702624101,26.122448979596754,11.609977324267,39.26070710562639,34.829931972789,-81.26984126985,81.269841269842
M1,DRUM,ALL_SUPPORT_SLOTS,91.6030534351145,120,22,90,8,18.333333333333332,75.0,6.666666666666667,23.219954648526752,17.7052154195013,26.12244897960025,11.609977324268748,35.03946829550394,34.829931972788,-81.26984126985,81.269841269842
M1,DRUM,DISTINCT_PAIRS_ONLY,5.343511450381679,7,2,5,0,28.571428571428573,71.42857142857143,0.0,23.219954648527,6.634272756722017,40.63492063492045,11.609977324263,41.78363087086879,34.829931972789,-69.659863945578,34.82993197279
M1,DRUM_MINUS_BASS,DISTINCT_PAIRS_ONLY,5.343511450381679,7,2,5,0,28.571428571428573,71.42857142857143,0.0,104.489795918368,43.12277291869192,110.2947845804987,11.609977324263,109.8793601869337,104.489795918368,-139.319727891157,116.099773242633
M2,BASS,PRIMARY_NONSHARED,2.7237354085603114,7,4,3,0,57.142857142857146,42.857142857142854,0.0,-34.82993197278,-1.6585681891771438,81.26984126984499,11.609977324269998,45.178861662460704,46.43990929705,-46.43990929705,46.43990929706
M2,BASS,ALL_SUPPORT_SLOTS,31.90661478599222,82,15,57,10,18.29268292682927,69.51219512195122,12.195121951219512,11.609977324265,12.17631768154277,31.927437641717503,11.609977324265,23.849429253175963,23.21995464852,-92.87981859411,46.43990929706
M2,BASS,DISTINCT_PAIRS_ONLY,2.7237354085603114,7,4,3,0,57.142857142857146,42.857142857142854,0.0,-34.82993197278,-1.6585681891771438,81.26984126984499,11.609977324269998,45.178861662460704,46.43990929705,-46.43990929705,46.43990929706
M2,DRUM,PRIMARY_NONSHARED,65.36964980544747,168,63,92,13,37.5,54.76190476190476,7.738095238095238,11.60997732426,1.105712126120422,69.6598639455625,23.21995464855,42.22012324114651,34.82993197278,-104.48979591837,81.26984126984
M2,DRUM,ALL_SUPPORT_SLOTS,94.55252918287938,243,74,146,23,30.45267489711934,60.08230452674897,9.465020576131687,11.60997732426,4.921101499584271,46.4399092970445,23.219954648522,37.370631650473264,23.21995464853,-104.48979591837,81.26984126984
M2,DRUM,DISTINCT_PAIRS_ONLY,2.7237354085603114,7,3,2,2,42.857142857142854,28.571428571428573,28.571428571428573,0.0,-14.92711370262143,52.24489795918001,34.82993197278,46.78416834033485,34.82993197278,-92.8798185941,46.43990929705
M2,DRUM_MINUS_BASS,DISTINCT_PAIRS_ONLY,2.7237354085603114,7,3,4,0,42.857142857142854,57.142857142857146,0.0,34.82993197278,-13.268545513444284,133.514739229025,58.04988662132,89.28582627601752,81.26984126984,-139.31972789116,92.8798185941
M3,BASS,PRIMARY_NONSHARED,0.0,0,0,0,0,,,,,,,,,,,
M3,BASS,ALL_SUPPORT_SLOTS,0.0,0,0,0,0,,,,,,,,,,,
M3,BASS,DISTINCT_PAIRS_ONLY,0.0,0,0,0,0,,,,,,,,,,,
M3,DRUM,PRIMARY_NONSHARED,90.4,113,16,94,3,14.15929203539823,83.1858407079646,2.6548672566371683,23.21995464854,20.54863243232478,34.829931972770005,11.609977324279999,34.795667397870794,34.82993197278,-81.26984126984,81.26984126985
M3,DRUM,ALL_SUPPORT_SLOTS,90.4,113,16,94,3,14.15929203539823,83.1858407079646,2.6548672566371683,23.21995464854,20.54863243232478,34.829931972770005,11.609977324279999,34.795667397870794,34.82993197278,-81.26984126984,81.26984126985
M3,DRUM,DISTINCT_PAIRS_ONLY,0.0,0,0,0,0,,,,,,,,,,,
M3,DRUM_MINUS_BASS,DISTINCT_PAIRS_ONLY,0.0,0,0,0,0,,,,,,,,,,,
M4,BASS,PRIMARY_NONSHARED,0.7874015748031497,1,0,1,0,0.0,100.0,0.0,69.65986394556,69.65986394556,0.0,0.0,,69.65986394556,69.65986394556,69.65986394556
M4,BASS,ALL_SUPPORT_SLOTS,6.299212598425197,8,0,8,0,0.0,100.0,0.0,46.439909297045006,40.634920634915005,23.21995464852,11.609977324259999,16.41898739081461,46.439909297045006,23.21995464851,69.65986394556
M4,BASS,DISTINCT_PAIRS_ONLY,0.7874015748031497,1,0,1,0,0.0,100.0,0.0,69.65986394556,69.65986394556,0.0,0.0,,69.65986394556,69.65986394556,69.65986394556
M4,DRUM,PRIMARY_NONSHARED,83.46456692913385,106,55,47,4,51.886792452830186,44.339622641509436,3.7735849056603774,-11.609977324265,-7.338381893636039,81.26984126982751,34.829931972815004,45.47130701475365,40.634920634925,-104.48979591837,81.26984126987
M4,DRUM,ALL_SUPPORT_SLOTS,88.97637795275591,113,55,54,4,48.67256637168141,47.78761061946903,3.5398230088495577,0.0,-4.623442297271328,81.26984126983001,46.43990929704,45.37926660568625,46.43990929704,-104.48979591837,81.26984126987
M4,DRUM,DISTINCT_PAIRS_ONLY,0.7874015748031497,1,1,0,0,100.0,0.0,0.0,-46.43990929704,-46.43990929704,0.0,0.0,,46.43990929704,-46.43990929704,-46.43990929704
M4,DRUM_MINUS_BASS,DISTINCT_PAIRS_ONLY,0.7874015748031497,1,1,0,0,100.0,0.0,0.0,-116.0997732426,-116.0997732426,0.0,0.0,,116.0997732426,-116.0997732426,-116.0997732426
M56,BASS,PRIMARY_NONSHARED,2.641509433962264,7,5,2,0,71.42857142857143,28.571428571428573,0.0,-46.439909297,-36.48850016194857,92.879818594135,46.4399092971,63.38826877802197,58.04988662133,-104.48979591836,58.04988662133
M56,BASS,ALL_SUPPORT_SLOTS,26.037735849056602,69,22,35,12,31.884057971014492,50.72463768115942,17.391304347826086,11.60997732423,3.1969502776966663,34.8299319728,23.219954648479998,33.665640541286265,11.60997732428,-116.09977324265,58.04988662133
M56,BASS,DISTINCT_PAIRS_ONLY,2.2641509433962264,6,5,1,0,83.33333333333333,16.666666666666668,0.0,-63.85487528342,-48.37490551774,60.9523809524325,34.82993197281,60.28996128079146,69.659863945585,-104.48979591836,58.04988662133
M56,DRUM,PRIMARY_NONSHARED,69.05660377358491,183,40,111,32,21.85792349726776,60.65573770491803,17.48633879781421,11.60997732427,10.087357347311803,34.82993197278,23.219954648480005,30.48540791481845,23.2199546485,-104.48979591838,69.65986394559
M56,DRUM,ALL_SUPPORT_SLOTS,92.45283018867924,245,57,144,44,23.26530612244898,58.775510204081634,17.959183673469386,11.60997732426,9.477532509603144,34.82993197277,23.219954648479998,29.34421927669087,11.6099773243,-116.09977324265,69.65986394559
M56,DRUM,DISTINCT_PAIRS_ONLY,2.2641509433962264,6,3,2,1,50.0,33.333333333333336,16.666666666666668,-5.80498866212,-3.8699924414066658,20.31746031745,11.60997732426,34.17884779713447,11.60997732426,-58.0498866213,46.4399092971
M56,DRUM_MINUS_BASS,DISTINCT_PAIRS_ONLY,2.2641509433962264,6,1,5,0,16.666666666666668,83.33333333333333,0.0,63.85487528343,44.50491307633333,52.2448979592425,29.024943310685,85.44711949282781,87.07482993197999,-116.09977324263,127.70975056694
