quarter_id,source_search,event_id,native_timestamp,source_state,old_role,selected
2,BASS,F_MIX_00000,0.7198185941043084,BASS_AND_DRUM_SUPPORTED,CONTEXT,True
2,DRUM,F_MIX_00001,0.8359183673469388,DRUM_SUPPORTED,PRIMARY,True
2,DRUM,F_MIX_00000,0.7198185941043084,BASS_AND_DRUM_SUPPORTED,CONTEXT,False
3,DRUM,F_MIX_00003,1.230657596371882,DRUM_SUPPORTED,PRIMARY,True
4,BASS,F_MIX_00005,1.5789569160997732,BASS_AND_DRUM_SUPPORTED,PRIMARY,True
4,DRUM,F_MIX_00005,1.5789569160997732,BASS_AND_DRUM_SUPPORTED,PRIMARY,True
5,DRUM,F_MIX_00008,1.9736961451247166,DRUM_SUPPORTED,PRIMARY,True
6,BASS,F_MIX_00010,2.3219954648526078,BASS_AND_DRUM_SUPPORTED,PRIMARY,True
6,DRUM,F_MIX_00010,2.3219954648526078,BASS_AND_DRUM_SUPPORTED,PRIMARY,True
6,DRUM,F_MIX_00009,2.1942857142857144,DRUM_SUPPORTED,CONTEXT,False
7,DRUM,F_MIX_00012,2.705124716553288,DRUM_SUPPORTED,PRIMARY,True
8,DRUM,F_MIX_00015,3.076643990929705,DRUM_SUPPORTED,PRIMARY,True
9,DRUM,F_MIX_00017,3.436553287981859,DRUM_SUPPORTED,PRIMARY,True
10,DRUM,F_MIX_00019,3.7964625850340137,DRUM_SUPPORTED,PRIMARY,True
10,DRUM,F_MIX_00018,3.6919727891156464,DRUM_SUPPORTED,CONTEXT,False
11,DRUM,F_MIX_00021,4.191201814058957,DRUM_SUPPORTED,PRIMARY,True
12,BASS,F_MIX_00023,4.516281179138322,BASS_AND_DRUM_SUPPORTED,PRIMARY,True
12,DRUM,F_MIX_00023,4.516281179138322,BASS_AND_DRUM_SUPPORTED,PRIMARY,True
12,DRUM,F_MIX_00022,4.388571428571429,DRUM_SUPPORTED,CONTEXT,False
13,DRUM,F_MIX_00025,4.899410430839002,DRUM_SUPPORTED,PRIMARY,True
14,BASS,F_MIX_00026,5.154829931972789,BASS_SUPPORTED,CONTEXT,True
14,DRUM,F_MIX_00027,5.259319727891157,DRUM_SUPPORTED,PRIMARY,True
15,BASS,F_MIX_00029,5.630839002267574,BASS_AND_DRUM_SUPPORTED,PRIMARY,True
15,DRUM,F_MIX_00029,5.630839002267574,BASS_AND_DRUM_SUPPORTED,PRIMARY,True
15,DRUM,F_MIX_00028,5.526349206349207,DRUM_SUPPORTED,CONTEXT,False
16,BASS,F_MIX_00031,5.9675283446712015,BASS_AND_DRUM_SUPPORTED,PRIMARY,True
16,DRUM,F_MIX_00031,5.9675283446712015,BASS_AND_DRUM_SUPPORTED,PRIMARY,True
16,DRUM,F_MIX_00030,5.874648526077097,DRUM_SUPPORTED,CONTEXT,False
17,DRUM,F_MIX_00034,6.339047619047619,DRUM_SUPPORTED,PRIMARY,True
17,DRUM,F_MIX_00033,6.2345578231292516,DRUM_SUPPORTED,CONTEXT,False
17,DRUM,F_MIX_00032,6.199727891156463,DRUM_SUPPORTED,CONTEXT,False
18,BASS,F_MIX_00036,6.6873469387755105,BASS_AND_DRUM_SUPPORTED,PRIMARY,True
18,DRUM,F_MIX_00036,6.6873469387755105,BASS_AND_DRUM_SUPPORTED,PRIMARY,True
18,DRUM,F_MIX_00035,6.582857142857143,DRUM_SUPPORTED,CONTEXT,False
19,DRUM,F_MIX_00038,7.070476190476191,DRUM_SUPPORTED,CONTEXT,True
20,BASS,F_MIX_00039,7.430385487528345,BASS_AND_DRUM_SUPPORTED,PRIMARY,True
20,DRUM,F_MIX_00039,7.430385487528345,BASS_AND_DRUM_SUPPORTED,PRIMARY,True
21,DRUM,F_MIX_00040,7.790294784580499,DRUM_SUPPORTED,PRIMARY,True
22,BASS,F_MIX_00041,8.034104308390022,BASS_SUPPORTED,CONTEXT,True
22,DRUM,F_MIX_00042,8.13859410430839,DRUM_SUPPORTED,PRIMARY,True
23,BASS,F_MIX_00044,8.510113378684807,BASS_AND_DRUM_SUPPORTED,PRIMARY,True
23,DRUM,F_MIX_00044,8.510113378684807,BASS_AND_DRUM_SUPPORTED,PRIMARY,True
23,DRUM,F_MIX_00043,8.394013605442177,DRUM_SUPPORTED,CONTEXT,False
24,BASS,F_MIX_00046,8.870022675736962,BASS_AND_DRUM_SUPPORTED,CONTEXT,True
24,DRUM,F_MIX_00046,8.870022675736962,BASS_AND_DRUM_SUPPORTED,CONTEXT,True
25,BASS,F_MIX_00047,9.218321995464853,BASS_AND_DRUM_SUPPORTED,PRIMARY,True
25,DRUM,F_MIX_00047,9.218321995464853,BASS_AND_DRUM_SUPPORTED,PRIMARY,True
26,BASS,F_MIX_00049,9.601451247165533,BASS_AND_DRUM_SUPPORTED,CONTEXT,True
26,DRUM,F_MIX_00048,9.508571428571429,DRUM_SUPPORTED,PRIMARY,True
26,DRUM,F_MIX_00049,9.601451247165533,BASS_AND_DRUM_SUPPORTED,CONTEXT,False
27,DRUM,F_MIX_00050,9.868480725623582,DRUM_SUPPORTED,PRIMARY,True
27,DRUM,F_MIX_00051,9.97297052154195,DRUM_SUPPORTED,CONTEXT,False
28,BASS,F_MIX_00053,10.356099773242631,BASS_AND_DRUM_SUPPORTED,CONTEXT,True
28,DRUM,F_MIX_00052,10.216780045351474,DRUM_SUPPORTED,PRIMARY,True
28,DRUM,F_MIX_00053,10.356099773242631,BASS_AND_DRUM_SUPPORTED,CONTEXT,False
29,DRUM,F_MIX_00055,10.716009070294785,DRUM_SUPPORTED,CONTEXT,True
30,BASS,F_MIX_00056,10.936598639455783,BASS_SUPPORTED,CONTEXT,True
31,DRUM,F_MIX_00059,11.34294784580499,DRUM_SUPPORTED,PRIMARY,True
31,DRUM,F_MIX_00058,11.3081179138322,DRUM_SUPPORTED,CONTEXT,False
32,DRUM,F_MIX_00062,11.72607709750567,DRUM_SUPPORTED,PRIMARY,True
32,DRUM,F_MIX_00063,11.77251700680272,DRUM_SUPPORTED,CONTEXT,False
32,DRUM,F_MIX_00061,11.679637188208616,DRUM_SUPPORTED,CONTEXT,False
32,DRUM,F_MIX_00064,11.818956916099774,DRUM_SUPPORTED,CONTEXT,False
33,BASS,F_MIX_00066,12.144036281179138,BASS_AND_DRUM_SUPPORTED,PRIMARY,True
33,DRUM,F_MIX_00066,12.144036281179138,BASS_AND_DRUM_SUPPORTED,PRIMARY,True
34,BASS,F_MIX_00067,12.527165532879819,BASS_AND_DRUM_SUPPORTED,PRIMARY,True
34,DRUM,F_MIX_00067,12.527165532879819,BASS_AND_DRUM_SUPPORTED,PRIMARY,True
35,DRUM,F_MIX_00068,12.910294784580499,DRUM_SUPPORTED,PRIMARY,True
36,BASS,F_MIX_00069,13.165714285714285,BASS_AND_DRUM_SUPPORTED,CONTEXT,True
36,DRUM,F_MIX_00070,13.25859410430839,DRUM_SUPPORTED,PRIMARY,True
36,DRUM,F_MIX_00069,13.165714285714285,BASS_AND_DRUM_SUPPORTED,CONTEXT,False
37,DRUM,F_MIX_00073,13.64172335600907,DRUM_SUPPORTED,PRIMARY,True
37,DRUM,F_MIX_00072,13.525623582766439,DRUM_SUPPORTED,CONTEXT,False
38,BASS,F_MIX_00075,14.001632653061224,BASS_AND_DRUM_SUPPORTED,CONTEXT,True
38,DRUM,F_MIX_00075,14.001632653061224,BASS_AND_DRUM_SUPPORTED,CONTEXT,True
39,DRUM,F_MIX_00076,14.373151927437641,DRUM_SUPPORTED,PRIMARY,True
40,DRUM,F_MIX_00078,14.733061224489797,DRUM_SUPPORTED,PRIMARY,True
41,BASS,F_MIX_00081,15.069750566893424,BASS_AND_DRUM_SUPPORTED,PRIMARY,True
41,DRUM,F_MIX_00081,15.069750566893424,BASS_AND_DRUM_SUPPORTED,PRIMARY,True
42,BASS,F_MIX_00083,15.464489795918368,BASS_AND_DRUM_SUPPORTED,PRIMARY,True
42,DRUM,F_MIX_00083,15.464489795918368,BASS_AND_DRUM_SUPPORTED,PRIMARY,True
43,DRUM,F_MIX_00085,15.824399092970522,DRUM_SUPPORTED,PRIMARY,True
44,BASS,F_MIX_00087,16.195918367346938,BASS_AND_DRUM_SUPPORTED,PRIMARY,True
44,DRUM,F_MIX_00087,16.195918367346938,BASS_AND_DRUM_SUPPORTED,PRIMARY,True
45,DRUM,F_MIX_00088,16.555827664399093,DRUM_SUPPORTED,PRIMARY,True
46,BASS,F_MIX_00090,16.938956916099773,BASS_AND_DRUM_SUPPORTED,PRIMARY,True
46,DRUM,F_MIX_00090,16.938956916099773,BASS_AND_DRUM_SUPPORTED,PRIMARY,True
47,DRUM,F_MIX_00091,17.29886621315193,DRUM_SUPPORTED,PRIMARY,True
48,BASS,F_MIX_00094,17.670385487528346,BASS_AND_DRUM_SUPPORTED,PRIMARY,True
48,DRUM,F_MIX_00094,17.670385487528346,BASS_AND_DRUM_SUPPORTED,PRIMARY,True
48,DRUM,F_MIX_00093,17.565895691609978,DRUM_SUPPORTED,CONTEXT,False
49,DRUM,F_MIX_00097,18.04190476190476,DRUM_SUPPORTED,PRIMARY,True
49,DRUM,F_MIX_00096,17.925804988662133,DRUM_SUPPORTED,CONTEXT,False
50,DRUM,F_MIX_00100,18.401814058956916,DRUM_SUPPORTED,PRIMARY,True
51,DRUM,F_MIX_00102,18.784943310657596,DRUM_SUPPORTED,PRIMARY,True
52,BASS,F_MIX_00104,19.156462585034014,BASS_AND_DRUM_SUPPORTED,PRIMARY,True
52,DRUM,F_MIX_00104,19.156462585034014,BASS_AND_DRUM_SUPPORTED,PRIMARY,True
53,DRUM,F_MIX_00105,19.504761904761907,DRUM_SUPPORTED,PRIMARY,True
54,BASS,F_MIX_00106,19.748571428571427,BASS_SUPPORTED,CONTEXT,True
54,DRUM,F_MIX_00108,19.86467120181406,DRUM_SUPPORTED,PRIMARY,True
55,BASS,F_MIX_00110,20.21297052154195,BASS_AND_DRUM_SUPPORTED,PRIMARY,True
55,DRUM,F_MIX_00110,20.21297052154195,BASS_AND_DRUM_SUPPORTED,PRIMARY,True
56,DRUM,F_MIX_00112,20.58448979591837,DRUM_SUPPORTED,PRIMARY,True
56,DRUM,F_MIX_00111,20.468390022675738,DRUM_SUPPORTED,CONTEXT,False
57,DRUM,F_MIX_00113,20.839909297052156,DRUM_SUPPORTED,PRIMARY,True
57,DRUM,F_MIX_00114,20.956009070294783,DRUM_SUPPORTED,CONTEXT,False
58,DRUM,F_MIX_00116,21.304308390022676,DRUM_SUPPORTED,CONTEXT,True
59,DRUM,F_MIX_00117,21.559727891156463,DRUM_SUPPORTED,PRIMARY,True
60,DRUM,F_MIX_00118,21.93124716553288,DRUM_SUPPORTED,PRIMARY,True
60,DRUM,F_MIX_00119,22.035736961451246,DRUM_SUPPORTED,CONTEXT,False
61,DRUM,F_MIX_00120,22.27954648526077,DRUM_SUPPORTED,PRIMARY,True
61,DRUM,F_MIX_00121,22.407256235827663,DRUM_SUPPORTED,CONTEXT,False
62,DRUM,F_MIX_00122,22.651065759637188,DRUM_SUPPORTED,PRIMARY,True
62,DRUM,F_MIX_00123,22.790385487528344,DRUM_SUPPORTED,CONTEXT,False
63,BASS,F_MIX_00125,23.11546485260771,BASS_AND_DRUM_SUPPORTED,CONTEXT,True
63,DRUM,F_MIX_00125,23.11546485260771,BASS_AND_DRUM_SUPPORTED,CONTEXT,True
64,DRUM,F_MIX_00126,23.394104308390023,DRUM_SUPPORTED,PRIMARY,True
65,BASS,F_MIX_00129,23.84689342403628,BASS_AND_DRUM_SUPPORTED,PRIMARY,True
65,DRUM,F_MIX_00129,23.84689342403628,BASS_AND_DRUM_SUPPORTED,PRIMARY,True
65,DRUM,F_MIX_00127,23.695963718820863,DRUM_SUPPORTED,CONTEXT,False
66,DRUM,F_MIX_00130,24.18358276643991,DRUM_SUPPORTED,PRIMARY,True
67,BASS,F_MIX_00132,24.555102040816326,BASS_AND_DRUM_SUPPORTED,PRIMARY,True
67,DRUM,F_MIX_00132,24.555102040816326,BASS_AND_DRUM_SUPPORTED,PRIMARY,True
67,DRUM,F_MIX_00133,24.589931972789117,DRUM_SUPPORTED,CONTEXT,False
68,BASS,F_MIX_00135,24.94984126984127,BASS_AND_DRUM_SUPPORTED,PRIMARY,True
68,DRUM,F_MIX_00135,24.94984126984127,BASS_AND_DRUM_SUPPORTED,PRIMARY,True
69,BASS,F_MIX_00138,25.33297052154195,BASS_AND_DRUM_SUPPORTED,PRIMARY,True
69,DRUM,F_MIX_00138,25.33297052154195,BASS_AND_DRUM_SUPPORTED,PRIMARY,True
69,DRUM,F_MIX_00137,25.240090702947846,DRUM_SUPPORTED,CONTEXT,False
69,DRUM,F_MIX_00136,25.205260770975055,DRUM_SUPPORTED,CONTEXT,False
70,BASS,F_MIX_00140,25.66965986394558,BASS_AND_DRUM_SUPPORTED,PRIMARY,True
70,DRUM,F_MIX_00140,25.66965986394558,BASS_AND_DRUM_SUPPORTED,PRIMARY,True
70,DRUM,F_MIX_00139,25.576780045351473,DRUM_SUPPORTED,CONTEXT,False
71,DRUM,F_MIX_00142,26.041179138321997,DRUM_SUPPORTED,PRIMARY,True
72,DRUM,F_MIX_00145,26.40108843537415,DRUM_SUPPORTED,PRIMARY,True
73,DRUM,F_MIX_00149,26.772607709750567,DRUM_SUPPORTED,PRIMARY,True
74,BASS,F_MIX_00150,27.144126984126984,BASS_AND_DRUM_SUPPORTED,PRIMARY,True
74,DRUM,F_MIX_00150,27.144126984126984,BASS_AND_DRUM_SUPPORTED,PRIMARY,True
75,BASS,F_MIX_00151,27.50403628117914,BASS_AND_DRUM_SUPPORTED,PRIMARY,True
75,DRUM,F_MIX_00151,27.50403628117914,BASS_AND_DRUM_SUPPORTED,PRIMARY,True
76,DRUM,F_MIX_00152,27.805895691609976,DRUM_SUPPORTED,PRIMARY,True
77,BASS,F_MIX_00154,28.23546485260771,BASS_AND_DRUM_SUPPORTED,PRIMARY,True
77,DRUM,F_MIX_00154,28.23546485260771,BASS_AND_DRUM_SUPPORTED,PRIMARY,True
78,BASS,F_MIX_00156,28.606984126984127,BASS_AND_DRUM_SUPPORTED,PRIMARY,True
78,DRUM,F_MIX_00156,28.606984126984127,BASS_AND_DRUM_SUPPORTED,PRIMARY,True
79,BASS,F_MIX_00157,28.943673469387754,BASS_AND_DRUM_SUPPORTED,PRIMARY,True
79,DRUM,F_MIX_00157,28.943673469387754,BASS_AND_DRUM_SUPPORTED,PRIMARY,True
80,BASS,F_MIX_00158,29.31519274376417,BASS_AND_DRUM_SUPPORTED,PRIMARY,True
80,DRUM,F_MIX_00158,29.31519274376417,BASS_AND_DRUM_SUPPORTED,PRIMARY,True
81,DRUM,F_MIX_00160,29.68671201814059,DRUM_SUPPORTED,PRIMARY,True
82,DRUM,F_MIX_00162,30.06984126984127,DRUM_SUPPORTED,PRIMARY,True
83,DRUM,F_MIX_00163,30.37170068027211,DRUM_SUPPORTED,PRIMARY,True
84,DRUM,F_MIX_00165,30.778049886621314,DRUM_SUPPORTED,PRIMARY,True
85,DRUM,F_MIX_00167,31.13795918367347,DRUM_SUPPORTED,PRIMARY,True
86,DRUM,F_MIX_00169,31.509478458049887,DRUM_SUPPORTED,PRIMARY,True
87,DRUM,F_MIX_00170,31.86938775510204,DRUM_SUPPORTED,PRIMARY,True
89,DRUM,F_MIX_00173,32.496326530612244,DRUM_SUPPORTED,PRIMARY,True
89,DRUM,F_MIX_00174,32.60081632653061,DRUM_SUPPORTED,CONTEXT,False
90,DRUM,F_MIX_00177,32.97233560090703,DRUM_SUPPORTED,CONTEXT,True
91,DRUM,F_MIX_00179,33.32063492063492,DRUM_SUPPORTED,PRIMARY,True
91,DRUM,F_MIX_00178,33.20453514739229,DRUM_SUPPORTED,CONTEXT,False
92,DRUM,F_MIX_00180,33.57605442176871,DRUM_SUPPORTED,PRIMARY,True
92,DRUM,F_MIX_00181,33.68054421768707,DRUM_SUPPORTED,CONTEXT,False
93,DRUM,F_MIX_00183,34.06367346938776,DRUM_SUPPORTED,CONTEXT,True
94,DRUM,F_MIX_00186,34.40036281179138,DRUM_SUPPORTED,PRIMARY,True
95,DRUM,F_MIX_00188,34.76027210884354,DRUM_SUPPORTED,PRIMARY,True
95,DRUM,F_MIX_00187,34.65578231292517,DRUM_SUPPORTED,CONTEXT,False
96,DRUM,F_MIX_00190,35.15501133786848,DRUM_SUPPORTED,CONTEXT,True
97,DRUM,F_MIX_00191,35.49170068027211,DRUM_SUPPORTED,PRIMARY,True
98,DRUM,F_MIX_00193,35.86321995464853,DRUM_SUPPORTED,PRIMARY,True
98,DRUM,F_MIX_00192,35.75873015873016,DRUM_SUPPORTED,CONTEXT,False
99,DRUM,F_MIX_00195,36.22312925170068,DRUM_SUPPORTED,PRIMARY,True
100,DRUM,F_MIX_00196,36.594648526077094,DRUM_SUPPORTED,PRIMARY,True
101,DRUM,F_MIX_00198,36.95455782312925,DRUM_SUPPORTED,PRIMARY,True
102,DRUM,F_MIX_00199,37.314467120181405,DRUM_SUPPORTED,PRIMARY,True
103,DRUM,F_MIX_00200,37.697596371882085,DRUM_SUPPORTED,PRIMARY,True
104,DRUM,F_MIX_00204,38.0691156462585,DRUM_SUPPORTED,PRIMARY,True
105,DRUM,F_MIX_00207,38.44063492063492,DRUM_SUPPORTED,PRIMARY,True
106,DRUM,F_MIX_00209,38.81215419501134,DRUM_SUPPORTED,PRIMARY,True
107,DRUM,F_MIX_00210,39.172063492063494,DRUM_SUPPORTED,PRIMARY,True
108,DRUM,F_MIX_00212,39.555192743764174,DRUM_SUPPORTED,PRIMARY,True
109,DRUM,F_MIX_00214,39.92671201814059,DRUM_SUPPORTED,PRIMARY,True
110,DRUM,F_MIX_00216,40.29823129251701,DRUM_SUPPORTED,PRIMARY,True
111,DRUM,F_MIX_00218,40.66975056689343,DRUM_SUPPORTED,CONTEXT,True
112,DRUM,F_MIX_00220,41.029659863945575,DRUM_SUPPORTED,PRIMARY,True
113,BASS,F_MIX_00222,41.40117913832199,BASS_AND_DRUM_SUPPORTED,PRIMARY,True
113,DRUM,F_MIX_00222,41.40117913832199,BASS_AND_DRUM_SUPPORTED,PRIMARY,True
113,DRUM,F_MIX_00221,41.28507936507936,DRUM_SUPPORTED,CONTEXT,False
114,BASS,F_MIX_00224,41.749478458049886,BASS_AND_DRUM_SUPPORTED,PRIMARY,True
114,DRUM,F_MIX_00224,41.749478458049886,BASS_AND_DRUM_SUPPORTED,PRIMARY,True
114,DRUM,F_MIX_00223,41.64498866213152,DRUM_SUPPORTED,CONTEXT,False
115,DRUM,F_MIX_00225,42.10938775510204,DRUM_SUPPORTED,PRIMARY,True
116,DRUM,F_MIX_00226,42.38802721088435,DRUM_SUPPORTED,CONTEXT,True
117,DRUM,F_MIX_00230,42.86403628117914,DRUM_SUPPORTED,PRIMARY,True
117,DRUM,F_MIX_00229,42.75954648526077,DRUM_SUPPORTED,CONTEXT,False
117,DRUM,F_MIX_00228,42.71310657596372,DRUM_SUPPORTED,CONTEXT,False
118,BASS,F_MIX_00231,43.23555555555556,BASS_AND_DRUM_SUPPORTED,PRIMARY,True
118,DRUM,F_MIX_00231,43.23555555555556,BASS_AND_DRUM_SUPPORTED,PRIMARY,True
119,DRUM,F_MIX_00232,43.47936507936508,DRUM_SUPPORTED,PRIMARY,True
120,DRUM,F_MIX_00234,44.00181405895692,DRUM_SUPPORTED,CONTEXT,True
121,DRUM,F_MIX_00236,44.22240362811792,DRUM_SUPPORTED,CONTEXT,True
121,DRUM,F_MIX_00235,44.18757369614512,DRUM_SUPPORTED,CONTEXT,False
122,BASS,F_MIX_00238,44.68680272108843,BASS_AND_DRUM_SUPPORTED,PRIMARY,True
122,DRUM,F_MIX_00238,44.68680272108843,BASS_AND_DRUM_SUPPORTED,PRIMARY,True
122,DRUM,F_MIX_00239,44.72163265306123,DRUM_SUPPORTED,CONTEXT,False
129,DRUM,F_MIX_00248,47.42675736961451,DRUM_SUPPORTED,PRIMARY,True
131,DRUM,F_MIX_00253,48.12335600907029,DRUM_SUPPORTED,PRIMARY,True
132,DRUM,F_MIX_00254,48.54131519274377,DRUM_SUPPORTED,PRIMARY,True
133,DRUM,F_MIX_00255,48.901224489795915,DRUM_SUPPORTED,PRIMARY,True
134,DRUM,F_MIX_00257,49.284353741496595,DRUM_SUPPORTED,PRIMARY,True
134,DRUM,F_MIX_00258,49.31918367346939,DRUM_SUPPORTED,CONTEXT,False
134,DRUM,F_MIX_00256,49.191473922902496,DRUM_SUPPORTED,CONTEXT,False
135,DRUM,F_MIX_00259,49.65587301587301,DRUM_SUPPORTED,PRIMARY,True
136,DRUM,F_MIX_00260,50.01578231292517,DRUM_SUPPORTED,PRIMARY,True
137,DRUM,F_MIX_00261,50.39891156462585,DRUM_SUPPORTED,PRIMARY,True
138,DRUM,F_MIX_00262,50.758820861678004,DRUM_SUPPORTED,PRIMARY,True
139,DRUM,F_MIX_00264,51.13034013605442,DRUM_SUPPORTED,PRIMARY,True
142,DRUM,F_MIX_00270,52.244897959183675,DRUM_SUPPORTED,PRIMARY,True
142,DRUM,F_MIX_00269,52.186848072562356,DRUM_SUPPORTED,CONTEXT,False
143,DRUM,F_MIX_00272,52.61641723356009,DRUM_SUPPORTED,PRIMARY,True
143,DRUM,F_MIX_00271,52.523537414965986,DRUM_SUPPORTED,CONTEXT,False
144,DRUM,F_MIX_00274,52.97632653061225,DRUM_SUPPORTED,PRIMARY,True
145,DRUM,F_MIX_00275,53.324625850340134,DRUM_SUPPORTED,PRIMARY,True
146,DRUM,F_MIX_00277,53.69614512471655,DRUM_SUPPORTED,PRIMARY,True
146,DRUM,F_MIX_00276,53.614875283446715,DRUM_SUPPORTED,CONTEXT,False
147,DRUM,F_MIX_00279,54.05605442176871,DRUM_SUPPORTED,PRIMARY,True
148,DRUM,F_MIX_00281,54.427573696145124,DRUM_SUPPORTED,PRIMARY,True
148,DRUM,F_MIX_00280,54.34630385487528,DRUM_SUPPORTED,CONTEXT,False
149,DRUM,F_MIX_00283,54.78748299319728,DRUM_SUPPORTED,PRIMARY,True
150,DRUM,F_MIX_00284,55.147392290249435,DRUM_SUPPORTED,PRIMARY,True
151,DRUM,F_MIX_00285,55.50730158730159,DRUM_SUPPORTED,PRIMARY,True
152,DRUM,F_MIX_00287,55.878820861678,DRUM_SUPPORTED,PRIMARY,True
153,DRUM,F_MIX_00289,56.23873015873016,DRUM_SUPPORTED,PRIMARY,True
154,DRUM,F_MIX_00291,56.610249433106574,DRUM_SUPPORTED,PRIMARY,True
154,DRUM,F_MIX_00290,56.52897959183674,DRUM_SUPPORTED,CONTEXT,False
155,DRUM,F_MIX_00292,56.95854875283447,DRUM_SUPPORTED,PRIMARY,True
156,DRUM,F_MIX_00293,57.225578231292516,DRUM_SUPPORTED,CONTEXT,True
157,DRUM,F_MIX_00295,57.68997732426304,DRUM_SUPPORTED,PRIMARY,True
158,DRUM,F_MIX_00296,57.96861678004535,DRUM_SUPPORTED,PRIMARY,True
158,DRUM,F_MIX_00297,58.10793650793651,DRUM_SUPPORTED,CONTEXT,False
159,DRUM,F_MIX_00298,58.38657596371882,DRUM_SUPPORTED,PRIMARY,True
159,DRUM,F_MIX_00299,58.42140589569161,DRUM_SUPPORTED,CONTEXT,False
160,DRUM,F_MIX_00300,58.700045351473925,DRUM_SUPPORTED,PRIMARY,True
160,DRUM,F_MIX_00301,58.792925170068024,DRUM_SUPPORTED,CONTEXT,False
161,DRUM,F_MIX_00303,59.15283446712018,DRUM_SUPPORTED,PRIMARY,True
162,DRUM,F_MIX_00305,59.5243537414966,DRUM_SUPPORTED,CONTEXT,True
163,DRUM,F_MIX_00306,59.88426303854875,DRUM_SUPPORTED,PRIMARY,True
164,BASS,F_MIX_00309,60.24417233560091,BASS_AND_DRUM_SUPPORTED,PRIMARY,True
164,DRUM,F_MIX_00309,60.24417233560091,BASS_AND_DRUM_SUPPORTED,PRIMARY,True
165,BASS,F_MIX_00312,60.615691609977326,BASS_AND_DRUM_SUPPORTED,PRIMARY,True
165,DRUM,F_MIX_00312,60.615691609977326,BASS_AND_DRUM_SUPPORTED,PRIMARY,True
167,BASS,F_MIX_00316,61.35873015873016,BASS_AND_DRUM_SUPPORTED,PRIMARY,True
167,DRUM,F_MIX_00316,61.35873015873016,BASS_AND_DRUM_SUPPORTED,PRIMARY,True
168,BASS,F_MIX_00318,61.73024943310658,BASS_AND_DRUM_SUPPORTED,PRIMARY,True
168,DRUM,F_MIX_00318,61.73024943310658,BASS_AND_DRUM_SUPPORTED,PRIMARY,True
168,DRUM,F_MIX_00317,61.61414965986395,DRUM_SUPPORTED,CONTEXT,False
169,BASS,F_MIX_00319,62.0669387755102,BASS_AND_DRUM_SUPPORTED,PRIMARY,True
169,DRUM,F_MIX_00319,62.0669387755102,BASS_AND_DRUM_SUPPORTED,PRIMARY,True
170,DRUM,F_MIX_00321,62.43845804988662,DRUM_SUPPORTED,PRIMARY,True
171,BASS,F_MIX_00323,62.798367346938775,BASS_AND_DRUM_SUPPORTED,PRIMARY,True
171,DRUM,F_MIX_00323,62.798367346938775,BASS_AND_DRUM_SUPPORTED,PRIMARY,True
172,BASS,F_MIX_00324,63.181496598639455,BASS_AND_DRUM_SUPPORTED,PRIMARY,True
172,DRUM,F_MIX_00324,63.181496598639455,BASS_AND_DRUM_SUPPORTED,PRIMARY,True
173,DRUM,F_MIX_00326,63.54140589569161,DRUM_SUPPORTED,PRIMARY,True
173,DRUM,F_MIX_00325,63.46013605442177,DRUM_SUPPORTED,CONTEXT,False
174,DRUM,F_MIX_00327,63.80843537414966,DRUM_SUPPORTED,PRIMARY,True
175,DRUM,F_MIX_00328,64.24961451247165,DRUM_SUPPORTED,PRIMARY,True
176,DRUM,F_MIX_00330,64.62113378684808,DRUM_SUPPORTED,PRIMARY,True
176,DRUM,F_MIX_00329,64.51664399092971,DRUM_SUPPORTED,CONTEXT,False
177,DRUM,F_MIX_00332,64.98104308390023,DRUM_SUPPORTED,PRIMARY,True
178,DRUM,F_MIX_00334,65.34095238095239,DRUM_SUPPORTED,PRIMARY,True
179,DRUM,F_MIX_00335,65.70086167800453,DRUM_SUPPORTED,PRIMARY,True
180,BASS,F_MIX_00337,66.07238095238095,BASS_AND_DRUM_SUPPORTED,PRIMARY,True
180,DRUM,F_MIX_00337,66.07238095238095,BASS_AND_DRUM_SUPPORTED,PRIMARY,True
181,BASS,F_MIX_00338,66.42068027210884,BASS_AND_DRUM_SUPPORTED,PRIMARY,True
181,DRUM,F_MIX_00338,66.42068027210884,BASS_AND_DRUM_SUPPORTED,PRIMARY,True
182,BASS,F_MIX_00340,66.79219954648526,BASS_AND_DRUM_SUPPORTED,PRIMARY,True
182,DRUM,F_MIX_00340,66.79219954648526,BASS_AND_DRUM_SUPPORTED,PRIMARY,True
182,DRUM,F_MIX_00339,66.69931972789115,DRUM_SUPPORTED,CONTEXT,False
183,BASS,F_MIX_00341,67.1288888888889,BASS_AND_DRUM_SUPPORTED,PRIMARY,True
183,DRUM,F_MIX_00341,67.1288888888889,BASS_AND_DRUM_SUPPORTED,PRIMARY,True
184,DRUM,F_MIX_00343,67.5004081632653,DRUM_SUPPORTED,PRIMARY,True
185,DRUM,F_MIX_00345,67.87192743764173,DRUM_SUPPORTED,PRIMARY,True
186,DRUM,F_MIX_00347,68.20861678004535,DRUM_SUPPORTED,PRIMARY,True
186,DRUM,F_MIX_00346,68.1621768707483,DRUM_SUPPORTED,CONTEXT,False
187,BASS,F_MIX_00350,68.59174603174603,BASS_AND_DRUM_SUPPORTED,PRIMARY,True
187,DRUM,F_MIX_00350,68.59174603174603,BASS_AND_DRUM_SUPPORTED,PRIMARY,True
188,DRUM,F_MIX_00351,68.84716553287981,DRUM_SUPPORTED,CONTEXT,True
189,BASS,F_MIX_00353,69.29995464852608,BASS_AND_DRUM_SUPPORTED,PRIMARY,True
189,DRUM,F_MIX_00353,69.29995464852608,BASS_AND_DRUM_SUPPORTED,PRIMARY,True
190,DRUM,F_MIX_00355,69.64825396825397,DRUM_SUPPORTED,PRIMARY,True
191,DRUM,F_MIX_00357,70.01977324263038,DRUM_SUPPORTED,PRIMARY,True
192,DRUM,F_MIX_00359,70.37968253968253,DRUM_SUPPORTED,PRIMARY,True
193,DRUM,F_MIX_00361,70.75120181405896,DRUM_SUPPORTED,PRIMARY,True
193,DRUM,F_MIX_00360,70.64671201814059,DRUM_SUPPORTED,CONTEXT,False
194,DRUM,F_MIX_00362,70.99501133786848,DRUM_SUPPORTED,CONTEXT,True
195,DRUM,F_MIX_00365,71.47102040816327,DRUM_SUPPORTED,CONTEXT,True
196,DRUM,F_MIX_00367,71.81931972789116,DRUM_SUPPORTED,PRIMARY,True
196,DRUM,F_MIX_00366,71.72643990929706,DRUM_SUPPORTED,CONTEXT,False
197,DRUM,F_MIX_00369,72.19083900226758,DRUM_SUPPORTED,CONTEXT,True
198,DRUM,F_MIX_00371,72.53913832199547,DRUM_SUPPORTED,PRIMARY,True
198,DRUM,F_MIX_00370,72.44625850340137,DRUM_SUPPORTED,CONTEXT,False
199,DRUM,F_MIX_00372,72.89904761904762,DRUM_SUPPORTED,PRIMARY,True
200,DRUM,F_MIX_00374,73.27056689342403,DRUM_SUPPORTED,PRIMARY,True
200,DRUM,F_MIX_00373,73.18929705215419,DRUM_SUPPORTED,CONTEXT,False
201,DRUM,F_MIX_00375,73.60725623582766,DRUM_SUPPORTED,PRIMARY,True
201,DRUM,F_MIX_00376,73.64208616780046,DRUM_SUPPORTED,CONTEXT,False
202,DRUM,F_MIX_00377,73.88589569160997,DRUM_SUPPORTED,PRIMARY,True
203,BASS,F_MIX_00378,74.33868480725623,BASS_AND_DRUM_SUPPORTED,PRIMARY,True
203,DRUM,F_MIX_00378,74.33868480725623,BASS_AND_DRUM_SUPPORTED,PRIMARY,True
204,BASS,F_MIX_00380,74.72181405895692,BASS_AND_DRUM_SUPPORTED,CONTEXT,True
204,DRUM,F_MIX_00379,74.64054421768708,DRUM_SUPPORTED,PRIMARY,True
204,DRUM,F_MIX_00380,74.72181405895692,BASS_AND_DRUM_SUPPORTED,CONTEXT,False
205,BASS,F_MIX_00382,75.08172335600906,BASS_AND_DRUM_SUPPORTED,PRIMARY,True
205,DRUM,F_MIX_00382,75.08172335600906,BASS_AND_DRUM_SUPPORTED,PRIMARY,True
206,BASS,F_MIX_00384,75.43002267573696,BASS_AND_DRUM_SUPPORTED,PRIMARY,True
206,DRUM,F_MIX_00384,75.43002267573696,BASS_AND_DRUM_SUPPORTED,PRIMARY,True
206,DRUM,F_MIX_00383,75.34875283446712,DRUM_SUPPORTED,CONTEXT,False
207,DRUM,F_MIX_00386,75.80154195011337,DRUM_SUPPORTED,PRIMARY,True
207,DRUM,F_MIX_00385,75.72027210884353,DRUM_SUPPORTED,CONTEXT,False
208,DRUM,F_MIX_00387,76.06857142857143,DRUM_SUPPORTED,PRIMARY,True
209,DRUM,F_MIX_00389,76.52136054421769,DRUM_SUPPORTED,PRIMARY,True
210,DRUM,F_MIX_00390,76.77678004535147,DRUM_SUPPORTED,PRIMARY,True
211,DRUM,F_MIX_00391,77.13668934240363,DRUM_SUPPORTED,PRIMARY,True
211,DRUM,F_MIX_00392,77.22956916099773,DRUM_SUPPORTED,CONTEXT,False
212,DRUM,F_MIX_00393,77.48498866213151,DRUM_SUPPORTED,PRIMARY,True
213,DRUM,F_MIX_00395,77.94938775510204,DRUM_SUPPORTED,CONTEXT,True
214,DRUM,F_MIX_00397,78.3092970521542,DRUM_SUPPORTED,PRIMARY,True
214,DRUM,F_MIX_00396,78.2164172335601,DRUM_SUPPORTED,CONTEXT,False
215,DRUM,F_MIX_00399,78.68081632653062,DRUM_SUPPORTED,CONTEXT,True
216,DRUM,F_MIX_00400,78.9362358276644,DRUM_SUPPORTED,PRIMARY,True
216,DRUM,F_MIX_00401,79.04072562358277,DRUM_SUPPORTED,CONTEXT,False
217,DRUM,F_MIX_00403,79.38902494331066,DRUM_SUPPORTED,PRIMARY,True
217,DRUM,F_MIX_00402,79.28453514739229,DRUM_SUPPORTED,CONTEXT,False
218,DRUM,F_MIX_00405,79.74893424036281,DRUM_SUPPORTED,PRIMARY,True
218,DRUM,F_MIX_00404,79.63283446712018,DRUM_SUPPORTED,CONTEXT,False
219,DRUM,F_MIX_00406,80.0043537414966,DRUM_SUPPORTED,PRIMARY,True
219,DRUM,F_MIX_00407,80.0972335600907,DRUM_SUPPORTED,CONTEXT,False
220,DRUM,F_MIX_00408,80.35265306122449,DRUM_SUPPORTED,PRIMARY,True
221,BASS,F_MIX_00410,80.82866213151928,BASS_AND_DRUM_SUPPORTED,PRIMARY,True
221,BASS,F_MIX_00409,80.71256235827664,BASS_AND_DRUM_SUPPORTED,CONTEXT,False
221,DRUM,F_MIX_00410,80.82866213151928,BASS_AND_DRUM_SUPPORTED,PRIMARY,True
221,DRUM,F_MIX_00409,80.71256235827664,BASS_AND_DRUM_SUPPORTED,CONTEXT,False
222,DRUM,F_MIX_00411,81.08408163265307,DRUM_SUPPORTED,PRIMARY,True
222,DRUM,F_MIX_00412,81.21179138321996,DRUM_SUPPORTED,CONTEXT,False
223,BASS,F_MIX_00413,81.45560090702948,BASS_SUPPORTED,PRIMARY,True
223,DRUM,F_MIX_00414,81.54848072562358,DRUM_SUPPORTED,CONTEXT,True
224,BASS,F_MIX_00416,81.90839002267573,BASS_AND_DRUM_SUPPORTED,PRIMARY,True
224,DRUM,F_MIX_00416,81.90839002267573,BASS_AND_DRUM_SUPPORTED,PRIMARY,True
225,DRUM,F_MIX_00418,82.25668934240363,DRUM_SUPPORTED,PRIMARY,True
226,DRUM,F_MIX_00419,82.62820861678004,DRUM_SUPPORTED,PRIMARY,True
228,DRUM,F_MIX_00421,83.34802721088435,DRUM_SUPPORTED,PRIMARY,True
229,DRUM,F_MIX_00422,83.71954648526076,DRUM_SUPPORTED,PRIMARY,True
230,BASS,F_MIX_00423,84.09106575963719,BASS_AND_DRUM_SUPPORTED,PRIMARY,True
230,DRUM,F_MIX_00423,84.09106575963719,BASS_AND_DRUM_SUPPORTED,PRIMARY,True
231,BASS,F_MIX_00424,84.45097505668934,BASS_AND_DRUM_SUPPORTED,PRIMARY,True
231,DRUM,F_MIX_00424,84.45097505668934,BASS_AND_DRUM_SUPPORTED,PRIMARY,True
232,BASS,F_MIX_00426,84.82249433106576,BASS_AND_DRUM_SUPPORTED,PRIMARY,True
232,DRUM,F_MIX_00426,84.82249433106576,BASS_AND_DRUM_SUPPORTED,PRIMARY,True
233,BASS,F_MIX_00428,85.18240362811791,BASS_AND_DRUM_SUPPORTED,PRIMARY,True
233,DRUM,F_MIX_00428,85.18240362811791,BASS_AND_DRUM_SUPPORTED,PRIMARY,True
234,BASS,F_MIX_00430,85.53070294784581,BASS_AND_DRUM_SUPPORTED,PRIMARY,True
234,DRUM,F_MIX_00430,85.53070294784581,BASS_AND_DRUM_SUPPORTED,PRIMARY,True
234,DRUM,F_MIX_00429,85.46104308390022,DRUM_SUPPORTED,CONTEXT,False
235,BASS,F_MIX_00432,85.90222222222222,BASS_AND_DRUM_SUPPORTED,PRIMARY,True
235,DRUM,F_MIX_00432,85.90222222222222,BASS_AND_DRUM_SUPPORTED,PRIMARY,True
235,DRUM,F_MIX_00431,85.82095238095238,DRUM_SUPPORTED,CONTEXT,False
236,BASS,F_MIX_00434,86.2505215419501,BASS_AND_DRUM_SUPPORTED,PRIMARY,True
236,DRUM,F_MIX_00434,86.2505215419501,BASS_AND_DRUM_SUPPORTED,PRIMARY,True
236,DRUM,F_MIX_00435,86.2853514739229,DRUM_SUPPORTED,CONTEXT,False
237,BASS,F_MIX_00436,86.61043083900226,BASS_AND_DRUM_SUPPORTED,PRIMARY,True
237,DRUM,F_MIX_00436,86.61043083900226,BASS_AND_DRUM_SUPPORTED,PRIMARY,True
238,BASS,F_MIX_00438,86.98195011337869,BASS_AND_DRUM_SUPPORTED,PRIMARY,True
238,DRUM,F_MIX_00438,86.98195011337869,BASS_AND_DRUM_SUPPORTED,PRIMARY,True
239,DRUM,F_MIX_00441,87.34185941043084,DRUM_SUPPORTED,PRIMARY,True
240,DRUM,F_MIX_00442,87.59727891156463,DRUM_SUPPORTED,PRIMARY,True
241,BASS,F_MIX_00443,88.03845804988661,BASS_AND_DRUM_SUPPORTED,PRIMARY,True
241,DRUM,F_MIX_00443,88.03845804988661,BASS_AND_DRUM_SUPPORTED,PRIMARY,True
243,BASS,F_MIX_00445,88.75827664399092,BASS_AND_DRUM_SUPPORTED,PRIMARY,True
243,DRUM,F_MIX_00445,88.75827664399092,BASS_AND_DRUM_SUPPORTED,PRIMARY,True
244,BASS,F_MIX_00447,89.10657596371883,BASS_AND_DRUM_SUPPORTED,PRIMARY,True
244,DRUM,F_MIX_00447,89.10657596371883,BASS_AND_DRUM_SUPPORTED,PRIMARY,True
245,BASS,F_MIX_00448,89.47809523809524,BASS_AND_DRUM_SUPPORTED,PRIMARY,True
245,DRUM,F_MIX_00448,89.47809523809524,BASS_AND_DRUM_SUPPORTED,PRIMARY,True
246,DRUM,F_MIX_00449,89.74512471655329,DRUM_SUPPORTED,PRIMARY,True
247,BASS,F_MIX_00450,90.16308390022675,BASS_AND_DRUM_SUPPORTED,PRIMARY,True
247,DRUM,F_MIX_00450,90.16308390022675,BASS_AND_DRUM_SUPPORTED,PRIMARY,True
248,BASS,F_MIX_00452,90.5578231292517,BASS_AND_DRUM_SUPPORTED,PRIMARY,True
248,DRUM,F_MIX_00452,90.5578231292517,BASS_AND_DRUM_SUPPORTED,PRIMARY,True
248,DRUM,F_MIX_00451,90.45333333333333,DRUM_SUPPORTED,CONTEXT,False
249,BASS,F_MIX_00455,90.90612244897959,BASS_AND_DRUM_SUPPORTED,PRIMARY,True
249,DRUM,F_MIX_00455,90.90612244897959,BASS_AND_DRUM_SUPPORTED,PRIMARY,True
250,BASS,F_MIX_00457,91.26603174603174,BASS_AND_DRUM_SUPPORTED,PRIMARY,True
250,DRUM,F_MIX_00457,91.26603174603174,BASS_AND_DRUM_SUPPORTED,PRIMARY,True
251,BASS,F_MIX_00459,91.6259410430839,BASS_AND_DRUM_SUPPORTED,PRIMARY,True
251,DRUM,F_MIX_00459,91.6259410430839,BASS_AND_DRUM_SUPPORTED,PRIMARY,True
252,DRUM,F_MIX_00461,91.99746031746032,DRUM_SUPPORTED,PRIMARY,True
252,DRUM,F_MIX_00460,91.89297052154195,DRUM_SUPPORTED,CONTEXT,False
253,BASS,F_MIX_00463,92.28770975056689,BASS_AND_DRUM_SUPPORTED,CONTEXT,True
253,DRUM,F_MIX_00464,92.34575963718821,DRUM_SUPPORTED,PRIMARY,True
253,DRUM,F_MIX_00463,92.28770975056689,BASS_AND_DRUM_SUPPORTED,CONTEXT,False
254,BASS,F_MIX_00466,92.70566893424036,BASS_AND_DRUM_SUPPORTED,CONTEXT,True
254,DRUM,F_MIX_00466,92.70566893424036,BASS_AND_DRUM_SUPPORTED,CONTEXT,True
255,BASS,F_MIX_00468,93.07718820861678,BASS_AND_DRUM_SUPPORTED,PRIMARY,True
255,DRUM,F_MIX_00468,93.07718820861678,BASS_AND_DRUM_SUPPORTED,PRIMARY,True
255,DRUM,F_MIX_00467,92.9726984126984,DRUM_SUPPORTED,CONTEXT,False
256,DRUM,F_MIX_00470,93.43709750566893,DRUM_SUPPORTED,PRIMARY,True
256,DRUM,F_MIX_00469,93.33260770975056,DRUM_SUPPORTED,CONTEXT,False
257,DRUM,F_MIX_00472,93.79700680272109,DRUM_SUPPORTED,PRIMARY,True
258,DRUM,F_MIX_00473,94.04081632653062,DRUM_SUPPORTED,PRIMARY,True
259,BASS,F_MIX_00474,94.50521541950113,BASS_AND_DRUM_SUPPORTED,PRIMARY,True
259,DRUM,F_MIX_00474,94.50521541950113,BASS_AND_DRUM_SUPPORTED,PRIMARY,True
260,DRUM,F_MIX_00475,94.78385487528345,DRUM_SUPPORTED,PRIMARY,True
261,DRUM,F_MIX_00476,95.19020408163266,DRUM_SUPPORTED,PRIMARY,True
262,BASS,F_MIX_00478,95.59655328798186,BASS_AND_DRUM_SUPPORTED,PRIMARY,True
262,DRUM,F_MIX_00478,95.59655328798186,BASS_AND_DRUM_SUPPORTED,PRIMARY,True
262,DRUM,F_MIX_00477,95.51528344671202,DRUM_SUPPORTED,CONTEXT,False
263,DRUM,F_MIX_00480,95.95646258503402,DRUM_SUPPORTED,PRIMARY,True
264,DRUM,F_MIX_00481,96.23510204081633,DRUM_SUPPORTED,PRIMARY,True
265,BASS,F_MIX_00483,96.68789115646258,BASS_AND_DRUM_SUPPORTED,CONTEXT,True
265,DRUM,F_MIX_00483,96.68789115646258,BASS_AND_DRUM_SUPPORTED,CONTEXT,True
266,DRUM,F_MIX_00485,96.97814058956916,DRUM_SUPPORTED,PRIMARY,True
266,DRUM,F_MIX_00484,96.94331065759637,DRUM_SUPPORTED,CONTEXT,False
267,DRUM,F_MIX_00486,97.4077097505669,DRUM_SUPPORTED,PRIMARY,True
268,DRUM,F_MIX_00487,97.69795918367348,DRUM_SUPPORTED,PRIMARY,True
269,DRUM,F_MIX_00489,98.15074829931973,DRUM_SUPPORTED,CONTEXT,True
270,DRUM,F_MIX_00490,98.40616780045352,DRUM_SUPPORTED,PRIMARY,True
271,DRUM,F_MIX_00492,98.87056689342404,DRUM_SUPPORTED,CONTEXT,True
272,DRUM,F_MIX_00493,99.12598639455783,DRUM_SUPPORTED,PRIMARY,True
273,BASS,F_MIX_00495,99.57877551020408,BASS_AND_DRUM_SUPPORTED,PRIMARY,True
273,DRUM,F_MIX_00495,99.57877551020408,BASS_AND_DRUM_SUPPORTED,PRIMARY,True
273,DRUM,F_MIX_00494,99.47428571428571,DRUM_SUPPORTED,CONTEXT,False
274,BASS,F_MIX_00497,99.93868480725624,BASS_AND_DRUM_SUPPORTED,PRIMARY,True
274,DRUM,F_MIX_00497,99.93868480725624,BASS_AND_DRUM_SUPPORTED,PRIMARY,True
275,BASS,F_MIX_00500,100.29859410430839,BASS_AND_DRUM_SUPPORTED,PRIMARY,True
275,DRUM,F_MIX_00500,100.29859410430839,BASS_AND_DRUM_SUPPORTED,PRIMARY,True
276,BASS,F_MIX_00502,100.68172335600907,BASS_AND_DRUM_SUPPORTED,PRIMARY,True
276,DRUM,F_MIX_00502,100.68172335600907,BASS_AND_DRUM_SUPPORTED,PRIMARY,True
277,BASS,F_MIX_00504,101.05324263038548,BASS_AND_DRUM_SUPPORTED,PRIMARY,True
277,DRUM,F_MIX_00504,101.05324263038548,BASS_AND_DRUM_SUPPORTED,PRIMARY,True
279,BASS,F_MIX_00507,101.78467120181406,BASS_AND_DRUM_SUPPORTED,PRIMARY,True
279,DRUM,F_MIX_00507,101.78467120181406,BASS_AND_DRUM_SUPPORTED,PRIMARY,True
280,DRUM,F_MIX_00508,102.0517006802721,DRUM_SUPPORTED,PRIMARY,True
281,DRUM,F_MIX_00510,102.50448979591837,DRUM_SUPPORTED,PRIMARY,True
283,BASS,F_MIX_00512,103.22430839002267,BASS_AND_DRUM_SUPPORTED,PRIMARY,True
283,DRUM,F_MIX_00512,103.22430839002267,BASS_AND_DRUM_SUPPORTED,PRIMARY,True
284,BASS,F_MIX_00514,103.58421768707483,BASS_AND_DRUM_SUPPORTED,CONTEXT,True
284,DRUM,F_MIX_00513,103.49133786848073,DRUM_SUPPORTED,PRIMARY,True
284,DRUM,F_MIX_00514,103.58421768707483,BASS_AND_DRUM_SUPPORTED,CONTEXT,False
285,BASS,F_MIX_00516,103.94412698412698,BASS_AND_DRUM_SUPPORTED,PRIMARY,True
285,DRUM,F_MIX_00516,103.94412698412698,BASS_AND_DRUM_SUPPORTED,PRIMARY,True
286,DRUM,F_MIX_00519,104.30403628117914,DRUM_SUPPORTED,CONTEXT,True
286,DRUM,F_MIX_00517,104.18793650793651,DRUM_SUPPORTED,CONTEXT,False
286,DRUM,F_MIX_00520,104.33886621315193,DRUM_SUPPORTED,CONTEXT,False
287,BASS,F_MIX_00522,104.65233560090702,BASS_AND_DRUM_SUPPORTED,PRIMARY,True
287,DRUM,F_MIX_00522,104.65233560090702,BASS_AND_DRUM_SUPPORTED,PRIMARY,True
287,DRUM,F_MIX_00521,104.54784580498867,DRUM_SUPPORTED,CONTEXT,False
288,DRUM,F_MIX_00524,105.02385487528345,DRUM_SUPPORTED,PRIMARY,True
288,DRUM,F_MIX_00523,104.90775510204081,DRUM_SUPPORTED,CONTEXT,False
289,DRUM,F_MIX_00526,105.3837641723356,DRUM_SUPPORTED,CONTEXT,True
290,DRUM,F_MIX_00527,105.61596371882086,DRUM_SUPPORTED,PRIMARY,True
291,DRUM,F_MIX_00528,106.10358276643991,DRUM_SUPPORTED,PRIMARY,True
292,DRUM,F_MIX_00529,106.37061224489796,DRUM_SUPPORTED,PRIMARY,True
293,DRUM,F_MIX_00530,106.82340136054422,DRUM_SUPPORTED,PRIMARY,True
294,DRUM,F_MIX_00531,107.06721088435374,DRUM_SUPPORTED,PRIMARY,True
294,DRUM,F_MIX_00532,107.18331065759637,DRUM_SUPPORTED,CONTEXT,False
295,DRUM,F_MIX_00533,107.4271201814059,DRUM_SUPPORTED,PRIMARY,True
295,DRUM,F_MIX_00534,107.53160997732427,DRUM_SUPPORTED,CONTEXT,False
296,DRUM,F_MIX_00535,107.76380952380953,DRUM_SUPPORTED,PRIMARY,True
296,DRUM,F_MIX_00536,107.89151927437642,DRUM_SUPPORTED,CONTEXT,False
297,DRUM,F_MIX_00538,108.2398185941043,DRUM_SUPPORTED,PRIMARY,True
297,DRUM,F_MIX_00537,108.10049886621316,DRUM_SUPPORTED,CONTEXT,False
298,DRUM,F_MIX_00539,108.4604081632653,DRUM_SUPPORTED,PRIMARY,True
299,DRUM,F_MIX_00540,108.92480725623582,DRUM_SUPPORTED,PRIMARY,True
299,DRUM,F_MIX_00541,108.95963718820862,DRUM_SUPPORTED,CONTEXT,False
300,DRUM,F_MIX_00543,109.3079365079365,DRUM_SUPPORTED,PRIMARY,True
300,DRUM,F_MIX_00542,109.19183673469388,DRUM_SUPPORTED,CONTEXT,False
301,DRUM,F_MIX_00544,109.6562358276644,DRUM_SUPPORTED,PRIMARY,True
302,DRUM,F_MIX_00545,109.91165532879819,DRUM_SUPPORTED,PRIMARY,True
303,DRUM,F_MIX_00546,110.38766439909297,DRUM_SUPPORTED,PRIMARY,True
304,DRUM,F_MIX_00548,110.65469387755103,DRUM_SUPPORTED,PRIMARY,True
304,DRUM,F_MIX_00549,110.7243537414966,DRUM_SUPPORTED,CONTEXT,False
305,DRUM,F_MIX_00551,110.99138321995464,DRUM_SUPPORTED,PRIMARY,True
306,DRUM,F_MIX_00554,111.46739229024944,DRUM_SUPPORTED,PRIMARY,True
307,DRUM,F_MIX_00556,111.82730158730159,DRUM_SUPPORTED,PRIMARY,True
308,DRUM,F_MIX_00558,112.198820861678,DRUM_SUPPORTED,CONTEXT,True
309,DRUM,F_MIX_00559,112.51229024943311,DRUM_SUPPORTED,PRIMARY,True
309,DRUM,F_MIX_00560,112.5471201814059,DRUM_SUPPORTED,CONTEXT,False
311,DRUM,F_MIX_00563,113.27854875283447,DRUM_SUPPORTED,CONTEXT,True
312,DRUM,F_MIX_00564,113.54557823129252,DRUM_SUPPORTED,PRIMARY,True
312,DRUM,F_MIX_00565,113.65006802721088,DRUM_SUPPORTED,CONTEXT,False
313,DRUM,F_MIX_00567,113.99836734693878,DRUM_SUPPORTED,CONTEXT,True
315,DRUM,F_MIX_00569,114.71818594104309,DRUM_SUPPORTED,PRIMARY,True
316,BASS,F_MIX_00571,115.06648526077097,BASS_AND_DRUM_SUPPORTED,PRIMARY,True
316,DRUM,F_MIX_00571,115.06648526077097,BASS_AND_DRUM_SUPPORTED,PRIMARY,True
316,DRUM,F_MIX_00570,114.97360544217688,DRUM_SUPPORTED,CONTEXT,False
317,BASS,F_MIX_00572,115.43800453514739,BASS_AND_DRUM_SUPPORTED,PRIMARY,True
317,DRUM,F_MIX_00572,115.43800453514739,BASS_AND_DRUM_SUPPORTED,PRIMARY,True
318,BASS,F_MIX_00573,115.79791383219954,BASS_AND_DRUM_SUPPORTED,PRIMARY,True
318,DRUM,F_MIX_00573,115.79791383219954,BASS_AND_DRUM_SUPPORTED,PRIMARY,True
319,DRUM,F_MIX_00575,116.16943310657597,DRUM_SUPPORTED,PRIMARY,True
320,BASS,F_MIX_00576,116.5061224489796,BASS_AND_DRUM_SUPPORTED,PRIMARY,True
320,DRUM,F_MIX_00576,116.5061224489796,BASS_AND_DRUM_SUPPORTED,PRIMARY,True
321,BASS,F_MIX_00578,116.877641723356,BASS_AND_DRUM_SUPPORTED,PRIMARY,True
321,DRUM,F_MIX_00578,116.877641723356,BASS_AND_DRUM_SUPPORTED,PRIMARY,True
322,BASS,F_MIX_00579,117.2259410430839,BASS_AND_DRUM_SUPPORTED,CONTEXT,True
322,DRUM,F_MIX_00580,117.26077097505669,DRUM_SUPPORTED,PRIMARY,True
322,DRUM,F_MIX_00579,117.2259410430839,BASS_AND_DRUM_SUPPORTED,CONTEXT,False
323,DRUM,F_MIX_00582,117.60907029478459,DRUM_SUPPORTED,PRIMARY,True
324,BASS,F_MIX_00583,117.980589569161,BASS_AND_DRUM_SUPPORTED,PRIMARY,True
324,DRUM,F_MIX_00583,117.980589569161,BASS_AND_DRUM_SUPPORTED,PRIMARY,True
325,BASS,F_MIX_00584,118.35210884353741,BASS_AND_DRUM_SUPPORTED,PRIMARY,True
325,DRUM,F_MIX_00584,118.35210884353741,BASS_AND_DRUM_SUPPORTED,PRIMARY,True
326,BASS,F_MIX_00586,118.72362811791383,BASS_AND_DRUM_SUPPORTED,PRIMARY,True
326,DRUM,F_MIX_00586,118.72362811791383,BASS_AND_DRUM_SUPPORTED,PRIMARY,True
327,BASS,F_MIX_00587,119.06031746031746,BASS_AND_DRUM_SUPPORTED,CONTEXT,True
327,DRUM,F_MIX_00588,119.09514739229024,DRUM_SUPPORTED,PRIMARY,True
327,DRUM,F_MIX_00587,119.06031746031746,BASS_AND_DRUM_SUPPORTED,CONTEXT,False
328,DRUM,F_MIX_00589,119.44344671201814,DRUM_SUPPORTED,PRIMARY,True
329,BASS,F_MIX_00591,119.8033560090703,BASS_AND_DRUM_SUPPORTED,PRIMARY,True
329,DRUM,F_MIX_00591,119.8033560090703,BASS_AND_DRUM_SUPPORTED,PRIMARY,True
330,BASS,F_MIX_00592,120.07038548752834,BASS_AND_DRUM_SUPPORTED,PRIMARY,True
330,DRUM,F_MIX_00592,120.07038548752834,BASS_AND_DRUM_SUPPORTED,PRIMARY,True
331,DRUM,F_MIX_00594,120.52317460317461,DRUM_SUPPORTED,PRIMARY,True
333,BASS,F_MIX_00597,121.25460317460318,BASS_AND_DRUM_SUPPORTED,PRIMARY,True
333,DRUM,F_MIX_00597,121.25460317460318,BASS_AND_DRUM_SUPPORTED,PRIMARY,True
334,BASS,F_MIX_00598,121.61451247165533,BASS_AND_DRUM_SUPPORTED,PRIMARY,True
334,DRUM,F_MIX_00598,121.61451247165533,BASS_AND_DRUM_SUPPORTED,PRIMARY,True
335,BASS,F_MIX_00600,121.97442176870749,BASS_AND_DRUM_SUPPORTED,PRIMARY,True
335,DRUM,F_MIX_00600,121.97442176870749,BASS_AND_DRUM_SUPPORTED,PRIMARY,True
336,BASS,F_MIX_00602,122.33433106575964,BASS_AND_DRUM_SUPPORTED,PRIMARY,True
336,DRUM,F_MIX_00602,122.33433106575964,BASS_AND_DRUM_SUPPORTED,PRIMARY,True
337,BASS,F_MIX_00603,122.70585034013605,BASS_AND_DRUM_SUPPORTED,PRIMARY,True
337,DRUM,F_MIX_00603,122.70585034013605,BASS_AND_DRUM_SUPPORTED,PRIMARY,True
338,BASS,F_MIX_00604,123.05414965986395,BASS_AND_DRUM_SUPPORTED,PRIMARY,True
338,DRUM,F_MIX_00604,123.05414965986395,BASS_AND_DRUM_SUPPORTED,PRIMARY,True
339,BASS,F_MIX_00606,123.42566893424036,BASS_AND_DRUM_SUPPORTED,PRIMARY,True
339,DRUM,F_MIX_00606,123.42566893424036,BASS_AND_DRUM_SUPPORTED,PRIMARY,True
339,DRUM,F_MIX_00605,123.33278911564626,DRUM_SUPPORTED,CONTEXT,False
340,BASS,F_MIX_00608,123.79718820861677,BASS_AND_DRUM_SUPPORTED,PRIMARY,True
340,DRUM,F_MIX_00608,123.79718820861677,BASS_AND_DRUM_SUPPORTED,PRIMARY,True
341,BASS,F_MIX_00610,124.15709750566893,BASS_AND_DRUM_SUPPORTED,PRIMARY,True
341,DRUM,F_MIX_00610,124.15709750566893,BASS_AND_DRUM_SUPPORTED,PRIMARY,True
342,BASS,F_MIX_00612,124.52861678004535,BASS_AND_DRUM_SUPPORTED,PRIMARY,True
342,DRUM,F_MIX_00612,124.52861678004535,BASS_AND_DRUM_SUPPORTED,PRIMARY,True
342,DRUM,F_MIX_00611,124.42412698412699,DRUM_SUPPORTED,CONTEXT,False
343,BASS,F_MIX_00613,124.87691609977324,BASS_AND_DRUM_SUPPORTED,PRIMARY,True
343,DRUM,F_MIX_00613,124.87691609977324,BASS_AND_DRUM_SUPPORTED,PRIMARY,True
344,BASS,F_MIX_00615,125.2368253968254,BASS_AND_DRUM_SUPPORTED,PRIMARY,True
344,DRUM,F_MIX_00615,125.2368253968254,BASS_AND_DRUM_SUPPORTED,PRIMARY,True
345,BASS,F_MIX_00616,125.58512471655328,BASS_AND_DRUM_SUPPORTED,PRIMARY,True
345,DRUM,F_MIX_00616,125.58512471655328,BASS_AND_DRUM_SUPPORTED,PRIMARY,True
346,BASS,F_MIX_00618,125.9914739229025,BASS_SUPPORTED,PRIMARY,True
346,DRUM,F_MIX_00617,125.85215419501134,DRUM_SUPPORTED,CONTEXT,True
347,BASS,F_MIX_00620,126.30494331065759,BASS_AND_DRUM_SUPPORTED,PRIMARY,True
347,DRUM,F_MIX_00620,126.30494331065759,BASS_AND_DRUM_SUPPORTED,PRIMARY,True
348,BASS,F_MIX_00621,126.65324263038549,BASS_AND_DRUM_SUPPORTED,PRIMARY,True
348,DRUM,F_MIX_00621,126.65324263038549,BASS_AND_DRUM_SUPPORTED,PRIMARY,True
348,DRUM,F_MIX_00622,126.69968253968254,DRUM_SUPPORTED,CONTEXT,False
349,DRUM,F_MIX_00624,127.0247619047619,DRUM_SUPPORTED,PRIMARY,True
350,DRUM,F_MIX_00626,127.39628117913833,DRUM_SUPPORTED,PRIMARY,True
350,DRUM,F_MIX_00625,127.29179138321996,DRUM_SUPPORTED,CONTEXT,False
351,DRUM,F_MIX_00628,127.74458049886621,DRUM_SUPPORTED,PRIMARY,True
352,DRUM,F_MIX_00630,128.1277097505669,DRUM_SUPPORTED,PRIMARY,True
353,DRUM,F_MIX_00632,128.4992290249433,DRUM_SUPPORTED,PRIMARY,True
355,DRUM,F_MIX_00635,129.20743764172335,DRUM_SUPPORTED,PRIMARY,True
356,DRUM,F_MIX_00637,129.4744671201814,DRUM_SUPPORTED,PRIMARY,True
357,DRUM,F_MIX_00639,129.92725623582766,DRUM_SUPPORTED,PRIMARY,True
357,DRUM,F_MIX_00638,129.84598639455783,DRUM_SUPPORTED,CONTEXT,False
358,DRUM,F_MIX_00640,130.2871655328798,DRUM_SUPPORTED,PRIMARY,True
359,DRUM,F_MIX_00642,130.6354648526077,DRUM_SUPPORTED,PRIMARY,True
359,DRUM,F_MIX_00641,130.5193650793651,DRUM_SUPPORTED,CONTEXT,False
360,DRUM,F_MIX_00644,130.9489342403628,DRUM_SUPPORTED,PRIMARY,True
360,DRUM,F_MIX_00645,131.00698412698412,DRUM_SUPPORTED,CONTEXT,False
362,DRUM,F_MIX_00648,131.59909297052155,DRUM_SUPPORTED,PRIMARY,True
363,DRUM,F_MIX_00649,132.0867120181406,DRUM_SUPPORTED,PRIMARY,True
364,DRUM,F_MIX_00651,132.44662131519274,DRUM_SUPPORTED,PRIMARY,True
364,DRUM,F_MIX_00650,132.31891156462586,DRUM_SUPPORTED,CONTEXT,False
365,DRUM,F_MIX_00653,132.78331065759636,DRUM_SUPPORTED,PRIMARY,True
367,DRUM,F_MIX_00656,133.51473922902494,DRUM_SUPPORTED,PRIMARY,True
368,DRUM,F_MIX_00658,133.86303854875283,DRUM_SUPPORTED,PRIMARY,True
369,DRUM,F_MIX_00660,134.22294784580498,DRUM_SUPPORTED,PRIMARY,True
371,DRUM,F_MIX_00662,134.93115646258502,DRUM_SUPPORTED,PRIMARY,True
372,DRUM,F_MIX_00663,135.30267573696145,DRUM_SUPPORTED,PRIMARY,True
373,DRUM,F_MIX_00664,135.6625850340136,DRUM_SUPPORTED,PRIMARY,True
374,DRUM,F_MIX_00665,136.0108843537415,DRUM_SUPPORTED,PRIMARY,True
375,DRUM,F_MIX_00666,136.35918367346937,DRUM_SUPPORTED,PRIMARY,True
375,DRUM,F_MIX_00667,136.39401360544218,DRUM_SUPPORTED,CONTEXT,False
376,DRUM,F_MIX_00668,136.74231292517007,DRUM_SUPPORTED,PRIMARY,True
377,DRUM,F_MIX_00670,137.1138321995465,DRUM_SUPPORTED,PRIMARY,True
378,DRUM,F_MIX_00672,137.47374149659865,DRUM_SUPPORTED,PRIMARY,True
378,DRUM,F_MIX_00671,137.36925170068028,DRUM_SUPPORTED,CONTEXT,False
379,DRUM,F_MIX_00674,137.82204081632653,DRUM_SUPPORTED,PRIMARY,True
380,DRUM,F_MIX_00675,138.10068027210883,DRUM_SUPPORTED,PRIMARY,True
381,DRUM,F_MIX_00676,138.54185941043085,DRUM_SUPPORTED,PRIMARY,True
382,DRUM,F_MIX_00677,138.79727891156463,DRUM_SUPPORTED,PRIMARY,True
383,DRUM,F_MIX_00679,139.26167800453516,DRUM_SUPPORTED,PRIMARY,True
383,DRUM,F_MIX_00678,139.16879818594106,DRUM_SUPPORTED,CONTEXT,False
384,DRUM,F_MIX_00681,139.6215873015873,DRUM_SUPPORTED,PRIMARY,True
385,DRUM,F_MIX_00683,139.9698866213152,DRUM_SUPPORTED,PRIMARY,True
386,DRUM,F_MIX_00684,140.21369614512471,DRUM_SUPPORTED,PRIMARY,True
387,DRUM,F_MIX_00686,140.70131519274378,DRUM_SUPPORTED,PRIMARY,True
388,DRUM,F_MIX_00687,141.0612244897959,DRUM_SUPPORTED,PRIMARY,True
389,DRUM,F_MIX_00689,141.42113378684806,DRUM_SUPPORTED,PRIMARY,True
390,DRUM,F_MIX_00691,141.79265306122448,DRUM_SUPPORTED,PRIMARY,True
391,DRUM,F_MIX_00692,142.12934240362813,DRUM_SUPPORTED,PRIMARY,True
391,DRUM,F_MIX_00693,142.1641723356009,DRUM_SUPPORTED,CONTEXT,False
392,DRUM,F_MIX_00694,142.4428117913832,DRUM_SUPPORTED,PRIMARY,True
393,DRUM,F_MIX_00695,142.86077097505668,DRUM_SUPPORTED,PRIMARY,True
394,DRUM,F_MIX_00697,143.2322902494331,DRUM_SUPPORTED,PRIMARY,True
395,DRUM,F_MIX_00699,143.60380952380953,DRUM_SUPPORTED,PRIMARY,True
396,DRUM,F_MIX_00700,143.9637188208617,DRUM_SUPPORTED,PRIMARY,True
397,DRUM,F_MIX_00702,144.32362811791384,DRUM_SUPPORTED,CONTEXT,True
399,DRUM,F_MIX_00705,145.04344671201815,DRUM_SUPPORTED,CONTEXT,True
400,DRUM,F_MIX_00706,145.29886621315194,DRUM_SUPPORTED,PRIMARY,True
401,DRUM,F_MIX_00708,145.76326530612246,DRUM_SUPPORTED,PRIMARY,True
401,DRUM,F_MIX_00707,145.6587755102041,DRUM_SUPPORTED,CONTEXT,False
402,DRUM,F_MIX_00710,146.13478458049886,DRUM_SUPPORTED,PRIMARY,True
403,DRUM,F_MIX_00711,146.49469387755101,DRUM_SUPPORTED,PRIMARY,True
405,DRUM,F_MIX_00718,147.20290249433106,DRUM_SUPPORTED,CONTEXT,True
407,DRUM,F_MIX_00725,147.9111111111111,DRUM_SUPPORTED,PRIMARY,True
408,DRUM,F_MIX_00729,148.2942403628118,DRUM_SUPPORTED,CONTEXT,True
409,DRUM,F_MIX_00730,148.5380498866213,DRUM_SUPPORTED,CONTEXT,True
412,DRUM,F_MIX_00738,149.7338775510204,DRUM_SUPPORTED,CONTEXT,True
413,DRUM,F_MIX_00740,150.0125170068027,DRUM_SUPPORTED,PRIMARY,True
413,DRUM,F_MIX_00741,150.11700680272108,DRUM_SUPPORTED,CONTEXT,False
414,DRUM,F_MIX_00743,150.37242630385487,DRUM_SUPPORTED,PRIMARY,True
414,DRUM,F_MIX_00744,150.465306122449,DRUM_SUPPORTED,CONTEXT,False
415,DRUM,F_MIX_00746,150.81360544217688,DRUM_SUPPORTED,CONTEXT,True
416,DRUM,F_MIX_00749,151.18512471655328,DRUM_SUPPORTED,CONTEXT,True
418,DRUM,F_MIX_00752,151.7772335600907,DRUM_SUPPORTED,PRIMARY,True
419,DRUM,F_MIX_00754,152.276462585034,DRUM_SUPPORTED,CONTEXT,True
420,DRUM,F_MIX_00757,152.6595918367347,DRUM_SUPPORTED,CONTEXT,True
421,DRUM,F_MIX_00758,153.01950113378686,DRUM_SUPPORTED,PRIMARY,True
422,DRUM,F_MIX_00759,153.37941043083902,DRUM_SUPPORTED,PRIMARY,True
423,DRUM,F_MIX_00760,153.73931972789114,DRUM_SUPPORTED,PRIMARY,True
424,DRUM,F_MIX_00762,154.11083900226757,DRUM_SUPPORTED,PRIMARY,True
425,DRUM,F_MIX_00763,154.47074829931972,DRUM_SUPPORTED,PRIMARY,True
426,DRUM,F_MIX_00765,154.84226757369615,DRUM_SUPPORTED,PRIMARY,True
427,DRUM,F_MIX_00767,155.19056689342403,DRUM_SUPPORTED,PRIMARY,True
428,DRUM,F_MIX_00769,155.50403628117914,DRUM_SUPPORTED,PRIMARY,True
428,DRUM,F_MIX_00768,155.4575963718821,DRUM_SUPPORTED,CONTEXT,False
429,DRUM,F_MIX_00771,155.91038548752834,DRUM_SUPPORTED,PRIMARY,True
430,DRUM,F_MIX_00773,156.2702947845805,DRUM_SUPPORTED,PRIMARY,True
430,DRUM,F_MIX_00772,156.1774149659864,DRUM_SUPPORTED,CONTEXT,False
431,DRUM,F_MIX_00775,156.6185941043084,DRUM_SUPPORTED,PRIMARY,True
432,DRUM,F_MIX_00776,156.88562358276644,DRUM_SUPPORTED,PRIMARY,True
433,DRUM,F_MIX_00777,157.35002267573697,DRUM_SUPPORTED,PRIMARY,True
434,DRUM,F_MIX_00779,157.73315192743763,DRUM_SUPPORTED,PRIMARY,True
434,DRUM,F_MIX_00778,157.61705215419502,DRUM_SUPPORTED,CONTEXT,False
435,DRUM,F_MIX_00781,158.0930612244898,DRUM_SUPPORTED,PRIMARY,True
436,DRUM,F_MIX_00782,158.4645804988662,DRUM_SUPPORTED,PRIMARY,True
437,DRUM,F_MIX_00784,158.83609977324264,DRUM_SUPPORTED,PRIMARY,True
438,DRUM,F_MIX_00786,159.18439909297052,DRUM_SUPPORTED,PRIMARY,True
438,DRUM,F_MIX_00787,159.2192290249433,DRUM_SUPPORTED,CONTEXT,False
439,DRUM,F_MIX_00789,159.55591836734695,DRUM_SUPPORTED,PRIMARY,True
441,DRUM,F_MIX_00794,160.2873469387755,DRUM_SUPPORTED,PRIMARY,True
442,DRUM,F_MIX_00795,160.6356462585034,DRUM_SUPPORTED,PRIMARY,True
443,DRUM,F_MIX_00798,161.03038548752835,DRUM_SUPPORTED,PRIMARY,True
445,DRUM,F_MIX_00804,161.62249433106575,DRUM_SUPPORTED,PRIMARY,True
445,DRUM,F_MIX_00805,161.7385941043084,DRUM_SUPPORTED,CONTEXT,False
446,DRUM,F_MIX_00807,162.09850340136055,DRUM_SUPPORTED,PRIMARY,True
447,DRUM,F_MIX_00808,162.4584126984127,DRUM_SUPPORTED,PRIMARY,True
448,DRUM,F_MIX_00809,162.70222222222222,DRUM_SUPPORTED,CONTEXT,True
449,DRUM,F_MIX_00813,163.178231292517,DRUM_SUPPORTED,PRIMARY,True
449,DRUM,F_MIX_00812,163.0505215419501,DRUM_SUPPORTED,CONTEXT,False
451,DRUM,F_MIX_00816,163.92126984126983,DRUM_SUPPORTED,CONTEXT,True
452,DRUM,F_MIX_00818,164.281179138322,DRUM_SUPPORTED,CONTEXT,True
453,DRUM,F_MIX_00821,164.62947845804987,DRUM_SUPPORTED,PRIMARY,True
453,DRUM,F_MIX_00822,164.66430839002268,DRUM_SUPPORTED,CONTEXT,False
455,DRUM,F_MIX_00824,165.37251700680272,DRUM_SUPPORTED,PRIMARY,True
456,DRUM,F_MIX_00826,165.73242630385488,DRUM_SUPPORTED,PRIMARY,True
457,DRUM,F_MIX_00828,166.09233560090703,DRUM_SUPPORTED,PRIMARY,True
458,DRUM,F_MIX_00830,166.4522448979592,DRUM_SUPPORTED,PRIMARY,True
459,DRUM,F_MIX_00832,166.71927437641725,DRUM_SUPPORTED,PRIMARY,True
460,DRUM,F_MIX_00834,167.16045351473923,DRUM_SUPPORTED,PRIMARY,True
461,DRUM,F_MIX_00837,167.5203628117914,DRUM_SUPPORTED,PRIMARY,True
463,DRUM,F_MIX_00840,168.25179138321997,DRUM_SUPPORTED,PRIMARY,True
464,DRUM,F_MIX_00842,168.60009070294785,DRUM_SUPPORTED,PRIMARY,True
464,DRUM,F_MIX_00841,168.49560090702948,DRUM_SUPPORTED,CONTEXT,False
465,DRUM,F_MIX_00844,168.94839002267574,DRUM_SUPPORTED,PRIMARY,True
465,DRUM,F_MIX_00843,168.84390022675737,DRUM_SUPPORTED,CONTEXT,False
466,DRUM,F_MIX_00846,169.3082993197279,DRUM_SUPPORTED,PRIMARY,True
466,DRUM,F_MIX_00845,169.20380952380953,DRUM_SUPPORTED,CONTEXT,False
467,DRUM,F_MIX_00847,169.69142857142856,DRUM_SUPPORTED,PRIMARY,True
468,DRUM,F_MIX_00850,170.05133786848072,DRUM_SUPPORTED,CONTEXT,True
468,DRUM,F_MIX_00848,169.9004081632653,DRUM_SUPPORTED,CONTEXT,False
469,DRUM,F_MIX_00851,170.283537414966,DRUM_SUPPORTED,PRIMARY,True
469,DRUM,F_MIX_00852,170.41124716553287,DRUM_SUPPORTED,CONTEXT,False
470,DRUM,F_MIX_00854,170.75954648526078,DRUM_SUPPORTED,CONTEXT,True
471,DRUM,F_MIX_00856,171.1194557823129,DRUM_SUPPORTED,PRIMARY,True
471,DRUM,F_MIX_00855,170.98013605442176,DRUM_SUPPORTED,CONTEXT,False
472,DRUM,F_MIX_00858,171.46775510204083,DRUM_SUPPORTED,PRIMARY,True
472,DRUM,F_MIX_00857,171.36326530612246,DRUM_SUPPORTED,CONTEXT,False
473,DRUM,F_MIX_00860,171.8508843537415,DRUM_SUPPORTED,PRIMARY,True
473,DRUM,F_MIX_00859,171.71156462585034,DRUM_SUPPORTED,CONTEXT,False
474,DRUM,F_MIX_00862,172.18757369614514,DRUM_SUPPORTED,PRIMARY,True
474,DRUM,F_MIX_00861,172.0714739229025,DRUM_SUPPORTED,CONTEXT,False
475,DRUM,F_MIX_00864,172.5474829931973,DRUM_SUPPORTED,PRIMARY,True
476,DRUM,F_MIX_00866,172.90739229024942,DRUM_SUPPORTED,PRIMARY,True
476,DRUM,F_MIX_00865,172.7912925170068,DRUM_SUPPORTED,CONTEXT,False
477,DRUM,F_MIX_00868,173.25569160997733,DRUM_SUPPORTED,PRIMARY,True
478,DRUM,F_MIX_00870,173.638820861678,DRUM_SUPPORTED,PRIMARY,True
478,DRUM,F_MIX_00869,173.49950113378685,DRUM_SUPPORTED,CONTEXT,False
479,DRUM,F_MIX_00872,173.96390022675737,DRUM_SUPPORTED,PRIMARY,True
479,DRUM,F_MIX_00871,173.88263038548752,DRUM_SUPPORTED,CONTEXT,False
480,DRUM,F_MIX_00875,174.32380952380953,DRUM_SUPPORTED,PRIMARY,True
481,DRUM,F_MIX_00877,174.69532879818595,DRUM_SUPPORTED,PRIMARY,True
482,DRUM,F_MIX_00880,175.05523809523808,DRUM_SUPPORTED,PRIMARY,True
482,DRUM,F_MIX_00878,174.95074829931974,DRUM_SUPPORTED,CONTEXT,False
483,DRUM,F_MIX_00883,175.4267573696145,DRUM_SUPPORTED,PRIMARY,True
484,DRUM,F_MIX_00886,175.79827664399093,DRUM_SUPPORTED,PRIMARY,True
485,DRUM,F_MIX_00889,176.13496598639455,DRUM_SUPPORTED,PRIMARY,True
486,DRUM,F_MIX_00892,176.5297052154195,DRUM_SUPPORTED,CONTEXT,True
487,DRUM,F_MIX_00893,176.79673469387754,DRUM_SUPPORTED,PRIMARY,True
488,DRUM,F_MIX_00895,177.24952380952382,DRUM_SUPPORTED,CONTEXT,True
489,DRUM,F_MIX_00896,177.5978231292517,DRUM_SUPPORTED,PRIMARY,True
490,DRUM,F_MIX_00897,177.86485260770976,DRUM_SUPPORTED,PRIMARY,True
491,DRUM,F_MIX_00899,178.32925170068026,DRUM_SUPPORTED,CONTEXT,True
492,DRUM,F_MIX_00900,178.5730612244898,DRUM_SUPPORTED,PRIMARY,True
493,DRUM,F_MIX_00901,179.03746031746033,DRUM_SUPPORTED,PRIMARY,True
494,DRUM,F_MIX_00902,179.39736961451248,DRUM_SUPPORTED,PRIMARY,True
495,DRUM,F_MIX_00903,179.74566893424037,DRUM_SUPPORTED,PRIMARY,True
496,DRUM,F_MIX_00905,180.12879818594104,DRUM_SUPPORTED,PRIMARY,True
496,DRUM,F_MIX_00904,180.01269841269843,DRUM_SUPPORTED,CONTEXT,False
497,DRUM,F_MIX_00907,180.4887074829932,DRUM_SUPPORTED,PRIMARY,True
497,DRUM,F_MIX_00906,180.3958276643991,DRUM_SUPPORTED,CONTEXT,False
498,DRUM,F_MIX_00909,180.84861678004535,DRUM_SUPPORTED,PRIMARY,True
498,DRUM,F_MIX_00910,180.8950566893424,DRUM_SUPPORTED,CONTEXT,False
498,DRUM,F_MIX_00908,180.74412698412698,DRUM_SUPPORTED,CONTEXT,False
499,DRUM,F_MIX_00911,181.23174603174604,DRUM_SUPPORTED,PRIMARY,True
500,DRUM,F_MIX_00914,181.62648526077098,DRUM_SUPPORTED,CONTEXT,True
500,DRUM,F_MIX_00912,181.48716553287983,DRUM_SUPPORTED,CONTEXT,False
501,DRUM,F_MIX_00916,181.95156462585035,DRUM_SUPPORTED,PRIMARY,True
502,DRUM,F_MIX_00919,182.35791383219956,DRUM_SUPPORTED,CONTEXT,True
502,DRUM,F_MIX_00917,182.20698412698414,DRUM_SUPPORTED,CONTEXT,False
503,DRUM,F_MIX_00920,182.6829931972789,DRUM_SUPPORTED,PRIMARY,True
504,DRUM,F_MIX_00922,183.04290249433106,DRUM_SUPPORTED,PRIMARY,True
504,DRUM,F_MIX_00921,182.95002267573696,DRUM_SUPPORTED,CONTEXT,False
506,DRUM,F_MIX_00924,183.7511111111111,DRUM_SUPPORTED,PRIMARY,True
506,DRUM,F_MIX_00923,183.658231292517,DRUM_SUPPORTED,CONTEXT,False
506,DRUM,F_MIX_00925,183.79755102040815,DRUM_SUPPORTED,CONTEXT,False
507,DRUM,F_MIX_00928,184.12263038548753,DRUM_SUPPORTED,CONTEXT,True
507,DRUM,F_MIX_00926,183.98331065759638,DRUM_SUPPORTED,CONTEXT,False
508,DRUM,F_MIX_00930,184.45931972789117,DRUM_SUPPORTED,PRIMARY,True
509,DRUM,F_MIX_00932,184.84244897959184,DRUM_SUPPORTED,CONTEXT,True
510,DRUM,F_MIX_00934,185.17913832199545,DRUM_SUPPORTED,PRIMARY,True
510,DRUM,F_MIX_00933,185.05142857142857,DRUM_SUPPORTED,CONTEXT,False
511,DRUM,F_MIX_00935,185.5390476190476,DRUM_SUPPORTED,PRIMARY,True
512,DRUM,F_MIX_00937,185.9221768707483,DRUM_SUPPORTED,PRIMARY,True
512,DRUM,F_MIX_00936,185.80607709750566,DRUM_SUPPORTED,CONTEXT,False
513,DRUM,F_MIX_00939,186.28208616780046,DRUM_SUPPORTED,PRIMARY,True
513,DRUM,F_MIX_00938,186.1427664399093,DRUM_SUPPORTED,CONTEXT,False
514,DRUM,F_MIX_00940,186.6419954648526,DRUM_SUPPORTED,PRIMARY,True
515,DRUM,F_MIX_00943,187.00190476190477,DRUM_SUPPORTED,PRIMARY,True
516,DRUM,F_MIX_00945,187.3734240362812,DRUM_SUPPORTED,PRIMARY,True
516,DRUM,F_MIX_00946,187.40825396825397,DRUM_SUPPORTED,CONTEXT,False
516,DRUM,F_MIX_00944,187.28054421768707,DRUM_SUPPORTED,CONTEXT,False
517,DRUM,F_MIX_00948,187.73333333333332,DRUM_SUPPORTED,PRIMARY,True
517,DRUM,F_MIX_00947,187.67528344671203,DRUM_SUPPORTED,CONTEXT,False
519,DRUM,F_MIX_00950,188.45315192743763,DRUM_SUPPORTED,PRIMARY,True
520,DRUM,F_MIX_00951,188.8130612244898,DRUM_SUPPORTED,PRIMARY,True
521,DRUM,F_MIX_00953,189.1845804988662,DRUM_SUPPORTED,PRIMARY,True
521,DRUM,F_MIX_00952,189.10331065759638,DRUM_SUPPORTED,CONTEXT,False
522,DRUM,F_MIX_00954,189.4167800453515,DRUM_SUPPORTED,PRIMARY,True
523,DRUM,F_MIX_00955,189.90439909297052,DRUM_SUPPORTED,PRIMARY,True
524,DRUM,F_MIX_00957,190.26430839002268,DRUM_SUPPORTED,PRIMARY,True
525,BASS,F_MIX_00958,190.61260770975056,BASS_AND_DRUM_SUPPORTED,PRIMARY,True
525,DRUM,F_MIX_00958,190.61260770975056,BASS_AND_DRUM_SUPPORTED,PRIMARY,True
526,DRUM,F_MIX_00959,190.85641723356008,DRUM_SUPPORTED,PRIMARY,True
527,DRUM,F_MIX_00960,191.33242630385487,DRUM_SUPPORTED,PRIMARY,True
528,DRUM,F_MIX_00961,191.58784580498866,DRUM_SUPPORTED,PRIMARY,True
528,DRUM,F_MIX_00962,191.7039455782313,DRUM_SUPPORTED,CONTEXT,False
529,DRUM,F_MIX_00963,191.93614512471655,DRUM_SUPPORTED,PRIMARY,True
530,DRUM,F_MIX_00965,192.2728344671202,DRUM_SUPPORTED,PRIMARY,True
531,DRUM,F_MIX_00966,192.63274376417235,DRUM_SUPPORTED,PRIMARY,True
531,DRUM,F_MIX_00967,192.74884353741496,DRUM_SUPPORTED,CONTEXT,False
532,DRUM,F_MIX_00968,192.98104308390023,DRUM_SUPPORTED,PRIMARY,True
533,DRUM,F_MIX_00969,193.31773242630385,DRUM_SUPPORTED,PRIMARY,True
533,DRUM,F_MIX_00970,193.457052154195,DRUM_SUPPORTED,CONTEXT,False
534,DRUM,F_MIX_00972,193.7705215419501,DRUM_SUPPORTED,CONTEXT,True
535,DRUM,F_MIX_00973,194.1536507936508,DRUM_SUPPORTED,PRIMARY,True
536,DRUM,F_MIX_00974,194.3742403628118,DRUM_SUPPORTED,PRIMARY,True
537,DRUM,F_MIX_00975,194.73414965986396,DRUM_SUPPORTED,CONTEXT,True
538,DRUM,F_MIX_00979,195.11727891156463,DRUM_SUPPORTED,PRIMARY,True
538,DRUM,F_MIX_00980,195.1869387755102,DRUM_SUPPORTED,CONTEXT,False
538,DRUM,F_MIX_00978,195.0360090702948,DRUM_SUPPORTED,CONTEXT,False
538,DRUM,F_MIX_00981,195.25659863945577,DRUM_SUPPORTED,CONTEXT,False
539,DRUM,F_MIX_00982,195.50040816326532,DRUM_SUPPORTED,PRIMARY,True
540,DRUM,F_MIX_00983,195.8487074829932,DRUM_SUPPORTED,PRIMARY,True
540,DRUM,F_MIX_00984,195.96480725623582,DRUM_SUPPORTED,CONTEXT,False
541,DRUM,F_MIX_00985,196.2202267573696,DRUM_SUPPORTED,PRIMARY,True
542,DRUM,F_MIX_00986,196.45242630385488,DRUM_SUPPORTED,PRIMARY,True
543,DRUM,F_MIX_00987,196.8239455782313,DRUM_SUPPORTED,PRIMARY,True
543,DRUM,F_MIX_00988,197.06775510204082,DRUM_SUPPORTED,CONTEXT,False
544,DRUM,F_MIX_00990,197.27673469387756,DRUM_SUPPORTED,PRIMARY,True
544,DRUM,F_MIX_00989,197.1722448979592,DRUM_SUPPORTED,CONTEXT,False
544,DRUM,F_MIX_00991,197.40444444444444,DRUM_SUPPORTED,CONTEXT,False
545,DRUM,F_MIX_00993,197.6018140589569,DRUM_SUPPORTED,PRIMARY,True
545,DRUM,F_MIX_00994,197.74113378684808,DRUM_SUPPORTED,CONTEXT,False
545,DRUM,F_MIX_00992,197.4857142857143,DRUM_SUPPORTED,CONTEXT,False
546,DRUM,F_MIX_00995,197.96172335600906,DRUM_SUPPORTED,PRIMARY,True
548,DRUM,F_MIX_00996,198.6118820861678,DRUM_SUPPORTED,PRIMARY,True
549,DRUM,F_MIX_00997,199.07628117913833,DRUM_SUPPORTED,PRIMARY,True
550,DRUM,F_MIX_00998,199.4361904761905,DRUM_SUPPORTED,PRIMARY,True
551,DRUM,F_MIX_00999,199.81931972789116,DRUM_SUPPORTED,PRIMARY,True
552,DRUM,F_MIX_01000,200.16761904761904,DRUM_SUPPORTED,PRIMARY,True
554,DRUM,F_MIX_01001,200.80616780045352,DRUM_SUPPORTED,PRIMARY,True
555,DRUM,F_MIX_01002,201.2473469387755,DRUM_SUPPORTED,PRIMARY,True
556,DRUM,F_MIX_01004,201.6304761904762,DRUM_SUPPORTED,PRIMARY,True
556,DRUM,F_MIX_01003,201.5027664399093,DRUM_SUPPORTED,CONTEXT,False
557,DRUM,F_MIX_01005,201.87428571428572,DRUM_SUPPORTED,PRIMARY,True
557,DRUM,F_MIX_01006,201.96716553287982,DRUM_SUPPORTED,CONTEXT,False
558,DRUM,F_MIX_01008,202.2922448979592,DRUM_SUPPORTED,PRIMARY,True
559,DRUM,F_MIX_01010,202.68698412698413,DRUM_SUPPORTED,CONTEXT,True
560,DRUM,F_MIX_01012,203.04689342403628,DRUM_SUPPORTED,PRIMARY,True
561,DRUM,F_MIX_01014,203.39519274376417,DRUM_SUPPORTED,CONTEXT,True
562,DRUM,F_MIX_01015,203.66222222222223,DRUM_SUPPORTED,PRIMARY,True
562,DRUM,F_MIX_01016,203.75510204081633,DRUM_SUPPORTED,CONTEXT,False
563,DRUM,F_MIX_01017,204.03374149659865,DRUM_SUPPORTED,PRIMARY,True
564,DRUM,F_MIX_01018,204.3356009070295,DRUM_SUPPORTED,PRIMARY,True
565,DRUM,F_MIX_01019,204.70712018140588,DRUM_SUPPORTED,PRIMARY,True
566,DRUM,F_MIX_01021,205.06702947845804,DRUM_SUPPORTED,PRIMARY,True
567,DRUM,F_MIX_01022,205.43854875283446,DRUM_SUPPORTED,PRIMARY,True
568,DRUM,F_MIX_01024,205.8100680272109,DRUM_SUPPORTED,PRIMARY,True
569,DRUM,F_MIX_01025,206.16997732426304,DRUM_SUPPORTED,PRIMARY,True
569,DRUM,F_MIX_01026,206.28607709750568,DRUM_SUPPORTED,CONTEXT,False
570,DRUM,F_MIX_01027,206.50666666666666,DRUM_SUPPORTED,PRIMARY,True
571,DRUM,F_MIX_01028,206.87818594104309,DRUM_SUPPORTED,PRIMARY,True
571,DRUM,F_MIX_01029,206.99428571428572,DRUM_SUPPORTED,CONTEXT,False
572,DRUM,F_MIX_01032,207.35419501133788,DRUM_SUPPORTED,PRIMARY,True
572,DRUM,F_MIX_01030,207.13360544217687,DRUM_SUPPORTED,CONTEXT,False
577,DRUM,F_MIX_01033,209.258231292517,DRUM_SUPPORTED,PRIMARY,True
578,DRUM,F_MIX_01035,209.59492063492064,DRUM_SUPPORTED,PRIMARY,True
579,DRUM,F_MIX_01036,209.98965986394558,DRUM_SUPPORTED,PRIMARY,True
580,DRUM,F_MIX_01040,210.34956916099773,DRUM_SUPPORTED,PRIMARY,True
581,DRUM,F_MIX_01043,210.68625850340135,DRUM_SUPPORTED,PRIMARY,True
582,DRUM,F_MIX_01046,211.05777777777777,DRUM_SUPPORTED,PRIMARY,True
582,DRUM,F_MIX_01045,210.9881179138322,DRUM_SUPPORTED,CONTEXT,False
583,DRUM,F_MIX_01049,211.40607709750566,DRUM_SUPPORTED,PRIMARY,True
583,DRUM,F_MIX_01050,211.44090702947847,DRUM_SUPPORTED,CONTEXT,False
584,DRUM,F_MIX_01053,211.78920634920635,DRUM_SUPPORTED,PRIMARY,True
585,DRUM,F_MIX_01055,212.1491156462585,DRUM_SUPPORTED,PRIMARY,True
586,DRUM,F_MIX_01057,212.52063492063493,DRUM_SUPPORTED,PRIMARY,True
586,DRUM,F_MIX_01056,212.4277551020408,DRUM_SUPPORTED,CONTEXT,False
587,DRUM,F_MIX_01059,212.8805442176871,DRUM_SUPPORTED,PRIMARY,True
588,DRUM,F_MIX_01061,213.25206349206348,DRUM_SUPPORTED,PRIMARY,True
589,DRUM,F_MIX_01063,213.6235827664399,DRUM_SUPPORTED,PRIMARY,True
590,DRUM,F_MIX_01064,213.8790022675737,DRUM_SUPPORTED,PRIMARY,True
591,DRUM,F_MIX_01067,214.33179138321995,DRUM_SUPPORTED,CONTEXT,True
592,DRUM,F_MIX_01069,214.70331065759638,DRUM_SUPPORTED,CONTEXT,True
593,DRUM,F_MIX_01070,214.95873015873016,DRUM_SUPPORTED,PRIMARY,True
593,DRUM,F_MIX_01071,215.0748299319728,DRUM_SUPPORTED,CONTEXT,False
594,DRUM,F_MIX_01073,215.4231292517007,DRUM_SUPPORTED,CONTEXT,True
595,DRUM,F_MIX_01074,215.69015873015874,DRUM_SUPPORTED,PRIMARY,True
596,DRUM,F_MIX_01075,216.03845804988663,DRUM_SUPPORTED,PRIMARY,True
597,DRUM,F_MIX_01076,216.37514739229024,DRUM_SUPPORTED,PRIMARY,True
598,DRUM,F_MIX_01079,216.79310657596372,DRUM_SUPPORTED,PRIMARY,True
598,DRUM,F_MIX_01078,216.61895691609976,DRUM_SUPPORTED,CONTEXT,False
599,DRUM,F_MIX_01080,217.17623582766439,DRUM_SUPPORTED,PRIMARY,True
600,DRUM,F_MIX_01081,217.40843537414966,DRUM_SUPPORTED,PRIMARY,True
601,DRUM,F_MIX_01082,217.7799546485261,DRUM_SUPPORTED,PRIMARY,True
601,DRUM,F_MIX_01083,217.87283446712019,DRUM_SUPPORTED,CONTEXT,False
602,DRUM,F_MIX_01085,218.1863038548753,DRUM_SUPPORTED,PRIMARY,True
602,DRUM,F_MIX_01086,218.26757369614512,DRUM_SUPPORTED,CONTEXT,False
602,DRUM,F_MIX_01084,218.10503401360543,DRUM_SUPPORTED,CONTEXT,False
603,DRUM,F_MIX_01087,218.51138321995464,DRUM_SUPPORTED,PRIMARY,True
603,DRUM,F_MIX_01088,218.70875283446713,DRUM_SUPPORTED,CONTEXT,False
604,DRUM,F_MIX_01091,218.94095238095238,DRUM_SUPPORTED,PRIMARY,True
604,DRUM,F_MIX_01090,218.85968253968255,DRUM_SUPPORTED,CONTEXT,False
604,DRUM,F_MIX_01089,218.79002267573696,DRUM_SUPPORTED,CONTEXT,False
605,DRUM,F_MIX_01092,219.19637188208617,DRUM_SUPPORTED,PRIMARY,True
606,DRUM,F_MIX_01095,219.6839909297052,DRUM_SUPPORTED,PRIMARY,True
606,DRUM,F_MIX_01094,219.61433106575964,DRUM_SUPPORTED,CONTEXT,False
606,DRUM,F_MIX_01096,219.77687074829933,DRUM_SUPPORTED,CONTEXT,False
606,DRUM,F_MIX_01097,219.85814058956916,DRUM_SUPPORTED,CONTEXT,False
607,DRUM,F_MIX_01098,219.9974603174603,DRUM_SUPPORTED,PRIMARY,True
607,DRUM,F_MIX_01099,220.14839002267573,DRUM_SUPPORTED,CONTEXT,False
608,DRUM,F_MIX_01100,220.380589569161,DRUM_SUPPORTED,PRIMARY,True
609,DRUM,F_MIX_01101,220.86820861678004,DRUM_SUPPORTED,PRIMARY,True
610,DRUM,F_MIX_01102,221.262947845805,DRUM_SUPPORTED,PRIMARY,True
611,BASS,F_MIX_01104,221.6344671201814,BASS_AND_DRUM_SUPPORTED,CONTEXT,True
611,DRUM,F_MIX_01103,221.5183673469388,DRUM_SUPPORTED,PRIMARY,True
611,DRUM,F_MIX_01104,221.6344671201814,BASS_AND_DRUM_SUPPORTED,CONTEXT,False
612,BASS,F_MIX_01106,221.98276643990928,BASS_AND_DRUM_SUPPORTED,PRIMARY,True
612,DRUM,F_MIX_01106,221.98276643990928,BASS_AND_DRUM_SUPPORTED,PRIMARY,True
613,BASS,F_MIX_01108,222.37750566893425,BASS_AND_DRUM_SUPPORTED,PRIMARY,True
613,DRUM,F_MIX_01108,222.37750566893425,BASS_AND_DRUM_SUPPORTED,PRIMARY,True
614,BASS,F_MIX_01109,222.74902494331064,BASS_AND_DRUM_SUPPORTED,PRIMARY,True
614,DRUM,F_MIX_01109,222.74902494331064,BASS_AND_DRUM_SUPPORTED,PRIMARY,True
615,DRUM,F_MIX_01111,223.1089342403628,DRUM_SUPPORTED,PRIMARY,True
615,DRUM,F_MIX_01110,222.9928344671202,DRUM_SUPPORTED,CONTEXT,False
617,DRUM,F_MIX_01113,223.72426303854874,DRUM_SUPPORTED,PRIMARY,True
618,BASS,F_MIX_01114,224.16544217687076,BASS_AND_DRUM_SUPPORTED,PRIMARY,True
618,DRUM,F_MIX_01114,224.16544217687076,BASS_AND_DRUM_SUPPORTED,PRIMARY,True
619,BASS,F_MIX_01116,224.53696145124715,BASS_AND_DRUM_SUPPORTED,PRIMARY,True
619,DRUM,F_MIX_01116,224.53696145124715,BASS_AND_DRUM_SUPPORTED,PRIMARY,True
619,DRUM,F_MIX_01115,224.45569160997732,DRUM_SUPPORTED,CONTEXT,False
620,BASS,F_MIX_01118,224.90848072562358,BASS_AND_DRUM_SUPPORTED,CONTEXT,True
620,DRUM,F_MIX_01118,224.90848072562358,BASS_AND_DRUM_SUPPORTED,CONTEXT,True
621,DRUM,F_MIX_01120,225.25678004535146,DRUM_SUPPORTED,PRIMARY,True
622,DRUM,F_MIX_01121,225.61668934240362,DRUM_SUPPORTED,PRIMARY,True
623,DRUM,F_MIX_01122,225.8721088435374,DRUM_SUPPORTED,PRIMARY,True
623,DRUM,F_MIX_01123,225.98820861678004,DRUM_SUPPORTED,CONTEXT,False
624,DRUM,F_MIX_01124,226.23201814058956,DRUM_SUPPORTED,PRIMARY,True
624,DRUM,F_MIX_01125,226.33650793650793,DRUM_SUPPORTED,CONTEXT,False
625,DRUM,F_MIX_01126,226.61514739229025,DRUM_SUPPORTED,PRIMARY,True
626,DRUM,F_MIX_01127,226.96344671201814,DRUM_SUPPORTED,PRIMARY,True
626,DRUM,F_MIX_01128,227.07954648526078,DRUM_SUPPORTED,CONTEXT,False
627,DRUM,F_MIX_01129,227.31174603174603,DRUM_SUPPORTED,PRIMARY,True
627,DRUM,F_MIX_01130,227.4162358276644,DRUM_SUPPORTED,CONTEXT,False
629,DRUM,F_MIX_01132,227.99673469387756,DRUM_SUPPORTED,PRIMARY,True
630,DRUM,F_MIX_01133,228.37986394557822,DRUM_SUPPORTED,PRIMARY,True
631,DRUM,F_MIX_01134,228.76299319727892,DRUM_SUPPORTED,PRIMARY,True
631,DRUM,F_MIX_01135,228.8907029478458,DRUM_SUPPORTED,CONTEXT,False
632,DRUM,F_MIX_01136,229.13451247165534,DRUM_SUPPORTED,PRIMARY,True
632,DRUM,F_MIX_01137,229.2390022675737,DRUM_SUPPORTED,CONTEXT,False
632,DRUM,F_MIX_01138,229.35510204081632,DRUM_SUPPORTED,CONTEXT,False
633,DRUM,F_MIX_01140,229.59891156462584,DRUM_SUPPORTED,PRIMARY,True
633,DRUM,F_MIX_01139,229.48281179138323,DRUM_SUPPORTED,CONTEXT,False
633,DRUM,F_MIX_01141,229.72662131519274,DRUM_SUPPORTED,CONTEXT,False
634,DRUM,F_MIX_01143,229.94721088435375,DRUM_SUPPORTED,PRIMARY,True
634,DRUM,F_MIX_01142,229.8311111111111,DRUM_SUPPORTED,CONTEXT,False
640,DRUM,F_MIX_01146,232.21115646258502,DRUM_SUPPORTED,PRIMARY,True
641,DRUM,F_MIX_01149,232.59428571428572,DRUM_SUPPORTED,PRIMARY,True
642,DRUM,F_MIX_01150,232.96580498866214,DRUM_SUPPORTED,PRIMARY,True
643,DRUM,F_MIX_01152,233.33732426303854,DRUM_SUPPORTED,PRIMARY,True
644,DRUM,F_MIX_01154,233.74367346938774,DRUM_SUPPORTED,PRIMARY,True
645,BASS,F_MIX_01156,234.09197278911566,BASS_AND_DRUM_SUPPORTED,PRIMARY,True
645,DRUM,F_MIX_01156,234.09197278911566,BASS_AND_DRUM_SUPPORTED,PRIMARY,True
646,DRUM,F_MIX_01158,234.4867120181406,DRUM_SUPPORTED,PRIMARY,True
647,BASS,F_MIX_01160,234.85823129251702,BASS_AND_DRUM_SUPPORTED,PRIMARY,True
647,DRUM,F_MIX_01160,234.85823129251702,BASS_AND_DRUM_SUPPORTED,PRIMARY,True
648,DRUM,F_MIX_01162,235.22975056689341,DRUM_SUPPORTED,PRIMARY,True
649,DRUM,F_MIX_01164,235.58965986394557,DRUM_SUPPORTED,PRIMARY,True
650,DRUM,F_MIX_01166,235.98439909297053,DRUM_SUPPORTED,PRIMARY,True
651,DRUM,F_MIX_01168,236.3443083900227,DRUM_SUPPORTED,PRIMARY,True
651,DRUM,F_MIX_01167,236.23981859410432,DRUM_SUPPORTED,CONTEXT,False
652,DRUM,F_MIX_01169,236.72743764172336,DRUM_SUPPORTED,PRIMARY,True
653,DRUM,F_MIX_01172,237.06412698412697,DRUM_SUPPORTED,PRIMARY,True
654,DRUM,F_MIX_01173,237.47047619047618,DRUM_SUPPORTED,PRIMARY,True
655,BASS,F_MIX_01175,237.83038548752833,BASS_AND_DRUM_SUPPORTED,PRIMARY,True
655,DRUM,F_MIX_01175,237.83038548752833,BASS_AND_DRUM_SUPPORTED,PRIMARY,True
657,BASS,F_MIX_01178,238.57342403628118,BASS_AND_DRUM_SUPPORTED,PRIMARY,True
657,DRUM,F_MIX_01178,238.57342403628118,BASS_AND_DRUM_SUPPORTED,PRIMARY,True
658,DRUM,F_MIX_01179,238.96816326530612,DRUM_SUPPORTED,PRIMARY,True
659,DRUM,F_MIX_01182,239.32807256235827,DRUM_SUPPORTED,PRIMARY,True
659,DRUM,F_MIX_01181,239.2932426303855,DRUM_SUPPORTED,CONTEXT,False
660,DRUM,F_MIX_01184,239.71120181405897,DRUM_SUPPORTED,PRIMARY,True
661,DRUM,F_MIX_01187,240.07111111111112,DRUM_SUPPORTED,PRIMARY,True
662,DRUM,F_MIX_01189,240.47746031746033,DRUM_SUPPORTED,PRIMARY,True
663,DRUM,F_MIX_01191,240.84897959183672,DRUM_SUPPORTED,PRIMARY,True
664,DRUM,F_MIX_01193,241.2437188208617,DRUM_SUPPORTED,CONTEXT,True
665,BASS,F_MIX_01195,241.59201814058957,BASS_AND_DRUM_SUPPORTED,PRIMARY,True
665,DRUM,F_MIX_01195,241.59201814058957,BASS_AND_DRUM_SUPPORTED,PRIMARY,True
666,DRUM,F_MIX_01197,241.963537414966,DRUM_SUPPORTED,PRIMARY,True
667,DRUM,F_MIX_01199,242.34666666666666,DRUM_SUPPORTED,PRIMARY,True
668,DRUM,F_MIX_01202,242.7181859410431,DRUM_SUPPORTED,PRIMARY,True
670,DRUM,F_MIX_01205,243.47283446712018,DRUM_SUPPORTED,PRIMARY,True
671,DRUM,F_MIX_01207,243.85596371882087,DRUM_SUPPORTED,PRIMARY,True
671,DRUM,F_MIX_01206,243.72825396825397,DRUM_SUPPORTED,CONTEXT,False
672,DRUM,F_MIX_01208,244.21587301587303,DRUM_SUPPORTED,PRIMARY,True
674,DRUM,F_MIX_01210,244.99374149659863,DRUM_SUPPORTED,PRIMARY,True
675,DRUM,F_MIX_01212,245.3536507936508,DRUM_SUPPORTED,PRIMARY,True
676,DRUM,F_MIX_01214,245.73678004535148,DRUM_SUPPORTED,PRIMARY,True
677,BASS,F_MIX_01216,246.11990929705215,BASS_AND_DRUM_SUPPORTED,PRIMARY,True
677,DRUM,F_MIX_01216,246.11990929705215,BASS_AND_DRUM_SUPPORTED,PRIMARY,True
677,DRUM,F_MIX_01215,245.99219954648527,DRUM_SUPPORTED,CONTEXT,False
678,DRUM,F_MIX_01218,246.50303854875284,DRUM_SUPPORTED,PRIMARY,True
678,DRUM,F_MIX_01217,246.34049886621315,DRUM_SUPPORTED,CONTEXT,False
678,DRUM,F_MIX_01219,246.6075283446712,DRUM_SUPPORTED,CONTEXT,False
679,BASS,F_MIX_01221,246.83972789115646,BASS_AND_DRUM_SUPPORTED,PRIMARY,True
679,DRUM,F_MIX_01221,246.83972789115646,BASS_AND_DRUM_SUPPORTED,PRIMARY,True
680,DRUM,F_MIX_01223,247.2344671201814,DRUM_SUPPORTED,PRIMARY,True
681,BASS,F_MIX_01225,247.5827664399093,BASS_AND_DRUM_SUPPORTED,PRIMARY,True
681,DRUM,F_MIX_01225,247.5827664399093,BASS_AND_DRUM_SUPPORTED,PRIMARY,True
681,DRUM,F_MIX_01224,247.47827664399094,DRUM_SUPPORTED,CONTEXT,False
682,DRUM,F_MIX_01226,247.9891156462585,DRUM_SUPPORTED,PRIMARY,True
683,BASS,F_MIX_01229,248.3606349206349,BASS_AND_DRUM_SUPPORTED,PRIMARY,True
683,DRUM,F_MIX_01229,248.3606349206349,BASS_AND_DRUM_SUPPORTED,PRIMARY,True
683,DRUM,F_MIX_01228,248.2677551020408,DRUM_SUPPORTED,CONTEXT,False
683,DRUM,F_MIX_01227,248.23292517006803,DRUM_SUPPORTED,CONTEXT,False
684,DRUM,F_MIX_01231,248.7437641723356,DRUM_SUPPORTED,PRIMARY,True
685,BASS,F_MIX_01234,249.11528344671203,BASS_AND_DRUM_SUPPORTED,CONTEXT,True
685,DRUM,F_MIX_01233,248.9991836734694,DRUM_SUPPORTED,PRIMARY,True
685,DRUM,F_MIX_01234,249.11528344671203,BASS_AND_DRUM_SUPPORTED,CONTEXT,False
686,BASS,F_MIX_01237,249.48680272108842,BASS_AND_DRUM_SUPPORTED,PRIMARY,True
686,DRUM,F_MIX_01237,249.48680272108842,BASS_AND_DRUM_SUPPORTED,PRIMARY,True
686,DRUM,F_MIX_01236,249.3707029478458,DRUM_SUPPORTED,CONTEXT,False
687,DRUM,F_MIX_01239,249.83510204081634,DRUM_SUPPORTED,PRIMARY,True
687,DRUM,F_MIX_01238,249.73061224489797,DRUM_SUPPORTED,CONTEXT,False
688,DRUM,F_MIX_01240,250.20662131519273,DRUM_SUPPORTED,PRIMARY,True
689,DRUM,F_MIX_01242,250.57814058956916,DRUM_SUPPORTED,PRIMARY,True
690,DRUM,F_MIX_01244,250.9728798185941,DRUM_SUPPORTED,PRIMARY,True
691,DRUM,F_MIX_01246,251.33278911564625,DRUM_SUPPORTED,PRIMARY,True
691,DRUM,F_MIX_01247,251.36761904761906,DRUM_SUPPORTED,CONTEXT,False
692,DRUM,F_MIX_01248,251.71591836734694,DRUM_SUPPORTED,PRIMARY,True
693,BASS,F_MIX_01251,252.08743764172337,BASS_AND_DRUM_SUPPORTED,PRIMARY,True
693,DRUM,F_MIX_01251,252.08743764172337,BASS_AND_DRUM_SUPPORTED,PRIMARY,True
693,DRUM,F_MIX_01250,251.97133786848073,DRUM_SUPPORTED,CONTEXT,False
694,DRUM,F_MIX_01253,252.45895691609977,DRUM_SUPPORTED,PRIMARY,True
694,DRUM,F_MIX_01252,252.2615873015873,DRUM_SUPPORTED,CONTEXT,False
695,DRUM,F_MIX_01255,252.81886621315192,DRUM_SUPPORTED,PRIMARY,True
696,DRUM,F_MIX_01257,253.20199546485262,DRUM_SUPPORTED,PRIMARY,True
696,DRUM,F_MIX_01256,253.09750566893425,DRUM_SUPPORTED,CONTEXT,False
697,DRUM,F_MIX_01258,253.56190476190477,DRUM_SUPPORTED,PRIMARY,True
698,DRUM,F_MIX_01259,253.9566439909297,DRUM_SUPPORTED,PRIMARY,True
699,DRUM,F_MIX_01261,254.33977324263037,DRUM_SUPPORTED,PRIMARY,True
699,DRUM,F_MIX_01260,254.2120634920635,DRUM_SUPPORTED,CONTEXT,False
700,DRUM,F_MIX_01263,254.69968253968253,DRUM_SUPPORTED,PRIMARY,True
701,DRUM,F_MIX_01264,254.98993197278912,DRUM_SUPPORTED,PRIMARY,True
702,DRUM,F_MIX_01266,255.4659410430839,DRUM_SUPPORTED,PRIMARY,True
702,DRUM,F_MIX_01265,255.3730612244898,DRUM_SUPPORTED,CONTEXT,False
703,DRUM,F_MIX_01268,255.8374603174603,DRUM_SUPPORTED,PRIMARY,True
704,DRUM,F_MIX_01270,256.24380952380955,DRUM_SUPPORTED,PRIMARY,True
704,DRUM,F_MIX_01269,256.1857596371882,DRUM_SUPPORTED,CONTEXT,False
705,DRUM,F_MIX_01271,256.5921088435374,DRUM_SUPPORTED,PRIMARY,True
705,DRUM,F_MIX_01272,256.6269387755102,DRUM_SUPPORTED,CONTEXT,False
706,DRUM,F_MIX_01274,256.97523809523807,DRUM_SUPPORTED,PRIMARY,True
707,DRUM,F_MIX_01275,257.3583673469388,DRUM_SUPPORTED,PRIMARY,True
707,DRUM,F_MIX_01276,257.39319727891154,DRUM_SUPPORTED,CONTEXT,False
708,DRUM,F_MIX_01277,257.7298866213152,DRUM_SUPPORTED,PRIMARY,True
709,DRUM,F_MIX_01278,258.02013605442176,DRUM_SUPPORTED,CONTEXT,True
710,DRUM,F_MIX_01280,258.4497052154195,DRUM_SUPPORTED,PRIMARY,True
710,DRUM,F_MIX_01281,258.4845351473923,DRUM_SUPPORTED,CONTEXT,False
711,DRUM,F_MIX_01283,258.83283446712016,DRUM_SUPPORTED,PRIMARY,True
712,DRUM,F_MIX_01285,259.2043537414966,DRUM_SUPPORTED,PRIMARY,True
713,DRUM,F_MIX_01287,259.575873015873,DRUM_SUPPORTED,PRIMARY,True
713,DRUM,F_MIX_01286,259.4946031746032,DRUM_SUPPORTED,CONTEXT,False
714,DRUM,F_MIX_01290,259.9473922902494,DRUM_SUPPORTED,PRIMARY,True
714,DRUM,F_MIX_01289,259.8545124716553,DRUM_SUPPORTED,CONTEXT,False
715,DRUM,F_MIX_01292,260.3073015873016,DRUM_SUPPORTED,PRIMARY,True
716,DRUM,F_MIX_01294,260.678820861678,DRUM_SUPPORTED,PRIMARY,True
717,DRUM,F_MIX_01296,261.05034013605444,DRUM_SUPPORTED,PRIMARY,True
717,DRUM,F_MIX_01297,261.0851700680272,DRUM_SUPPORTED,CONTEXT,False
717,DRUM,F_MIX_01295,260.9806802721088,DRUM_SUPPORTED,CONTEXT,False
718,DRUM,F_MIX_01298,261.41024943310657,DRUM_SUPPORTED,PRIMARY,True
719,DRUM,F_MIX_01300,261.77015873015876,DRUM_SUPPORTED,PRIMARY,True
720,DRUM,F_MIX_01302,262.04879818594105,DRUM_SUPPORTED,PRIMARY,True
721,DRUM,F_MIX_01305,262.51319727891155,DRUM_SUPPORTED,PRIMARY,True
722,DRUM,F_MIX_01307,262.884716553288,DRUM_SUPPORTED,PRIMARY,True
723,DRUM,F_MIX_01308,263.15174603174603,DRUM_SUPPORTED,PRIMARY,True
724,DRUM,F_MIX_01309,263.5232653061224,DRUM_SUPPORTED,PRIMARY,True
724,DRUM,F_MIX_01310,263.6161451247166,DRUM_SUPPORTED,CONTEXT,False
725,DRUM,F_MIX_01311,263.8831746031746,DRUM_SUPPORTED,PRIMARY,True
726,DRUM,F_MIX_01312,264.3243537414966,DRUM_SUPPORTED,PRIMARY,True
727,DRUM,F_MIX_01314,264.695873015873,DRUM_SUPPORTED,CONTEXT,True
728,DRUM,F_MIX_01315,264.96290249433105,DRUM_SUPPORTED,PRIMARY,True
728,DRUM,F_MIX_01316,265.05578231292515,DRUM_SUPPORTED,CONTEXT,False
729,DRUM,F_MIX_01317,265.31120181405896,DRUM_SUPPORTED,PRIMARY,True
729,DRUM,F_MIX_01318,265.41569160997733,DRUM_SUPPORTED,CONTEXT,False
730,DRUM,F_MIX_01320,265.7872108843537,DRUM_SUPPORTED,PRIMARY,True
730,DRUM,F_MIX_01319,265.6711111111111,DRUM_SUPPORTED,CONTEXT,False
731,DRUM,F_MIX_01322,266.13551020408164,DRUM_SUPPORTED,PRIMARY,True
731,DRUM,F_MIX_01321,266.0310204081633,DRUM_SUPPORTED,CONTEXT,False
732,DRUM,F_MIX_01324,266.5302494331066,DRUM_SUPPORTED,PRIMARY,True
732,DRUM,F_MIX_01323,266.40253968253967,DRUM_SUPPORTED,CONTEXT,False
733,DRUM,F_MIX_01326,266.8785487528345,DRUM_SUPPORTED,PRIMARY,True
734,DRUM,F_MIX_01328,267.2732879818594,DRUM_SUPPORTED,PRIMARY,True
734,DRUM,F_MIX_01327,267.1455782312925,DRUM_SUPPORTED,CONTEXT,False
735,DRUM,F_MIX_01330,267.6215873015873,DRUM_SUPPORTED,PRIMARY,True
735,DRUM,F_MIX_01329,267.50548752834464,DRUM_SUPPORTED,CONTEXT,False
736,DRUM,F_MIX_01331,267.8770068027211,DRUM_SUPPORTED,PRIMARY,True
738,DRUM,F_MIX_01334,268.73614512471653,DRUM_SUPPORTED,PRIMARY,True
739,DRUM,F_MIX_01336,269.107664399093,DRUM_SUPPORTED,PRIMARY,True
740,DRUM,F_MIX_01337,269.5140136054422,DRUM_SUPPORTED,PRIMARY,True
741,DRUM,F_MIX_01340,269.8855328798186,DRUM_SUPPORTED,PRIMARY,True
742,DRUM,F_MIX_01343,270.2802721088435,DRUM_SUPPORTED,PRIMARY,True
743,BASS,F_MIX_01345,270.52408163265306,BASS_SUPPORTED,CONTEXT,True
743,DRUM,F_MIX_01346,270.65179138322,DRUM_SUPPORTED,PRIMARY,True
744,BASS,F_MIX_01347,270.8607709750567,BASS_AND_DRUM_SUPPORTED,PRIMARY,True
744,DRUM,F_MIX_01347,270.8607709750567,BASS_AND_DRUM_SUPPORTED,PRIMARY,True
744,DRUM,F_MIX_01348,271.11619047619047,DRUM_SUPPORTED,CONTEXT,False
745,BASS,F_MIX_01350,271.36,BASS_AND_DRUM_SUPPORTED,PRIMARY,True
745,DRUM,F_MIX_01350,271.36,BASS_AND_DRUM_SUPPORTED,PRIMARY,True
746,DRUM,F_MIX_01351,271.75473922902495,DRUM_SUPPORTED,PRIMARY,True
747,BASS,F_MIX_01353,272.1146485260771,BASS_AND_DRUM_SUPPORTED,PRIMARY,True
747,DRUM,F_MIX_01353,272.1146485260771,BASS_AND_DRUM_SUPPORTED,PRIMARY,True
747,DRUM,F_MIX_01352,272.0101587301587,DRUM_SUPPORTED,CONTEXT,False
748,DRUM,F_MIX_01355,272.5209977324263,DRUM_SUPPORTED,PRIMARY,True
749,BASS,F_MIX_01357,272.89251700680273,BASS_AND_DRUM_SUPPORTED,PRIMARY,True
749,DRUM,F_MIX_01357,272.89251700680273,BASS_AND_DRUM_SUPPORTED,PRIMARY,True
749,DRUM,F_MIX_01356,272.78802721088437,DRUM_SUPPORTED,CONTEXT,False
750,BASS,F_MIX_01358,273.26403628117913,BASS_AND_DRUM_SUPPORTED,PRIMARY,True
750,DRUM,F_MIX_01358,273.26403628117913,BASS_AND_DRUM_SUPPORTED,PRIMARY,True
751,BASS,F_MIX_01360,273.6239455782313,BASS_AND_DRUM_SUPPORTED,PRIMARY,True
751,DRUM,F_MIX_01360,273.6239455782313,BASS_AND_DRUM_SUPPORTED,PRIMARY,True
751,DRUM,F_MIX_01359,273.5078458049887,DRUM_SUPPORTED,CONTEXT,False
752,BASS,F_MIX_01362,274.007074829932,BASS_AND_DRUM_SUPPORTED,PRIMARY,True
752,BASS,F_MIX_01361,273.89097505668934,BASS_AND_DRUM_SUPPORTED,CONTEXT,False
752,DRUM,F_MIX_01362,274.007074829932,BASS_AND_DRUM_SUPPORTED,PRIMARY,True
752,DRUM,F_MIX_01361,273.89097505668934,BASS_AND_DRUM_SUPPORTED,CONTEXT,False
753,BASS,F_MIX_01364,274.35537414965984,BASS_AND_DRUM_SUPPORTED,PRIMARY,True
753,DRUM,F_MIX_01364,274.35537414965984,BASS_AND_DRUM_SUPPORTED,PRIMARY,True
754,DRUM,F_MIX_01365,274.75011337868483,DRUM_SUPPORTED,PRIMARY,True
755,BASS,F_MIX_01367,275.1216326530612,BASS_AND_DRUM_SUPPORTED,PRIMARY,True
755,DRUM,F_MIX_01367,275.1216326530612,BASS_AND_DRUM_SUPPORTED,PRIMARY,True
756,DRUM,F_MIX_01369,275.51637188208616,DRUM_SUPPORTED,PRIMARY,True
757,BASS,F_MIX_01371,275.8995011337868,BASS_AND_DRUM_SUPPORTED,PRIMARY,True
757,DRUM,F_MIX_01371,275.8995011337868,BASS_AND_DRUM_SUPPORTED,PRIMARY,True
758,DRUM,F_MIX_01372,276.259410430839,DRUM_SUPPORTED,PRIMARY,True
759,BASS,F_MIX_01374,276.6309297052154,BASS_AND_DRUM_SUPPORTED,PRIMARY,True
759,DRUM,F_MIX_01374,276.6309297052154,BASS_AND_DRUM_SUPPORTED,PRIMARY,True
760,DRUM,F_MIX_01376,277.0140589569161,DRUM_SUPPORTED,PRIMARY,True
760,DRUM,F_MIX_01375,276.9095691609977,DRUM_SUPPORTED,CONTEXT,False
761,BASS,F_MIX_01378,277.362358276644,BASS_AND_DRUM_SUPPORTED,PRIMARY,True
761,DRUM,F_MIX_01378,277.362358276644,BASS_AND_DRUM_SUPPORTED,PRIMARY,True
761,DRUM,F_MIX_01377,277.2694784580499,DRUM_SUPPORTED,CONTEXT,False
762,DRUM,F_MIX_01379,277.74548752834465,DRUM_SUPPORTED,PRIMARY,True
763,DRUM,F_MIX_01381,278.10539682539684,DRUM_SUPPORTED,PRIMARY,True
764,DRUM,F_MIX_01382,278.4885260770975,DRUM_SUPPORTED,PRIMARY,True
765,BASS,F_MIX_01384,278.8484353741497,BASS_AND_DRUM_SUPPORTED,PRIMARY,True
765,DRUM,F_MIX_01384,278.8484353741497,BASS_AND_DRUM_SUPPORTED,PRIMARY,True
765,DRUM,F_MIX_01383,278.7439455782313,DRUM_SUPPORTED,CONTEXT,False
766,DRUM,F_MIX_01386,279.23156462585035,DRUM_SUPPORTED,PRIMARY,True
767,DRUM,F_MIX_01388,279.5798639455782,DRUM_SUPPORTED,PRIMARY,True
768,DRUM,F_MIX_01390,279.97460317460315,DRUM_SUPPORTED,PRIMARY,True
769,DRUM,F_MIX_01392,280.3112925170068,DRUM_SUPPORTED,PRIMARY,True
770,DRUM,F_MIX_01393,280.7060317460317,DRUM_SUPPORTED,PRIMARY,True
771,DRUM,F_MIX_01394,281.0659410430839,DRUM_SUPPORTED,PRIMARY,True
772,DRUM,F_MIX_01396,281.4374603174603,DRUM_SUPPORTED,PRIMARY,True
773,DRUM,F_MIX_01398,281.80897959183676,DRUM_SUPPORTED,PRIMARY,True
774,DRUM,F_MIX_01399,282.18049886621316,DRUM_SUPPORTED,PRIMARY,True
775,DRUM,F_MIX_01400,282.5404081632653,DRUM_SUPPORTED,PRIMARY,True
776,DRUM,F_MIX_01402,282.91192743764174,DRUM_SUPPORTED,PRIMARY,True
777,BASS,F_MIX_01405,283.2950566893424,BASS_AND_DRUM_SUPPORTED,PRIMARY,True
777,DRUM,F_MIX_01405,283.2950566893424,BASS_AND_DRUM_SUPPORTED,PRIMARY,True
778,BASS,F_MIX_01408,283.6433560090703,BASS_AND_DRUM_SUPPORTED,PRIMARY,True
778,DRUM,F_MIX_01408,283.6433560090703,BASS_AND_DRUM_SUPPORTED,PRIMARY,True
779,BASS,F_MIX_01410,284.0148752834467,BASS_AND_DRUM_SUPPORTED,PRIMARY,True
779,DRUM,F_MIX_01410,284.0148752834467,BASS_AND_DRUM_SUPPORTED,PRIMARY,True
780,BASS,F_MIX_01412,284.3863945578231,BASS_AND_DRUM_SUPPORTED,PRIMARY,True
780,DRUM,F_MIX_01412,284.3863945578231,BASS_AND_DRUM_SUPPORTED,PRIMARY,True
781,BASS,F_MIX_01414,284.7463038548753,BASS_AND_DRUM_SUPPORTED,PRIMARY,True
781,DRUM,F_MIX_01414,284.7463038548753,BASS_AND_DRUM_SUPPORTED,PRIMARY,True
782,DRUM,F_MIX_01416,285.1062131519274,DRUM_SUPPORTED,PRIMARY,True
782,DRUM,F_MIX_01415,285.0597732426304,DRUM_SUPPORTED,CONTEXT,False
783,DRUM,F_MIX_01417,285.4777324263039,DRUM_SUPPORTED,PRIMARY,True
784,DRUM,F_MIX_01419,285.84925170068027,DRUM_SUPPORTED,PRIMARY,True
785,DRUM,F_MIX_01420,286.20916099773245,DRUM_SUPPORTED,PRIMARY,True
786,DRUM,F_MIX_01422,286.5690702947846,DRUM_SUPPORTED,PRIMARY,True
787,DRUM,F_MIX_01424,286.940589569161,DRUM_SUPPORTED,PRIMARY,True
788,DRUM,F_MIX_01426,287.2888888888889,DRUM_SUPPORTED,PRIMARY,True
788,DRUM,F_MIX_01427,287.3237188208617,DRUM_SUPPORTED,CONTEXT,False
789,DRUM,F_MIX_01428,287.67201814058956,DRUM_SUPPORTED,PRIMARY,True
790,DRUM,F_MIX_01429,288.0203174603175,DRUM_SUPPORTED,PRIMARY,True
791,DRUM,F_MIX_01430,288.3802267573696,DRUM_SUPPORTED,PRIMARY,True
792,DRUM,F_MIX_01433,288.7401360544218,DRUM_SUPPORTED,PRIMARY,True
793,DRUM,F_MIX_01434,289.0187755102041,DRUM_SUPPORTED,PRIMARY,True
794,DRUM,F_MIX_01436,289.47156462585036,DRUM_SUPPORTED,CONTEXT,True
795,DRUM,F_MIX_01438,289.84308390022676,DRUM_SUPPORTED,PRIMARY,True
796,DRUM,F_MIX_01440,290.1913832199547,DRUM_SUPPORTED,CONTEXT,True
797,DRUM,F_MIX_01441,290.4932426303855,DRUM_SUPPORTED,PRIMARY,True
797,DRUM,F_MIX_01442,290.57451247165534,DRUM_SUPPORTED,CONTEXT,False
798,DRUM,F_MIX_01443,290.9228117913832,DRUM_SUPPORTED,PRIMARY,True
799,DRUM,F_MIX_01444,291.29433106575965,DRUM_SUPPORTED,PRIMARY,True
800,DRUM,F_MIX_01446,291.6542403628118,DRUM_SUPPORTED,PRIMARY,True
801,DRUM,F_MIX_01448,292.02575963718823,DRUM_SUPPORTED,PRIMARY,True
802,DRUM,F_MIX_01449,292.3972789115646,DRUM_SUPPORTED,PRIMARY,True
803,DRUM,F_MIX_01451,292.768798185941,DRUM_SUPPORTED,PRIMARY,True
803,DRUM,F_MIX_01450,292.6875283446712,DRUM_SUPPORTED,CONTEXT,False
804,DRUM,F_MIX_01453,293.1287074829932,DRUM_SUPPORTED,PRIMARY,True
805,DRUM,F_MIX_01455,293.48861678004533,DRUM_SUPPORTED,PRIMARY,True
806,DRUM,F_MIX_01456,293.8485260770975,DRUM_SUPPORTED,PRIMARY,True
807,DRUM,F_MIX_01458,294.2200453514739,DRUM_SUPPORTED,PRIMARY,True
808,DRUM,F_MIX_01460,294.5799546485261,DRUM_SUPPORTED,PRIMARY,True
809,DRUM,F_MIX_01462,294.9514739229025,DRUM_SUPPORTED,PRIMARY,True
809,DRUM,F_MIX_01461,294.8585941043084,DRUM_SUPPORTED,CONTEXT,False
810,BASS,F_MIX_01463,295.3229931972789,BASS_AND_DRUM_SUPPORTED,PRIMARY,True
810,DRUM,F_MIX_01463,295.3229931972789,BASS_AND_DRUM_SUPPORTED,PRIMARY,True
811,BASS,F_MIX_01465,295.6712925170068,BASS_AND_DRUM_SUPPORTED,PRIMARY,True
811,DRUM,F_MIX_01465,295.6712925170068,BASS_AND_DRUM_SUPPORTED,PRIMARY,True
812,BASS,F_MIX_01467,296.03120181405893,BASS_AND_DRUM_SUPPORTED,PRIMARY,True
812,DRUM,F_MIX_01467,296.03120181405893,BASS_AND_DRUM_SUPPORTED,PRIMARY,True
813,DRUM,F_MIX_01469,296.41433106575965,DRUM_SUPPORTED,PRIMARY,True
814,BASS,F_MIX_01470,296.7742403628118,BASS_AND_DRUM_SUPPORTED,PRIMARY,True
814,DRUM,F_MIX_01470,296.7742403628118,BASS_AND_DRUM_SUPPORTED,PRIMARY,True
815,DRUM,F_MIX_01472,297.13414965986397,DRUM_SUPPORTED,PRIMARY,True
815,DRUM,F_MIX_01471,297.0528798185941,DRUM_SUPPORTED,CONTEXT,False
816,DRUM,F_MIX_01474,297.4940589569161,DRUM_SUPPORTED,PRIMARY,True
816,DRUM,F_MIX_01473,297.44761904761907,DRUM_SUPPORTED,CONTEXT,False
818,DRUM,F_MIX_01478,298.23709750566894,DRUM_SUPPORTED,PRIMARY,True
819,BASS,F_MIX_01480,298.6202267573696,BASS_AND_DRUM_SUPPORTED,PRIMARY,True
819,DRUM,F_MIX_01480,298.6202267573696,BASS_AND_DRUM_SUPPORTED,PRIMARY,True
820,DRUM,F_MIX_01482,298.9685260770975,DRUM_SUPPORTED,PRIMARY,True
821,BASS,F_MIX_01484,299.3400453514739,BASS_AND_DRUM_SUPPORTED,PRIMARY,True
821,DRUM,F_MIX_01484,299.3400453514739,BASS_AND_DRUM_SUPPORTED,PRIMARY,True
821,DRUM,F_MIX_01483,299.2587755102041,DRUM_SUPPORTED,CONTEXT,False
822,BASS,F_MIX_01487,299.6999546485261,BASS_AND_DRUM_SUPPORTED,PRIMARY,True
822,DRUM,F_MIX_01487,299.6999546485261,BASS_AND_DRUM_SUPPORTED,PRIMARY,True
822,DRUM,F_MIX_01486,299.6651247165533,DRUM_SUPPORTED,CONTEXT,False
823,DRUM,F_MIX_01488,300.0714739229025,DRUM_SUPPORTED,PRIMARY,True
824,DRUM,F_MIX_01491,300.4313832199546,DRUM_SUPPORTED,PRIMARY,True
824,DRUM,F_MIX_01490,300.3849433106576,DRUM_SUPPORTED,CONTEXT,False
825,DRUM,F_MIX_01494,300.81451247165535,DRUM_SUPPORTED,PRIMARY,True
825,DRUM,F_MIX_01493,300.756462585034,DRUM_SUPPORTED,CONTEXT,False
826,DRUM,F_MIX_01497,301.1628117913832,DRUM_SUPPORTED,PRIMARY,True
827,DRUM,F_MIX_01499,301.53433106575966,DRUM_SUPPORTED,PRIMARY,True
828,DRUM,F_MIX_01500,301.8942403628118,DRUM_SUPPORTED,PRIMARY,True
829,DRUM,F_MIX_01502,302.25414965986397,DRUM_SUPPORTED,PRIMARY,True
830,DRUM,F_MIX_01504,302.62566893424037,DRUM_SUPPORTED,PRIMARY,True
831,DRUM,F_MIX_01505,302.9855782312925,DRUM_SUPPORTED,PRIMARY,True
832,DRUM,F_MIX_01506,303.35709750566895,DRUM_SUPPORTED,PRIMARY,True
833,DRUM,F_MIX_01507,303.72861678004534,DRUM_SUPPORTED,PRIMARY,True
834,DRUM,F_MIX_01508,304.0885260770975,DRUM_SUPPORTED,PRIMARY,True
835,DRUM,F_MIX_01509,304.44843537414965,DRUM_SUPPORTED,PRIMARY,True
836,BASS,F_MIX_01510,304.7851247165533,BASS_AND_DRUM_SUPPORTED,CONTEXT,True
836,DRUM,F_MIX_01511,304.8315646258503,DRUM_SUPPORTED,PRIMARY,True
836,DRUM,F_MIX_01510,304.7851247165533,BASS_AND_DRUM_SUPPORTED,CONTEXT,False
837,BASS,F_MIX_01513,305.1914739229025,BASS_AND_DRUM_SUPPORTED,PRIMARY,True
837,DRUM,F_MIX_01513,305.1914739229025,BASS_AND_DRUM_SUPPORTED,PRIMARY,True
838,DRUM,F_MIX_01514,305.5629931972789,DRUM_SUPPORTED,PRIMARY,True
839,BASS,F_MIX_01515,305.9229024943311,BASS_AND_DRUM_SUPPORTED,PRIMARY,True
839,DRUM,F_MIX_01515,305.9229024943311,BASS_AND_DRUM_SUPPORTED,PRIMARY,True
840,BASS,F_MIX_01516,306.2828117913832,BASS_AND_DRUM_SUPPORTED,PRIMARY,True
840,DRUM,F_MIX_01516,306.2828117913832,BASS_AND_DRUM_SUPPORTED,PRIMARY,True
841,BASS,F_MIX_01517,306.5730612244898,BASS_AND_DRUM_SUPPORTED,CONTEXT,True
841,DRUM,F_MIX_01518,306.65433106575966,DRUM_SUPPORTED,PRIMARY,True
841,DRUM,F_MIX_01517,306.5730612244898,BASS_AND_DRUM_SUPPORTED,CONTEXT,False
842,BASS,F_MIX_01519,307.0142403628118,BASS_AND_DRUM_SUPPORTED,PRIMARY,True
842,DRUM,F_MIX_01519,307.0142403628118,BASS_AND_DRUM_SUPPORTED,PRIMARY,True
843,BASS,F_MIX_01520,307.3741496598639,BASS_AND_DRUM_SUPPORTED,PRIMARY,True
843,DRUM,F_MIX_01520,307.3741496598639,BASS_AND_DRUM_SUPPORTED,PRIMARY,True
844,BASS,F_MIX_01521,307.7340589569161,BASS_AND_DRUM_SUPPORTED,PRIMARY,True
844,DRUM,F_MIX_01521,307.7340589569161,BASS_AND_DRUM_SUPPORTED,PRIMARY,True
845,BASS,F_MIX_01523,308.11718820861677,BASS_AND_DRUM_SUPPORTED,PRIMARY,True
845,DRUM,F_MIX_01523,308.11718820861677,BASS_AND_DRUM_SUPPORTED,PRIMARY,True
846,BASS,F_MIX_01524,308.4654875283447,BASS_AND_DRUM_SUPPORTED,PRIMARY,True
846,DRUM,F_MIX_01524,308.4654875283447,BASS_AND_DRUM_SUPPORTED,PRIMARY,True
847,BASS,F_MIX_01525,308.8253968253968,BASS_AND_DRUM_SUPPORTED,PRIMARY,True
847,DRUM,F_MIX_01525,308.8253968253968,BASS_AND_DRUM_SUPPORTED,PRIMARY,True
848,BASS,F_MIX_01526,309.0924263038549,BASS_SUPPORTED,CONTEXT,True
848,DRUM,F_MIX_01527,309.185306122449,DRUM_SUPPORTED,PRIMARY,True
849,DRUM,F_MIX_01529,309.5568253968254,DRUM_SUPPORTED,PRIMARY,True
850,BASS,F_MIX_01531,309.9167346938776,BASS_AND_DRUM_SUPPORTED,PRIMARY,True
850,DRUM,F_MIX_01531,309.9167346938776,BASS_AND_DRUM_SUPPORTED,PRIMARY,True
851,DRUM,F_MIX_01533,310.3114739229025,DRUM_SUPPORTED,PRIMARY,True
852,BASS,F_MIX_01534,310.6365532879819,BASS_AND_DRUM_SUPPORTED,CONTEXT,True
852,DRUM,F_MIX_01535,310.67138321995463,DRUM_SUPPORTED,PRIMARY,True
852,DRUM,F_MIX_01534,310.6365532879819,BASS_AND_DRUM_SUPPORTED,CONTEXT,False
853,BASS,F_MIX_01536,311.01968253968255,BASS_AND_DRUM_SUPPORTED,PRIMARY,True
853,DRUM,F_MIX_01536,311.01968253968255,BASS_AND_DRUM_SUPPORTED,PRIMARY,True
854,DRUM,F_MIX_01537,311.4028117913832,DRUM_SUPPORTED,PRIMARY,True
856,DRUM,F_MIX_01539,312.1226303854875,DRUM_SUPPORTED,PRIMARY,True
857,DRUM,F_MIX_01540,312.5057596371882,DRUM_SUPPORTED,PRIMARY,True
858,DRUM,F_MIX_01541,312.8656689342404,DRUM_SUPPORTED,PRIMARY,True
859,DRUM,F_MIX_01543,313.2604081632653,DRUM_SUPPORTED,PRIMARY,True
860,BASS,F_MIX_01544,313.6087074829932,BASS_AND_DRUM_SUPPORTED,PRIMARY,True
860,DRUM,F_MIX_01544,313.6087074829932,BASS_AND_DRUM_SUPPORTED,PRIMARY,True
861,BASS,F_MIX_01545,313.96861678004535,BASS_AND_DRUM_SUPPORTED,PRIMARY,True
861,DRUM,F_MIX_01545,313.96861678004535,BASS_AND_DRUM_SUPPORTED,PRIMARY,True
862,BASS,F_MIX_01547,314.34013605442175,BASS_AND_DRUM_SUPPORTED,PRIMARY,True
862,DRUM,F_MIX_01547,314.34013605442175,BASS_AND_DRUM_SUPPORTED,PRIMARY,True
864,BASS,F_MIX_01550,315.0715646258503,BASS_AND_DRUM_SUPPORTED,PRIMARY,True
864,DRUM,F_MIX_01550,315.0715646258503,BASS_AND_DRUM_SUPPORTED,PRIMARY,True
865,DRUM,F_MIX_01551,315.4430839002268,DRUM_SUPPORTED,PRIMARY,True
866,BASS,F_MIX_01552,315.8029931972789,BASS_AND_DRUM_SUPPORTED,PRIMARY,True
866,DRUM,F_MIX_01552,315.8029931972789,BASS_AND_DRUM_SUPPORTED,PRIMARY,True
867,DRUM,F_MIX_01554,316.1861224489796,DRUM_SUPPORTED,PRIMARY,True
868,DRUM,F_MIX_01555,316.51120181405895,DRUM_SUPPORTED,PRIMARY,True
869,BASS,F_MIX_01556,316.9407709750567,BASS_SUPPORTED,PRIMARY,True
870,BASS,F_MIX_01557,317.27746031746034,BASS_AND_DRUM_SUPPORTED,PRIMARY,True
870,DRUM,F_MIX_01557,317.27746031746034,BASS_AND_DRUM_SUPPORTED,PRIMARY,True
872,BASS,F_MIX_01560,318.00888888888886,BASS_AND_DRUM_SUPPORTED,PRIMARY,True
872,DRUM,F_MIX_01560,318.00888888888886,BASS_AND_DRUM_SUPPORTED,PRIMARY,True
874,BASS,F_MIX_01563,318.74031746031744,BASS_AND_DRUM_SUPPORTED,PRIMARY,True
874,DRUM,F_MIX_01563,318.74031746031744,BASS_AND_DRUM_SUPPORTED,PRIMARY,True
875,BASS,F_MIX_01565,319.12344671201816,BASS_AND_DRUM_SUPPORTED,PRIMARY,True
875,DRUM,F_MIX_01565,319.12344671201816,BASS_AND_DRUM_SUPPORTED,PRIMARY,True
876,BASS,F_MIX_01567,319.471746031746,BASS_AND_DRUM_SUPPORTED,PRIMARY,True
876,DRUM,F_MIX_01567,319.471746031746,BASS_AND_DRUM_SUPPORTED,PRIMARY,True
878,BASS,F_MIX_01569,320.19156462585033,BASS_AND_DRUM_SUPPORTED,PRIMARY,True
878,DRUM,F_MIX_01569,320.19156462585033,BASS_AND_DRUM_SUPPORTED,PRIMARY,True
880,BASS,F_MIX_01572,320.9346031746032,BASS_AND_DRUM_SUPPORTED,PRIMARY,True
880,DRUM,F_MIX_01572,320.9346031746032,BASS_AND_DRUM_SUPPORTED,PRIMARY,True
882,DRUM,F_MIX_01574,321.67764172335603,DRUM_SUPPORTED,PRIMARY,True
884,DRUM,F_MIX_01577,322.4206802721088,DRUM_SUPPORTED,PRIMARY,True
886,DRUM,F_MIX_01579,323.1637188208617,DRUM_SUPPORTED,PRIMARY,True
887,DRUM,F_MIX_01580,323.442358276644,DRUM_SUPPORTED,PRIMARY,True
888,DRUM,F_MIX_01582,323.883537414966,DRUM_SUPPORTED,PRIMARY,True
889,DRUM,F_MIX_01584,324.2434467120181,DRUM_SUPPORTED,PRIMARY,True
890,DRUM,F_MIX_01585,324.61496598639457,DRUM_SUPPORTED,PRIMARY,True
891,DRUM,F_MIX_01587,324.98648526077096,DRUM_SUPPORTED,PRIMARY,True
892,DRUM,F_MIX_01588,325.3347845804989,DRUM_SUPPORTED,PRIMARY,True
894,BASS,F_MIX_01591,326.06621315192746,BASS_AND_DRUM_SUPPORTED,PRIMARY,True
894,DRUM,F_MIX_01591,326.06621315192746,BASS_AND_DRUM_SUPPORTED,PRIMARY,True
896,BASS,F_MIX_01594,326.78603174603177,BASS_AND_DRUM_SUPPORTED,PRIMARY,True
896,DRUM,F_MIX_01594,326.78603174603177,BASS_AND_DRUM_SUPPORTED,PRIMARY,True
897,DRUM,F_MIX_01595,327.0530612244898,DRUM_SUPPORTED,PRIMARY,True
898,DRUM,F_MIX_01597,327.52907029478456,DRUM_SUPPORTED,PRIMARY,True
898,DRUM,F_MIX_01596,327.4129705215419,DRUM_SUPPORTED,CONTEXT,False
900,DRUM,F_MIX_01600,328.26049886621314,DRUM_SUPPORTED,PRIMARY,True
902,BASS,F_MIX_01602,329.003537414966,BASS_AND_DRUM_SUPPORTED,PRIMARY,True
902,DRUM,F_MIX_01602,329.003537414966,BASS_AND_DRUM_SUPPORTED,PRIMARY,True
904,DRUM,F_MIX_01604,329.73496598639457,DRUM_SUPPORTED,PRIMARY,True
904,DRUM,F_MIX_01605,329.99038548752833,DRUM_SUPPORTED,CONTEXT,False
