PLP_peak_index,Bass_only_marker_ids,Drum_only_marker_ids,dual_marker_ids,distinct_single_support_co_coverage,physical_pair_status,Bass_Drum_attack_delta_ms
2,,F_MIX_00001,F_MIX_00000,False,NOT_ESTABLISHED,
3,,F_MIX_00003,,False,NOT_ESTABLISHED,
4,,,F_MIX_00005,False,NOT_ESTABLISHED,
5,,F_MIX_00008,,False,NOT_ESTABLISHED,
6,,F_MIX_00009,F_MIX_00010,False,NOT_ESTABLISHED,
7,,F_MIX_00012,,False,NOT_ESTABLISHED,
8,,F_MIX_00015,,False,NOT_ESTABLISHED,
9,,F_MIX_00017,,False,NOT_ESTABLISHED,
10,,F_MIX_00018;F_MIX_00019,,False,NOT_ESTABLISHED,
11,,F_MIX_00021,,False,NOT_ESTABLISHED,
12,,F_MIX_00022,F_MIX_00023,False,NOT_ESTABLISHED,
13,,F_MIX_00025,,False,NOT_ESTABLISHED,
14,F_MIX_00026,F_MIX_00027,,True,NOT_ESTABLISHED,
15,,F_MIX_00028,F_MIX_00029,False,NOT_ESTABLISHED,
16,,F_MIX_00030,F_MIX_00031,False,NOT_ESTABLISHED,
17,,F_MIX_00032;F_MIX_00033;F_MIX_00034,,False,NOT_ESTABLISHED,
18,,F_MIX_00035,F_MIX_00036,False,NOT_ESTABLISHED,
19,,F_MIX_00038,,False,NOT_ESTABLISHED,
20,,,F_MIX_00039,False,NOT_ESTABLISHED,
21,,F_MIX_00040,,False,NOT_ESTABLISHED,
22,F_MIX_00041,F_MIX_00042,,True,NOT_ESTABLISHED,
23,,F_MIX_00043,F_MIX_00044,False,NOT_ESTABLISHED,
24,,,F_MIX_00046,False,NOT_ESTABLISHED,
25,,,F_MIX_00047,False,NOT_ESTABLISHED,
26,,F_MIX_00048,F_MIX_00049,False,NOT_ESTABLISHED,
27,,F_MIX_00050;F_MIX_00051,,False,NOT_ESTABLISHED,
28,,F_MIX_00052,F_MIX_00053,False,NOT_ESTABLISHED,
29,,F_MIX_00055,,False,NOT_ESTABLISHED,
30,F_MIX_00056,,,False,NOT_ESTABLISHED,
31,,F_MIX_00058;F_MIX_00059,,False,NOT_ESTABLISHED,
32,,F_MIX_00061;F_MIX_00062;F_MIX_00063;F_MIX_00064,,False,NOT_ESTABLISHED,
33,,,F_MIX_00066,False,NOT_ESTABLISHED,
34,,,F_MIX_00067,False,NOT_ESTABLISHED,
35,,F_MIX_00068,,False,NOT_ESTABLISHED,
36,,F_MIX_00070,F_MIX_00069,False,NOT_ESTABLISHED,
37,,F_MIX_00072;F_MIX_00073,,False,NOT_ESTABLISHED,
38,,,F_MIX_00075,False,NOT_ESTABLISHED,
39,,F_MIX_00076,,False,NOT_ESTABLISHED,
40,,F_MIX_00078,,False,NOT_ESTABLISHED,
41,,,F_MIX_00081,False,NOT_ESTABLISHED,
42,,,F_MIX_00083,False,NOT_ESTABLISHED,
43,,F_MIX_00085,,False,NOT_ESTABLISHED,
44,,,F_MIX_00087,False,NOT_ESTABLISHED,
45,,F_MIX_00088,,False,NOT_ESTABLISHED,
46,,,F_MIX_00090,False,NOT_ESTABLISHED,
47,,F_MIX_00091,,False,NOT_ESTABLISHED,
48,,F_MIX_00093,F_MIX_00094,False,NOT_ESTABLISHED,
49,,F_MIX_00096;F_MIX_00097,,False,NOT_ESTABLISHED,
50,,F_MIX_00100,,False,NOT_ESTABLISHED,
51,,F_MIX_00102,,False,NOT_ESTABLISHED,
52,,,F_MIX_00104,False,NOT_ESTABLISHED,
53,,F_MIX_00105,,False,NOT_ESTABLISHED,
54,F_MIX_00106,F_MIX_00108,,True,NOT_ESTABLISHED,
55,,,F_MIX_00110,False,NOT_ESTABLISHED,
56,,F_MIX_00111;F_MIX_00112,,False,NOT_ESTABLISHED,
57,,F_MIX_00113;F_MIX_00114,,False,NOT_ESTABLISHED,
58,,F_MIX_00116,,False,NOT_ESTABLISHED,
59,,F_MIX_00117,,False,NOT_ESTABLISHED,
60,,F_MIX_00118;F_MIX_00119,,False,NOT_ESTABLISHED,
61,,F_MIX_00120;F_MIX_00121,,False,NOT_ESTABLISHED,
62,,F_MIX_00122;F_MIX_00123,,False,NOT_ESTABLISHED,
63,,,F_MIX_00125,False,NOT_ESTABLISHED,
64,,F_MIX_00126,,False,NOT_ESTABLISHED,
65,,F_MIX_00127,F_MIX_00129,False,NOT_ESTABLISHED,
66,,F_MIX_00130,,False,NOT_ESTABLISHED,
67,,F_MIX_00133,F_MIX_00132,False,NOT_ESTABLISHED,
68,,,F_MIX_00135,False,NOT_ESTABLISHED,
69,,F_MIX_00136;F_MIX_00137,F_MIX_00138,False,NOT_ESTABLISHED,
70,,F_MIX_00139,F_MIX_00140,False,NOT_ESTABLISHED,
71,,F_MIX_00142,,False,NOT_ESTABLISHED,
72,,F_MIX_00145,,False,NOT_ESTABLISHED,
73,,F_MIX_00149,,False,NOT_ESTABLISHED,
74,,,F_MIX_00150,False,NOT_ESTABLISHED,
75,,,F_MIX_00151,False,NOT_ESTABLISHED,
76,,F_MIX_00152,,False,NOT_ESTABLISHED,
77,,,F_MIX_00154,False,NOT_ESTABLISHED,
78,,,F_MIX_00156,False,NOT_ESTABLISHED,
79,,,F_MIX_00157,False,NOT_ESTABLISHED,
80,,,F_MIX_00158,False,NOT_ESTABLISHED,
81,,F_MIX_00160,,False,NOT_ESTABLISHED,
82,,F_MIX_00162,,False,NOT_ESTABLISHED,
83,,F_MIX_00163,,False,NOT_ESTABLISHED,
84,,F_MIX_00165,,False,NOT_ESTABLISHED,
85,,F_MIX_00167,,False,NOT_ESTABLISHED,
86,,F_MIX_00169,,False,NOT_ESTABLISHED,
87,,F_MIX_00170,,False,NOT_ESTABLISHED,
88,,,,False,NOT_ESTABLISHED,
89,,F_MIX_00173;F_MIX_00174,,False,NOT_ESTABLISHED,
90,,F_MIX_00177,,False,NOT_ESTABLISHED,
91,,F_MIX_00178;F_MIX_00179,,False,NOT_ESTABLISHED,
92,,F_MIX_00180;F_MIX_00181,,False,NOT_ESTABLISHED,
93,,F_MIX_00183,,False,NOT_ESTABLISHED,
94,,F_MIX_00186,,False,NOT_ESTABLISHED,
95,,F_MIX_00187;F_MIX_00188,,False,NOT_ESTABLISHED,
96,,F_MIX_00190,,False,NOT_ESTABLISHED,
97,,F_MIX_00191,,False,NOT_ESTABLISHED,
98,,F_MIX_00192;F_MIX_00193,,False,NOT_ESTABLISHED,
99,,F_MIX_00195,,False,NOT_ESTABLISHED,
100,,F_MIX_00196,,False,NOT_ESTABLISHED,
101,,F_MIX_00198,,False,NOT_ESTABLISHED,
102,,F_MIX_00199,,False,NOT_ESTABLISHED,
103,,F_MIX_00200,,False,NOT_ESTABLISHED,
104,,F_MIX_00204,,False,NOT_ESTABLISHED,
105,,F_MIX_00207,,False,NOT_ESTABLISHED,
106,,F_MIX_00209,,False,NOT_ESTABLISHED,
107,,F_MIX_00210,,False,NOT_ESTABLISHED,
108,,F_MIX_00212,,False,NOT_ESTABLISHED,
109,,F_MIX_00214,,False,NOT_ESTABLISHED,
110,,F_MIX_00216,,False,NOT_ESTABLISHED,
111,,F_MIX_00218,,False,NOT_ESTABLISHED,
112,,F_MIX_00220,,False,NOT_ESTABLISHED,
113,,F_MIX_00221,F_MIX_00222,False,NOT_ESTABLISHED,
114,,F_MIX_00223,F_MIX_00224,False,NOT_ESTABLISHED,
115,,F_MIX_00225,,False,NOT_ESTABLISHED,
116,,F_MIX_00226,,False,NOT_ESTABLISHED,
117,,F_MIX_00228;F_MIX_00229;F_MIX_00230,,False,NOT_ESTABLISHED,
118,,,F_MIX_00231,False,NOT_ESTABLISHED,
119,,F_MIX_00232,,False,NOT_ESTABLISHED,
120,,F_MIX_00234,,False,NOT_ESTABLISHED,
121,,F_MIX_00235;F_MIX_00236,,False,NOT_ESTABLISHED,
122,,F_MIX_00239,F_MIX_00238,False,NOT_ESTABLISHED,
123,,,,False,NOT_ESTABLISHED,
125,,,,False,NOT_ESTABLISHED,
126,,,,False,NOT_ESTABLISHED,
127,,,,False,NOT_ESTABLISHED,
128,,,,False,NOT_ESTABLISHED,
129,,F_MIX_00248,,False,NOT_ESTABLISHED,
130,,,,False,NOT_ESTABLISHED,
131,,F_MIX_00253,,False,NOT_ESTABLISHED,
132,,F_MIX_00254,,False,NOT_ESTABLISHED,
133,,F_MIX_00255,,False,NOT_ESTABLISHED,
134,,F_MIX_00256;F_MIX_00257;F_MIX_00258,,False,NOT_ESTABLISHED,
135,,F_MIX_00259,,False,NOT_ESTABLISHED,
136,,F_MIX_00260,,False,NOT_ESTABLISHED,
137,,F_MIX_00261,,False,NOT_ESTABLISHED,
138,,F_MIX_00262,,False,NOT_ESTABLISHED,
139,,F_MIX_00264,,False,NOT_ESTABLISHED,
140,,,,False,NOT_ESTABLISHED,
141,,,,False,NOT_ESTABLISHED,
142,,F_MIX_00269;F_MIX_00270,,False,NOT_ESTABLISHED,
143,,F_MIX_00271;F_MIX_00272,,False,NOT_ESTABLISHED,
144,,F_MIX_00274,,False,NOT_ESTABLISHED,
145,,F_MIX_00275,,False,NOT_ESTABLISHED,
146,,F_MIX_00276;F_MIX_00277,,False,NOT_ESTABLISHED,
147,,F_MIX_00279,,False,NOT_ESTABLISHED,
148,,F_MIX_00280;F_MIX_00281,,False,NOT_ESTABLISHED,
149,,F_MIX_00283,,False,NOT_ESTABLISHED,
150,,F_MIX_00284,,False,NOT_ESTABLISHED,
151,,F_MIX_00285,,False,NOT_ESTABLISHED,
152,,F_MIX_00287,,False,NOT_ESTABLISHED,
153,,F_MIX_00289,,False,NOT_ESTABLISHED,
154,,F_MIX_00290;F_MIX_00291,,False,NOT_ESTABLISHED,
155,,F_MIX_00292,,False,NOT_ESTABLISHED,
156,,F_MIX_00293,,False,NOT_ESTABLISHED,
157,,F_MIX_00295,,False,NOT_ESTABLISHED,
158,,F_MIX_00296;F_MIX_00297,,False,NOT_ESTABLISHED,
159,,F_MIX_00298;F_MIX_00299,,False,NOT_ESTABLISHED,
160,,F_MIX_00300;F_MIX_00301,,False,NOT_ESTABLISHED,
161,,F_MIX_00303,,False,NOT_ESTABLISHED,
162,,F_MIX_00305,,False,NOT_ESTABLISHED,
163,,F_MIX_00306,,False,NOT_ESTABLISHED,
164,,,F_MIX_00309,False,NOT_ESTABLISHED,
165,,,F_MIX_00312,False,NOT_ESTABLISHED,
166,,,,False,NOT_ESTABLISHED,
167,,,F_MIX_00316,False,NOT_ESTABLISHED,
168,,F_MIX_00317,F_MIX_00318,False,NOT_ESTABLISHED,
169,,,F_MIX_00319,False,NOT_ESTABLISHED,
170,,F_MIX_00321,,False,NOT_ESTABLISHED,
171,,,F_MIX_00323,False,NOT_ESTABLISHED,
172,,,F_MIX_00324,False,NOT_ESTABLISHED,
173,,F_MIX_00325;F_MIX_00326,,False,NOT_ESTABLISHED,
174,,F_MIX_00327,,False,NOT_ESTABLISHED,
175,,F_MIX_00328,,False,NOT_ESTABLISHED,
176,,F_MIX_00329;F_MIX_00330,,False,NOT_ESTABLISHED,
177,,F_MIX_00332,,False,NOT_ESTABLISHED,
178,,F_MIX_00334,,False,NOT_ESTABLISHED,
179,,F_MIX_00335,,False,NOT_ESTABLISHED,
180,,,F_MIX_00337,False,NOT_ESTABLISHED,
181,,,F_MIX_00338,False,NOT_ESTABLISHED,
182,,F_MIX_00339,F_MIX_00340,False,NOT_ESTABLISHED,
183,,,F_MIX_00341,False,NOT_ESTABLISHED,
184,,F_MIX_00343,,False,NOT_ESTABLISHED,
185,,F_MIX_00345,,False,NOT_ESTABLISHED,
186,,F_MIX_00346;F_MIX_00347,,False,NOT_ESTABLISHED,
187,,,F_MIX_00350,False,NOT_ESTABLISHED,
188,,F_MIX_00351,,False,NOT_ESTABLISHED,
189,,,F_MIX_00353,False,NOT_ESTABLISHED,
190,,F_MIX_00355,,False,NOT_ESTABLISHED,
191,,F_MIX_00357,,False,NOT_ESTABLISHED,
192,,F_MIX_00359,,False,NOT_ESTABLISHED,
193,,F_MIX_00360;F_MIX_00361,,False,NOT_ESTABLISHED,
194,,F_MIX_00362,,False,NOT_ESTABLISHED,
195,,F_MIX_00365,,False,NOT_ESTABLISHED,
196,,F_MIX_00366;F_MIX_00367,,False,NOT_ESTABLISHED,
197,,F_MIX_00369,,False,NOT_ESTABLISHED,
198,,F_MIX_00370;F_MIX_00371,,False,NOT_ESTABLISHED,
199,,F_MIX_00372,,False,NOT_ESTABLISHED,
200,,F_MIX_00373;F_MIX_00374,,False,NOT_ESTABLISHED,
201,,F_MIX_00375;F_MIX_00376,,False,NOT_ESTABLISHED,
202,,F_MIX_00377,,False,NOT_ESTABLISHED,
203,,,F_MIX_00378,False,NOT_ESTABLISHED,
204,,F_MIX_00379,F_MIX_00380,False,NOT_ESTABLISHED,
205,,,F_MIX_00382,False,NOT_ESTABLISHED,
206,,F_MIX_00383,F_MIX_00384,False,NOT_ESTABLISHED,
207,,F_MIX_00385;F_MIX_00386,,False,NOT_ESTABLISHED,
208,,F_MIX_00387,,False,NOT_ESTABLISHED,
209,,F_MIX_00389,,False,NOT_ESTABLISHED,
210,,F_MIX_00390,,False,NOT_ESTABLISHED,
211,,F_MIX_00391;F_MIX_00392,,False,NOT_ESTABLISHED,
212,,F_MIX_00393,,False,NOT_ESTABLISHED,
213,,F_MIX_00395,,False,NOT_ESTABLISHED,
214,,F_MIX_00396;F_MIX_00397,,False,NOT_ESTABLISHED,
215,,F_MIX_00399,,False,NOT_ESTABLISHED,
216,,F_MIX_00400;F_MIX_00401,,False,NOT_ESTABLISHED,
217,,F_MIX_00402;F_MIX_00403,,False,NOT_ESTABLISHED,
218,,F_MIX_00404;F_MIX_00405,,False,NOT_ESTABLISHED,
219,,F_MIX_00406;F_MIX_00407,,False,NOT_ESTABLISHED,
220,,F_MIX_00408,,False,NOT_ESTABLISHED,
221,,,F_MIX_00409;F_MIX_00410,False,NOT_ESTABLISHED,
222,,F_MIX_00411;F_MIX_00412,,False,NOT_ESTABLISHED,
223,F_MIX_00413,F_MIX_00414,,True,NOT_ESTABLISHED,
224,,,F_MIX_00416,False,NOT_ESTABLISHED,
225,,F_MIX_00418,,False,NOT_ESTABLISHED,
226,,F_MIX_00419,,False,NOT_ESTABLISHED,
227,,,,False,NOT_ESTABLISHED,
228,,F_MIX_00421,,False,NOT_ESTABLISHED,
229,,F_MIX_00422,,False,NOT_ESTABLISHED,
230,,,F_MIX_00423,False,NOT_ESTABLISHED,
231,,,F_MIX_00424,False,NOT_ESTABLISHED,
232,,,F_MIX_00426,False,NOT_ESTABLISHED,
233,,,F_MIX_00428,False,NOT_ESTABLISHED,
234,,F_MIX_00429,F_MIX_00430,False,NOT_ESTABLISHED,
235,,F_MIX_00431,F_MIX_00432,False,NOT_ESTABLISHED,
236,,F_MIX_00435,F_MIX_00434,False,NOT_ESTABLISHED,
237,,,F_MIX_00436,False,NOT_ESTABLISHED,
238,,,F_MIX_00438,False,NOT_ESTABLISHED,
239,,F_MIX_00441,,False,NOT_ESTABLISHED,
240,,F_MIX_00442,,False,NOT_ESTABLISHED,
241,,,F_MIX_00443,False,NOT_ESTABLISHED,
242,,,,False,NOT_ESTABLISHED,
243,,,F_MIX_00445,False,NOT_ESTABLISHED,
244,,,F_MIX_00447,False,NOT_ESTABLISHED,
245,,,F_MIX_00448,False,NOT_ESTABLISHED,
246,,F_MIX_00449,,False,NOT_ESTABLISHED,
247,,,F_MIX_00450,False,NOT_ESTABLISHED,
248,,F_MIX_00451,F_MIX_00452,False,NOT_ESTABLISHED,
249,,,F_MIX_00455,False,NOT_ESTABLISHED,
250,,,F_MIX_00457,False,NOT_ESTABLISHED,
251,,,F_MIX_00459,False,NOT_ESTABLISHED,
252,,F_MIX_00460;F_MIX_00461,,False,NOT_ESTABLISHED,
253,,F_MIX_00464,F_MIX_00463,False,NOT_ESTABLISHED,
254,,,F_MIX_00466,False,NOT_ESTABLISHED,
255,,F_MIX_00467,F_MIX_00468,False,NOT_ESTABLISHED,
256,,F_MIX_00469;F_MIX_00470,,False,NOT_ESTABLISHED,
257,,F_MIX_00472,,False,NOT_ESTABLISHED,
258,,F_MIX_00473,,False,NOT_ESTABLISHED,
259,,,F_MIX_00474,False,NOT_ESTABLISHED,
260,,F_MIX_00475,,False,NOT_ESTABLISHED,
261,,F_MIX_00476,,False,NOT_ESTABLISHED,
262,,F_MIX_00477,F_MIX_00478,False,NOT_ESTABLISHED,
263,,F_MIX_00480,,False,NOT_ESTABLISHED,
264,,F_MIX_00481,,False,NOT_ESTABLISHED,
265,,,F_MIX_00483,False,NOT_ESTABLISHED,
266,,F_MIX_00484;F_MIX_00485,,False,NOT_ESTABLISHED,
267,,F_MIX_00486,,False,NOT_ESTABLISHED,
268,,F_MIX_00487,,False,NOT_ESTABLISHED,
269,,F_MIX_00489,,False,NOT_ESTABLISHED,
270,,F_MIX_00490,,False,NOT_ESTABLISHED,
271,,F_MIX_00492,,False,NOT_ESTABLISHED,
272,,F_MIX_00493,,False,NOT_ESTABLISHED,
273,,F_MIX_00494,F_MIX_00495,False,NOT_ESTABLISHED,
274,,,F_MIX_00497,False,NOT_ESTABLISHED,
275,,,F_MIX_00500,False,NOT_ESTABLISHED,
276,,,F_MIX_00502,False,NOT_ESTABLISHED,
277,,,F_MIX_00504,False,NOT_ESTABLISHED,
278,,,,False,NOT_ESTABLISHED,
279,,,F_MIX_00507,False,NOT_ESTABLISHED,
280,,F_MIX_00508,,False,NOT_ESTABLISHED,
281,,F_MIX_00510,,False,NOT_ESTABLISHED,
282,,,,False,NOT_ESTABLISHED,
283,,,F_MIX_00512,False,NOT_ESTABLISHED,
284,,F_MIX_00513,F_MIX_00514,False,NOT_ESTABLISHED,
285,,,F_MIX_00516,False,NOT_ESTABLISHED,
286,,F_MIX_00517;F_MIX_00519;F_MIX_00520,,False,NOT_ESTABLISHED,
287,,F_MIX_00521,F_MIX_00522,False,NOT_ESTABLISHED,
288,,F_MIX_00523;F_MIX_00524,,False,NOT_ESTABLISHED,
289,,F_MIX_00526,,False,NOT_ESTABLISHED,
290,,F_MIX_00527,,False,NOT_ESTABLISHED,
291,,F_MIX_00528,,False,NOT_ESTABLISHED,
292,,F_MIX_00529,,False,NOT_ESTABLISHED,
293,,F_MIX_00530,,False,NOT_ESTABLISHED,
294,,F_MIX_00531;F_MIX_00532,,False,NOT_ESTABLISHED,
295,,F_MIX_00533;F_MIX_00534,,False,NOT_ESTABLISHED,
296,,F_MIX_00535;F_MIX_00536,,False,NOT_ESTABLISHED,
297,,F_MIX_00537;F_MIX_00538,,False,NOT_ESTABLISHED,
298,,F_MIX_00539,,False,NOT_ESTABLISHED,
299,,F_MIX_00540;F_MIX_00541,,False,NOT_ESTABLISHED,
300,,F_MIX_00542;F_MIX_00543,,False,NOT_ESTABLISHED,
301,,F_MIX_00544,,False,NOT_ESTABLISHED,
302,,F_MIX_00545,,False,NOT_ESTABLISHED,
303,,F_MIX_00546,,False,NOT_ESTABLISHED,
304,,F_MIX_00548;F_MIX_00549,,False,NOT_ESTABLISHED,
305,,F_MIX_00551,,False,NOT_ESTABLISHED,
306,,F_MIX_00554,,False,NOT_ESTABLISHED,
307,,F_MIX_00556,,False,NOT_ESTABLISHED,
308,,F_MIX_00558,,False,NOT_ESTABLISHED,
309,,F_MIX_00559;F_MIX_00560,,False,NOT_ESTABLISHED,
310,,,,False,NOT_ESTABLISHED,
311,,F_MIX_00563,,False,NOT_ESTABLISHED,
312,,F_MIX_00564;F_MIX_00565,,False,NOT_ESTABLISHED,
313,,F_MIX_00567,,False,NOT_ESTABLISHED,
314,,,,False,NOT_ESTABLISHED,
315,,F_MIX_00569,,False,NOT_ESTABLISHED,
316,,F_MIX_00570,F_MIX_00571,False,NOT_ESTABLISHED,
317,,,F_MIX_00572,False,NOT_ESTABLISHED,
318,,,F_MIX_00573,False,NOT_ESTABLISHED,
319,,F_MIX_00575,,False,NOT_ESTABLISHED,
320,,,F_MIX_00576,False,NOT_ESTABLISHED,
321,,,F_MIX_00578,False,NOT_ESTABLISHED,
322,,F_MIX_00580,F_MIX_00579,False,NOT_ESTABLISHED,
323,,F_MIX_00582,,False,NOT_ESTABLISHED,
324,,,F_MIX_00583,False,NOT_ESTABLISHED,
325,,,F_MIX_00584,False,NOT_ESTABLISHED,
326,,,F_MIX_00586,False,NOT_ESTABLISHED,
327,,F_MIX_00588,F_MIX_00587,False,NOT_ESTABLISHED,
328,,F_MIX_00589,,False,NOT_ESTABLISHED,
329,,,F_MIX_00591,False,NOT_ESTABLISHED,
330,,,F_MIX_00592,False,NOT_ESTABLISHED,
331,,F_MIX_00594,,False,NOT_ESTABLISHED,
332,,,,False,NOT_ESTABLISHED,
333,,,F_MIX_00597,False,NOT_ESTABLISHED,
334,,,F_MIX_00598,False,NOT_ESTABLISHED,
335,,,F_MIX_00600,False,NOT_ESTABLISHED,
336,,,F_MIX_00602,False,NOT_ESTABLISHED,
337,,,F_MIX_00603,False,NOT_ESTABLISHED,
338,,,F_MIX_00604,False,NOT_ESTABLISHED,
339,,F_MIX_00605,F_MIX_00606,False,NOT_ESTABLISHED,
340,,,F_MIX_00608,False,NOT_ESTABLISHED,
341,,,F_MIX_00610,False,NOT_ESTABLISHED,
342,,F_MIX_00611,F_MIX_00612,False,NOT_ESTABLISHED,
343,,,F_MIX_00613,False,NOT_ESTABLISHED,
344,,,F_MIX_00615,False,NOT_ESTABLISHED,
345,,,F_MIX_00616,False,NOT_ESTABLISHED,
346,F_MIX_00618,F_MIX_00617,,True,NOT_ESTABLISHED,
347,,,F_MIX_00620,False,NOT_ESTABLISHED,
348,,F_MIX_00622,F_MIX_00621,False,NOT_ESTABLISHED,
349,,F_MIX_00624,,False,NOT_ESTABLISHED,
350,,F_MIX_00625;F_MIX_00626,,False,NOT_ESTABLISHED,
351,,F_MIX_00628,,False,NOT_ESTABLISHED,
352,,F_MIX_00630,,False,NOT_ESTABLISHED,
353,,F_MIX_00632,,False,NOT_ESTABLISHED,
354,,,,False,NOT_ESTABLISHED,
355,,F_MIX_00635,,False,NOT_ESTABLISHED,
356,,F_MIX_00637,,False,NOT_ESTABLISHED,
357,,F_MIX_00638;F_MIX_00639,,False,NOT_ESTABLISHED,
358,,F_MIX_00640,,False,NOT_ESTABLISHED,
359,,F_MIX_00641;F_MIX_00642,,False,NOT_ESTABLISHED,
360,,F_MIX_00644;F_MIX_00645,,False,NOT_ESTABLISHED,
361,,,,False,NOT_ESTABLISHED,
362,,F_MIX_00648,,False,NOT_ESTABLISHED,
363,,F_MIX_00649,,False,NOT_ESTABLISHED,
364,,F_MIX_00650;F_MIX_00651,,False,NOT_ESTABLISHED,
365,,F_MIX_00653,,False,NOT_ESTABLISHED,
366,,,,False,NOT_ESTABLISHED,
367,,F_MIX_00656,,False,NOT_ESTABLISHED,
368,,F_MIX_00658,,False,NOT_ESTABLISHED,
369,,F_MIX_00660,,False,NOT_ESTABLISHED,
370,,,,False,NOT_ESTABLISHED,
371,,F_MIX_00662,,False,NOT_ESTABLISHED,
372,,F_MIX_00663,,False,NOT_ESTABLISHED,
373,,F_MIX_00664,,False,NOT_ESTABLISHED,
374,,F_MIX_00665,,False,NOT_ESTABLISHED,
375,,F_MIX_00666;F_MIX_00667,,False,NOT_ESTABLISHED,
376,,F_MIX_00668,,False,NOT_ESTABLISHED,
377,,F_MIX_00670,,False,NOT_ESTABLISHED,
378,,F_MIX_00671;F_MIX_00672,,False,NOT_ESTABLISHED,
379,,F_MIX_00674,,False,NOT_ESTABLISHED,
380,,F_MIX_00675,,False,NOT_ESTABLISHED,
381,,F_MIX_00676,,False,NOT_ESTABLISHED,
382,,F_MIX_00677,,False,NOT_ESTABLISHED,
383,,F_MIX_00678;F_MIX_00679,,False,NOT_ESTABLISHED,
384,,F_MIX_00681,,False,NOT_ESTABLISHED,
385,,F_MIX_00683,,False,NOT_ESTABLISHED,
386,,F_MIX_00684,,False,NOT_ESTABLISHED,
387,,F_MIX_00686,,False,NOT_ESTABLISHED,
388,,F_MIX_00687,,False,NOT_ESTABLISHED,
389,,F_MIX_00689,,False,NOT_ESTABLISHED,
390,,F_MIX_00691,,False,NOT_ESTABLISHED,
391,,F_MIX_00692;F_MIX_00693,,False,NOT_ESTABLISHED,
392,,F_MIX_00694,,False,NOT_ESTABLISHED,
393,,F_MIX_00695,,False,NOT_ESTABLISHED,
394,,F_MIX_00697,,False,NOT_ESTABLISHED,
395,,F_MIX_00699,,False,NOT_ESTABLISHED,
396,,F_MIX_00700,,False,NOT_ESTABLISHED,
397,,F_MIX_00702,,False,NOT_ESTABLISHED,
398,,,,False,NOT_ESTABLISHED,
399,,F_MIX_00705,,False,NOT_ESTABLISHED,
400,,F_MIX_00706,,False,NOT_ESTABLISHED,
401,,F_MIX_00707;F_MIX_00708,,False,NOT_ESTABLISHED,
402,,F_MIX_00710,,False,NOT_ESTABLISHED,
403,,F_MIX_00711,,False,NOT_ESTABLISHED,
404,,,,False,NOT_ESTABLISHED,
405,,F_MIX_00718,,False,NOT_ESTABLISHED,
406,,,,False,NOT_ESTABLISHED,
407,,F_MIX_00725,,False,NOT_ESTABLISHED,
408,,F_MIX_00729,,False,NOT_ESTABLISHED,
409,,F_MIX_00730,,False,NOT_ESTABLISHED,
410,,,,False,NOT_ESTABLISHED,
411,,,,False,NOT_ESTABLISHED,
412,,F_MIX_00738,,False,NOT_ESTABLISHED,
413,,F_MIX_00740;F_MIX_00741,,False,NOT_ESTABLISHED,
414,,F_MIX_00743;F_MIX_00744,,False,NOT_ESTABLISHED,
415,,F_MIX_00746,,False,NOT_ESTABLISHED,
416,,F_MIX_00749,,False,NOT_ESTABLISHED,
417,,,,False,NOT_ESTABLISHED,
418,,F_MIX_00752,,False,NOT_ESTABLISHED,
419,,F_MIX_00754,,False,NOT_ESTABLISHED,
420,,F_MIX_00757,,False,NOT_ESTABLISHED,
421,,F_MIX_00758,,False,NOT_ESTABLISHED,
422,,F_MIX_00759,,False,NOT_ESTABLISHED,
423,,F_MIX_00760,,False,NOT_ESTABLISHED,
424,,F_MIX_00762,,False,NOT_ESTABLISHED,
425,,F_MIX_00763,,False,NOT_ESTABLISHED,
426,,F_MIX_00765,,False,NOT_ESTABLISHED,
427,,F_MIX_00767,,False,NOT_ESTABLISHED,
428,,F_MIX_00768;F_MIX_00769,,False,NOT_ESTABLISHED,
429,,F_MIX_00771,,False,NOT_ESTABLISHED,
430,,F_MIX_00772;F_MIX_00773,,False,NOT_ESTABLISHED,
431,,F_MIX_00775,,False,NOT_ESTABLISHED,
432,,F_MIX_00776,,False,NOT_ESTABLISHED,
433,,F_MIX_00777,,False,NOT_ESTABLISHED,
434,,F_MIX_00778;F_MIX_00779,,False,NOT_ESTABLISHED,
435,,F_MIX_00781,,False,NOT_ESTABLISHED,
436,,F_MIX_00782,,False,NOT_ESTABLISHED,
437,,F_MIX_00784,,False,NOT_ESTABLISHED,
438,,F_MIX_00786;F_MIX_00787,,False,NOT_ESTABLISHED,
439,,F_MIX_00789,,False,NOT_ESTABLISHED,
440,,,,False,NOT_ESTABLISHED,
441,,F_MIX_00794,,False,NOT_ESTABLISHED,
442,,F_MIX_00795,,False,NOT_ESTABLISHED,
443,,F_MIX_00798,,False,NOT_ESTABLISHED,
444,,,,False,NOT_ESTABLISHED,
445,,F_MIX_00804;F_MIX_00805,,False,NOT_ESTABLISHED,
446,,F_MIX_00807,,False,NOT_ESTABLISHED,
447,,F_MIX_00808,,False,NOT_ESTABLISHED,
448,,F_MIX_00809,,False,NOT_ESTABLISHED,
449,,F_MIX_00812;F_MIX_00813,,False,NOT_ESTABLISHED,
450,,,,False,NOT_ESTABLISHED,
451,,F_MIX_00816,,False,NOT_ESTABLISHED,
452,,F_MIX_00818,,False,NOT_ESTABLISHED,
453,,F_MIX_00821;F_MIX_00822,,False,NOT_ESTABLISHED,
454,,,,False,NOT_ESTABLISHED,
455,,F_MIX_00824,,False,NOT_ESTABLISHED,
456,,F_MIX_00826,,False,NOT_ESTABLISHED,
457,,F_MIX_00828,,False,NOT_ESTABLISHED,
458,,F_MIX_00830,,False,NOT_ESTABLISHED,
459,,F_MIX_00832,,False,NOT_ESTABLISHED,
460,,F_MIX_00834,,False,NOT_ESTABLISHED,
461,,F_MIX_00837,,False,NOT_ESTABLISHED,
462,,,,False,NOT_ESTABLISHED,
463,,F_MIX_00840,,False,NOT_ESTABLISHED,
464,,F_MIX_00841;F_MIX_00842,,False,NOT_ESTABLISHED,
465,,F_MIX_00843;F_MIX_00844,,False,NOT_ESTABLISHED,
466,,F_MIX_00845;F_MIX_00846,,False,NOT_ESTABLISHED,
467,,F_MIX_00847,,False,NOT_ESTABLISHED,
468,,F_MIX_00848;F_MIX_00850,,False,NOT_ESTABLISHED,
469,,F_MIX_00851;F_MIX_00852,,False,NOT_ESTABLISHED,
470,,F_MIX_00854,,False,NOT_ESTABLISHED,
471,,F_MIX_00855;F_MIX_00856,,False,NOT_ESTABLISHED,
472,,F_MIX_00857;F_MIX_00858,,False,NOT_ESTABLISHED,
473,,F_MIX_00859;F_MIX_00860,,False,NOT_ESTABLISHED,
474,,F_MIX_00861;F_MIX_00862,,False,NOT_ESTABLISHED,
475,,F_MIX_00864,,False,NOT_ESTABLISHED,
476,,F_MIX_00865;F_MIX_00866,,False,NOT_ESTABLISHED,
477,,F_MIX_00868,,False,NOT_ESTABLISHED,
478,,F_MIX_00869;F_MIX_00870,,False,NOT_ESTABLISHED,
479,,F_MIX_00871;F_MIX_00872,,False,NOT_ESTABLISHED,
480,,F_MIX_00875,,False,NOT_ESTABLISHED,
481,,F_MIX_00877,,False,NOT_ESTABLISHED,
482,,F_MIX_00878;F_MIX_00880,,False,NOT_ESTABLISHED,
483,,F_MIX_00883,,False,NOT_ESTABLISHED,
484,,F_MIX_00886,,False,NOT_ESTABLISHED,
485,,F_MIX_00889,,False,NOT_ESTABLISHED,
486,,F_MIX_00892,,False,NOT_ESTABLISHED,
487,,F_MIX_00893,,False,NOT_ESTABLISHED,
488,,F_MIX_00895,,False,NOT_ESTABLISHED,
489,,F_MIX_00896,,False,NOT_ESTABLISHED,
490,,F_MIX_00897,,False,NOT_ESTABLISHED,
491,,F_MIX_00899,,False,NOT_ESTABLISHED,
492,,F_MIX_00900,,False,NOT_ESTABLISHED,
493,,F_MIX_00901,,False,NOT_ESTABLISHED,
494,,F_MIX_00902,,False,NOT_ESTABLISHED,
495,,F_MIX_00903,,False,NOT_ESTABLISHED,
496,,F_MIX_00904;F_MIX_00905,,False,NOT_ESTABLISHED,
497,,F_MIX_00906;F_MIX_00907,,False,NOT_ESTABLISHED,
498,,F_MIX_00908;F_MIX_00909;F_MIX_00910,,False,NOT_ESTABLISHED,
499,,F_MIX_00911,,False,NOT_ESTABLISHED,
500,,F_MIX_00912;F_MIX_00914,,False,NOT_ESTABLISHED,
501,,F_MIX_00916,,False,NOT_ESTABLISHED,
502,,F_MIX_00917;F_MIX_00919,,False,NOT_ESTABLISHED,
503,,F_MIX_00920,,False,NOT_ESTABLISHED,
504,,F_MIX_00921;F_MIX_00922,,False,NOT_ESTABLISHED,
506,,F_MIX_00923;F_MIX_00924;F_MIX_00925,,False,NOT_ESTABLISHED,
507,,F_MIX_00926;F_MIX_00928,,False,NOT_ESTABLISHED,
508,,F_MIX_00930,,False,NOT_ESTABLISHED,
509,,F_MIX_00932,,False,NOT_ESTABLISHED,
510,,F_MIX_00933;F_MIX_00934,,False,NOT_ESTABLISHED,
511,,F_MIX_00935,,False,NOT_ESTABLISHED,
512,,F_MIX_00936;F_MIX_00937,,False,NOT_ESTABLISHED,
513,,F_MIX_00938;F_MIX_00939,,False,NOT_ESTABLISHED,
514,,F_MIX_00940,,False,NOT_ESTABLISHED,
515,,F_MIX_00943,,False,NOT_ESTABLISHED,
516,,F_MIX_00944;F_MIX_00945;F_MIX_00946,,False,NOT_ESTABLISHED,
517,,F_MIX_00947;F_MIX_00948,,False,NOT_ESTABLISHED,
518,,,,False,NOT_ESTABLISHED,
519,,F_MIX_00950,,False,NOT_ESTABLISHED,
520,,F_MIX_00951,,False,NOT_ESTABLISHED,
521,,F_MIX_00952;F_MIX_00953,,False,NOT_ESTABLISHED,
522,,F_MIX_00954,,False,NOT_ESTABLISHED,
523,,F_MIX_00955,,False,NOT_ESTABLISHED,
524,,F_MIX_00957,,False,NOT_ESTABLISHED,
525,,,F_MIX_00958,False,NOT_ESTABLISHED,
526,,F_MIX_00959,,False,NOT_ESTABLISHED,
527,,F_MIX_00960,,False,NOT_ESTABLISHED,
528,,F_MIX_00961;F_MIX_00962,,False,NOT_ESTABLISHED,
529,,F_MIX_00963,,False,NOT_ESTABLISHED,
530,,F_MIX_00965,,False,NOT_ESTABLISHED,
531,,F_MIX_00966;F_MIX_00967,,False,NOT_ESTABLISHED,
532,,F_MIX_00968,,False,NOT_ESTABLISHED,
533,,F_MIX_00969;F_MIX_00970,,False,NOT_ESTABLISHED,
534,,F_MIX_00972,,False,NOT_ESTABLISHED,
535,,F_MIX_00973,,False,NOT_ESTABLISHED,
536,,F_MIX_00974,,False,NOT_ESTABLISHED,
537,,F_MIX_00975,,False,NOT_ESTABLISHED,
538,,F_MIX_00978;F_MIX_00979;F_MIX_00980;F_MIX_00981,,False,NOT_ESTABLISHED,
539,,F_MIX_00982,,False,NOT_ESTABLISHED,
540,,F_MIX_00983;F_MIX_00984,,False,NOT_ESTABLISHED,
541,,F_MIX_00985,,False,NOT_ESTABLISHED,
542,,F_MIX_00986,,False,NOT_ESTABLISHED,
543,,F_MIX_00987;F_MIX_00988,,False,NOT_ESTABLISHED,
544,,F_MIX_00989;F_MIX_00990;F_MIX_00991,,False,NOT_ESTABLISHED,
545,,F_MIX_00992;F_MIX_00993;F_MIX_00994,,False,NOT_ESTABLISHED,
546,,F_MIX_00995,,False,NOT_ESTABLISHED,
548,,F_MIX_00996,,False,NOT_ESTABLISHED,
549,,F_MIX_00997,,False,NOT_ESTABLISHED,
550,,F_MIX_00998,,False,NOT_ESTABLISHED,
551,,F_MIX_00999,,False,NOT_ESTABLISHED,
552,,F_MIX_01000,,False,NOT_ESTABLISHED,
554,,F_MIX_01001,,False,NOT_ESTABLISHED,
555,,F_MIX_01002,,False,NOT_ESTABLISHED,
556,,F_MIX_01003;F_MIX_01004,,False,NOT_ESTABLISHED,
557,,F_MIX_01005;F_MIX_01006,,False,NOT_ESTABLISHED,
558,,F_MIX_01008,,False,NOT_ESTABLISHED,
559,,F_MIX_01010,,False,NOT_ESTABLISHED,
560,,F_MIX_01012,,False,NOT_ESTABLISHED,
561,,F_MIX_01014,,False,NOT_ESTABLISHED,
562,,F_MIX_01015;F_MIX_01016,,False,NOT_ESTABLISHED,
563,,F_MIX_01017,,False,NOT_ESTABLISHED,
564,,F_MIX_01018,,False,NOT_ESTABLISHED,
565,,F_MIX_01019,,False,NOT_ESTABLISHED,
566,,F_MIX_01021,,False,NOT_ESTABLISHED,
567,,F_MIX_01022,,False,NOT_ESTABLISHED,
568,,F_MIX_01024,,False,NOT_ESTABLISHED,
569,,F_MIX_01025;F_MIX_01026,,False,NOT_ESTABLISHED,
570,,F_MIX_01027,,False,NOT_ESTABLISHED,
571,,F_MIX_01028;F_MIX_01029,,False,NOT_ESTABLISHED,
572,,F_MIX_01030;F_MIX_01032,,False,NOT_ESTABLISHED,
577,,F_MIX_01033,,False,NOT_ESTABLISHED,
578,,F_MIX_01035,,False,NOT_ESTABLISHED,
579,,F_MIX_01036,,False,NOT_ESTABLISHED,
580,,F_MIX_01040,,False,NOT_ESTABLISHED,
581,,F_MIX_01043,,False,NOT_ESTABLISHED,
582,,F_MIX_01045;F_MIX_01046,,False,NOT_ESTABLISHED,
583,,F_MIX_01049;F_MIX_01050,,False,NOT_ESTABLISHED,
584,,F_MIX_01053,,False,NOT_ESTABLISHED,
585,,F_MIX_01055,,False,NOT_ESTABLISHED,
586,,F_MIX_01056;F_MIX_01057,,False,NOT_ESTABLISHED,
587,,F_MIX_01059,,False,NOT_ESTABLISHED,
588,,F_MIX_01061,,False,NOT_ESTABLISHED,
589,,F_MIX_01063,,False,NOT_ESTABLISHED,
590,,F_MIX_01064,,False,NOT_ESTABLISHED,
591,,F_MIX_01067,,False,NOT_ESTABLISHED,
592,,F_MIX_01069,,False,NOT_ESTABLISHED,
593,,F_MIX_01070;F_MIX_01071,,False,NOT_ESTABLISHED,
594,,F_MIX_01073,,False,NOT_ESTABLISHED,
595,,F_MIX_01074,,False,NOT_ESTABLISHED,
596,,F_MIX_01075,,False,NOT_ESTABLISHED,
597,,F_MIX_01076,,False,NOT_ESTABLISHED,
598,,F_MIX_01078;F_MIX_01079,,False,NOT_ESTABLISHED,
599,,F_MIX_01080,,False,NOT_ESTABLISHED,
600,,F_MIX_01081,,False,NOT_ESTABLISHED,
601,,F_MIX_01082;F_MIX_01083,,False,NOT_ESTABLISHED,
602,,F_MIX_01084;F_MIX_01085;F_MIX_01086,,False,NOT_ESTABLISHED,
603,,F_MIX_01087;F_MIX_01088,,False,NOT_ESTABLISHED,
604,,F_MIX_01089;F_MIX_01090;F_MIX_01091,,False,NOT_ESTABLISHED,
605,,F_MIX_01092,,False,NOT_ESTABLISHED,
606,,F_MIX_01094;F_MIX_01095;F_MIX_01096;F_MIX_01097,,False,NOT_ESTABLISHED,
607,,F_MIX_01098;F_MIX_01099,,False,NOT_ESTABLISHED,
608,,F_MIX_01100,,False,NOT_ESTABLISHED,
609,,F_MIX_01101,,False,NOT_ESTABLISHED,
610,,F_MIX_01102,,False,NOT_ESTABLISHED,
611,,F_MIX_01103,F_MIX_01104,False,NOT_ESTABLISHED,
612,,,F_MIX_01106,False,NOT_ESTABLISHED,
613,,,F_MIX_01108,False,NOT_ESTABLISHED,
614,,,F_MIX_01109,False,NOT_ESTABLISHED,
615,,F_MIX_01110;F_MIX_01111,,False,NOT_ESTABLISHED,
616,,,,False,NOT_ESTABLISHED,
617,,F_MIX_01113,,False,NOT_ESTABLISHED,
618,,,F_MIX_01114,False,NOT_ESTABLISHED,
619,,F_MIX_01115,F_MIX_01116,False,NOT_ESTABLISHED,
620,,,F_MIX_01118,False,NOT_ESTABLISHED,
621,,F_MIX_01120,,False,NOT_ESTABLISHED,
622,,F_MIX_01121,,False,NOT_ESTABLISHED,
623,,F_MIX_01122;F_MIX_01123,,False,NOT_ESTABLISHED,
624,,F_MIX_01124;F_MIX_01125,,False,NOT_ESTABLISHED,
625,,F_MIX_01126,,False,NOT_ESTABLISHED,
626,,F_MIX_01127;F_MIX_01128,,False,NOT_ESTABLISHED,
627,,F_MIX_01129;F_MIX_01130,,False,NOT_ESTABLISHED,
628,,,,False,NOT_ESTABLISHED,
629,,F_MIX_01132,,False,NOT_ESTABLISHED,
630,,F_MIX_01133,,False,NOT_ESTABLISHED,
631,,F_MIX_01134;F_MIX_01135,,False,NOT_ESTABLISHED,
632,,F_MIX_01136;F_MIX_01137;F_MIX_01138,,False,NOT_ESTABLISHED,
633,,F_MIX_01139;F_MIX_01140;F_MIX_01141,,False,NOT_ESTABLISHED,
634,,F_MIX_01142;F_MIX_01143,,False,NOT_ESTABLISHED,
637,,,,False,NOT_ESTABLISHED,
640,,F_MIX_01146,,False,NOT_ESTABLISHED,
641,,F_MIX_01149,,False,NOT_ESTABLISHED,
642,,F_MIX_01150,,False,NOT_ESTABLISHED,
643,,F_MIX_01152,,False,NOT_ESTABLISHED,
644,,F_MIX_01154,,False,NOT_ESTABLISHED,
645,,,F_MIX_01156,False,NOT_ESTABLISHED,
646,,F_MIX_01158,,False,NOT_ESTABLISHED,
647,,,F_MIX_01160,False,NOT_ESTABLISHED,
648,,F_MIX_01162,,False,NOT_ESTABLISHED,
649,,F_MIX_01164,,False,NOT_ESTABLISHED,
650,,F_MIX_01166,,False,NOT_ESTABLISHED,
651,,F_MIX_01167;F_MIX_01168,,False,NOT_ESTABLISHED,
652,,F_MIX_01169,,False,NOT_ESTABLISHED,
653,,F_MIX_01172,,False,NOT_ESTABLISHED,
654,,F_MIX_01173,,False,NOT_ESTABLISHED,
655,,,F_MIX_01175,False,NOT_ESTABLISHED,
656,,,,False,NOT_ESTABLISHED,
657,,,F_MIX_01178,False,NOT_ESTABLISHED,
658,,F_MIX_01179,,False,NOT_ESTABLISHED,
659,,F_MIX_01181;F_MIX_01182,,False,NOT_ESTABLISHED,
660,,F_MIX_01184,,False,NOT_ESTABLISHED,
661,,F_MIX_01187,,False,NOT_ESTABLISHED,
662,,F_MIX_01189,,False,NOT_ESTABLISHED,
663,,F_MIX_01191,,False,NOT_ESTABLISHED,
664,,F_MIX_01193,,False,NOT_ESTABLISHED,
665,,,F_MIX_01195,False,NOT_ESTABLISHED,
666,,F_MIX_01197,,False,NOT_ESTABLISHED,
667,,F_MIX_01199,,False,NOT_ESTABLISHED,
668,,F_MIX_01202,,False,NOT_ESTABLISHED,
669,,,,False,NOT_ESTABLISHED,
670,,F_MIX_01205,,False,NOT_ESTABLISHED,
671,,F_MIX_01206;F_MIX_01207,,False,NOT_ESTABLISHED,
672,,F_MIX_01208,,False,NOT_ESTABLISHED,
673,,,,False,NOT_ESTABLISHED,
674,,F_MIX_01210,,False,NOT_ESTABLISHED,
675,,F_MIX_01212,,False,NOT_ESTABLISHED,
676,,F_MIX_01214,,False,NOT_ESTABLISHED,
677,,F_MIX_01215,F_MIX_01216,False,NOT_ESTABLISHED,
678,,F_MIX_01217;F_MIX_01218;F_MIX_01219,,False,NOT_ESTABLISHED,
679,,,F_MIX_01221,False,NOT_ESTABLISHED,
680,,F_MIX_01223,,False,NOT_ESTABLISHED,
681,,F_MIX_01224,F_MIX_01225,False,NOT_ESTABLISHED,
682,,F_MIX_01226,,False,NOT_ESTABLISHED,
683,,F_MIX_01227;F_MIX_01228,F_MIX_01229,False,NOT_ESTABLISHED,
684,,F_MIX_01231,,False,NOT_ESTABLISHED,
685,,F_MIX_01233,F_MIX_01234,False,NOT_ESTABLISHED,
686,,F_MIX_01236,F_MIX_01237,False,NOT_ESTABLISHED,
687,,F_MIX_01238;F_MIX_01239,,False,NOT_ESTABLISHED,
688,,F_MIX_01240,,False,NOT_ESTABLISHED,
689,,F_MIX_01242,,False,NOT_ESTABLISHED,
690,,F_MIX_01244,,False,NOT_ESTABLISHED,
691,,F_MIX_01246;F_MIX_01247,,False,NOT_ESTABLISHED,
692,,F_MIX_01248,,False,NOT_ESTABLISHED,
693,,F_MIX_01250,F_MIX_01251,False,NOT_ESTABLISHED,
694,,F_MIX_01252;F_MIX_01253,,False,NOT_ESTABLISHED,
695,,F_MIX_01255,,False,NOT_ESTABLISHED,
696,,F_MIX_01256;F_MIX_01257,,False,NOT_ESTABLISHED,
697,,F_MIX_01258,,False,NOT_ESTABLISHED,
698,,F_MIX_01259,,False,NOT_ESTABLISHED,
699,,F_MIX_01260;F_MIX_01261,,False,NOT_ESTABLISHED,
700,,F_MIX_01263,,False,NOT_ESTABLISHED,
701,,F_MIX_01264,,False,NOT_ESTABLISHED,
702,,F_MIX_01265;F_MIX_01266,,False,NOT_ESTABLISHED,
703,,F_MIX_01268,,False,NOT_ESTABLISHED,
704,,F_MIX_01269;F_MIX_01270,,False,NOT_ESTABLISHED,
705,,F_MIX_01271;F_MIX_01272,,False,NOT_ESTABLISHED,
706,,F_MIX_01274,,False,NOT_ESTABLISHED,
707,,F_MIX_01275;F_MIX_01276,,False,NOT_ESTABLISHED,
708,,F_MIX_01277,,False,NOT_ESTABLISHED,
709,,F_MIX_01278,,False,NOT_ESTABLISHED,
710,,F_MIX_01280;F_MIX_01281,,False,NOT_ESTABLISHED,
711,,F_MIX_01283,,False,NOT_ESTABLISHED,
712,,F_MIX_01285,,False,NOT_ESTABLISHED,
713,,F_MIX_01286;F_MIX_01287,,False,NOT_ESTABLISHED,
714,,F_MIX_01289;F_MIX_01290,,False,NOT_ESTABLISHED,
715,,F_MIX_01292,,False,NOT_ESTABLISHED,
716,,F_MIX_01294,,False,NOT_ESTABLISHED,
717,,F_MIX_01295;F_MIX_01296;F_MIX_01297,,False,NOT_ESTABLISHED,
718,,F_MIX_01298,,False,NOT_ESTABLISHED,
719,,F_MIX_01300,,False,NOT_ESTABLISHED,
720,,F_MIX_01302,,False,NOT_ESTABLISHED,
721,,F_MIX_01305,,False,NOT_ESTABLISHED,
722,,F_MIX_01307,,False,NOT_ESTABLISHED,
723,,F_MIX_01308,,False,NOT_ESTABLISHED,
724,,F_MIX_01309;F_MIX_01310,,False,NOT_ESTABLISHED,
725,,F_MIX_01311,,False,NOT_ESTABLISHED,
726,,F_MIX_01312,,False,NOT_ESTABLISHED,
727,,F_MIX_01314,,False,NOT_ESTABLISHED,
728,,F_MIX_01315;F_MIX_01316,,False,NOT_ESTABLISHED,
729,,F_MIX_01317;F_MIX_01318,,False,NOT_ESTABLISHED,
730,,F_MIX_01319;F_MIX_01320,,False,NOT_ESTABLISHED,
731,,F_MIX_01321;F_MIX_01322,,False,NOT_ESTABLISHED,
732,,F_MIX_01323;F_MIX_01324,,False,NOT_ESTABLISHED,
733,,F_MIX_01326,,False,NOT_ESTABLISHED,
734,,F_MIX_01327;F_MIX_01328,,False,NOT_ESTABLISHED,
735,,F_MIX_01329;F_MIX_01330,,False,NOT_ESTABLISHED,
736,,F_MIX_01331,,False,NOT_ESTABLISHED,
737,,,,False,NOT_ESTABLISHED,
738,,F_MIX_01334,,False,NOT_ESTABLISHED,
739,,F_MIX_01336,,False,NOT_ESTABLISHED,
740,,F_MIX_01337,,False,NOT_ESTABLISHED,
741,,F_MIX_01340,,False,NOT_ESTABLISHED,
742,,F_MIX_01343,,False,NOT_ESTABLISHED,
743,F_MIX_01345,F_MIX_01346,,True,NOT_ESTABLISHED,
744,,F_MIX_01348,F_MIX_01347,False,NOT_ESTABLISHED,
745,,,F_MIX_01350,False,NOT_ESTABLISHED,
746,,F_MIX_01351,,False,NOT_ESTABLISHED,
747,,F_MIX_01352,F_MIX_01353,False,NOT_ESTABLISHED,
748,,F_MIX_01355,,False,NOT_ESTABLISHED,
749,,F_MIX_01356,F_MIX_01357,False,NOT_ESTABLISHED,
750,,,F_MIX_01358,False,NOT_ESTABLISHED,
751,,F_MIX_01359,F_MIX_01360,False,NOT_ESTABLISHED,
752,,,F_MIX_01361;F_MIX_01362,False,NOT_ESTABLISHED,
753,,,F_MIX_01364,False,NOT_ESTABLISHED,
754,,F_MIX_01365,,False,NOT_ESTABLISHED,
755,,,F_MIX_01367,False,NOT_ESTABLISHED,
756,,F_MIX_01369,,False,NOT_ESTABLISHED,
757,,,F_MIX_01371,False,NOT_ESTABLISHED,
758,,F_MIX_01372,,False,NOT_ESTABLISHED,
759,,,F_MIX_01374,False,NOT_ESTABLISHED,
760,,F_MIX_01375;F_MIX_01376,,False,NOT_ESTABLISHED,
761,,F_MIX_01377,F_MIX_01378,False,NOT_ESTABLISHED,
762,,F_MIX_01379,,False,NOT_ESTABLISHED,
763,,F_MIX_01381,,False,NOT_ESTABLISHED,
764,,F_MIX_01382,,False,NOT_ESTABLISHED,
765,,F_MIX_01383,F_MIX_01384,False,NOT_ESTABLISHED,
766,,F_MIX_01386,,False,NOT_ESTABLISHED,
767,,F_MIX_01388,,False,NOT_ESTABLISHED,
768,,F_MIX_01390,,False,NOT_ESTABLISHED,
769,,F_MIX_01392,,False,NOT_ESTABLISHED,
770,,F_MIX_01393,,False,NOT_ESTABLISHED,
771,,F_MIX_01394,,False,NOT_ESTABLISHED,
772,,F_MIX_01396,,False,NOT_ESTABLISHED,
773,,F_MIX_01398,,False,NOT_ESTABLISHED,
774,,F_MIX_01399,,False,NOT_ESTABLISHED,
775,,F_MIX_01400,,False,NOT_ESTABLISHED,
776,,F_MIX_01402,,False,NOT_ESTABLISHED,
777,,,F_MIX_01405,False,NOT_ESTABLISHED,
778,,,F_MIX_01408,False,NOT_ESTABLISHED,
779,,,F_MIX_01410,False,NOT_ESTABLISHED,
780,,,F_MIX_01412,False,NOT_ESTABLISHED,
781,,,F_MIX_01414,False,NOT_ESTABLISHED,
782,,F_MIX_01415;F_MIX_01416,,False,NOT_ESTABLISHED,
783,,F_MIX_01417,,False,NOT_ESTABLISHED,
784,,F_MIX_01419,,False,NOT_ESTABLISHED,
785,,F_MIX_01420,,False,NOT_ESTABLISHED,
786,,F_MIX_01422,,False,NOT_ESTABLISHED,
787,,F_MIX_01424,,False,NOT_ESTABLISHED,
788,,F_MIX_01426;F_MIX_01427,,False,NOT_ESTABLISHED,
789,,F_MIX_01428,,False,NOT_ESTABLISHED,
790,,F_MIX_01429,,False,NOT_ESTABLISHED,
791,,F_MIX_01430,,False,NOT_ESTABLISHED,
792,,F_MIX_01433,,False,NOT_ESTABLISHED,
793,,F_MIX_01434,,False,NOT_ESTABLISHED,
794,,F_MIX_01436,,False,NOT_ESTABLISHED,
795,,F_MIX_01438,,False,NOT_ESTABLISHED,
796,,F_MIX_01440,,False,NOT_ESTABLISHED,
797,,F_MIX_01441;F_MIX_01442,,False,NOT_ESTABLISHED,
798,,F_MIX_01443,,False,NOT_ESTABLISHED,
799,,F_MIX_01444,,False,NOT_ESTABLISHED,
800,,F_MIX_01446,,False,NOT_ESTABLISHED,
801,,F_MIX_01448,,False,NOT_ESTABLISHED,
802,,F_MIX_01449,,False,NOT_ESTABLISHED,
803,,F_MIX_01450;F_MIX_01451,,False,NOT_ESTABLISHED,
804,,F_MIX_01453,,False,NOT_ESTABLISHED,
805,,F_MIX_01455,,False,NOT_ESTABLISHED,
806,,F_MIX_01456,,False,NOT_ESTABLISHED,
807,,F_MIX_01458,,False,NOT_ESTABLISHED,
808,,F_MIX_01460,,False,NOT_ESTABLISHED,
809,,F_MIX_01461;F_MIX_01462,,False,NOT_ESTABLISHED,
810,,,F_MIX_01463,False,NOT_ESTABLISHED,
811,,,F_MIX_01465,False,NOT_ESTABLISHED,
812,,,F_MIX_01467,False,NOT_ESTABLISHED,
813,,F_MIX_01469,,False,NOT_ESTABLISHED,
814,,,F_MIX_01470,False,NOT_ESTABLISHED,
815,,F_MIX_01471;F_MIX_01472,,False,NOT_ESTABLISHED,
816,,F_MIX_01473;F_MIX_01474,,False,NOT_ESTABLISHED,
817,,,,False,NOT_ESTABLISHED,
818,,F_MIX_01478,,False,NOT_ESTABLISHED,
819,,,F_MIX_01480,False,NOT_ESTABLISHED,
820,,F_MIX_01482,,False,NOT_ESTABLISHED,
821,,F_MIX_01483,F_MIX_01484,False,NOT_ESTABLISHED,
822,,F_MIX_01486,F_MIX_01487,False,NOT_ESTABLISHED,
823,,F_MIX_01488,,False,NOT_ESTABLISHED,
824,,F_MIX_01490;F_MIX_01491,,False,NOT_ESTABLISHED,
825,,F_MIX_01493;F_MIX_01494,,False,NOT_ESTABLISHED,
826,,F_MIX_01497,,False,NOT_ESTABLISHED,
827,,F_MIX_01499,,False,NOT_ESTABLISHED,
828,,F_MIX_01500,,False,NOT_ESTABLISHED,
829,,F_MIX_01502,,False,NOT_ESTABLISHED,
830,,F_MIX_01504,,False,NOT_ESTABLISHED,
831,,F_MIX_01505,,False,NOT_ESTABLISHED,
832,,F_MIX_01506,,False,NOT_ESTABLISHED,
833,,F_MIX_01507,,False,NOT_ESTABLISHED,
834,,F_MIX_01508,,False,NOT_ESTABLISHED,
835,,F_MIX_01509,,False,NOT_ESTABLISHED,
836,,F_MIX_01511,F_MIX_01510,False,NOT_ESTABLISHED,
837,,,F_MIX_01513,False,NOT_ESTABLISHED,
838,,F_MIX_01514,,False,NOT_ESTABLISHED,
839,,,F_MIX_01515,False,NOT_ESTABLISHED,
840,,,F_MIX_01516,False,NOT_ESTABLISHED,
841,,F_MIX_01518,F_MIX_01517,False,NOT_ESTABLISHED,
842,,,F_MIX_01519,False,NOT_ESTABLISHED,
843,,,F_MIX_01520,False,NOT_ESTABLISHED,
844,,,F_MIX_01521,False,NOT_ESTABLISHED,
845,,,F_MIX_01523,False,NOT_ESTABLISHED,
846,,,F_MIX_01524,False,NOT_ESTABLISHED,
847,,,F_MIX_01525,False,NOT_ESTABLISHED,
848,F_MIX_01526,F_MIX_01527,,True,NOT_ESTABLISHED,
849,,F_MIX_01529,,False,NOT_ESTABLISHED,
850,,,F_MIX_01531,False,NOT_ESTABLISHED,
851,,F_MIX_01533,,False,NOT_ESTABLISHED,
852,,F_MIX_01535,F_MIX_01534,False,NOT_ESTABLISHED,
853,,,F_MIX_01536,False,NOT_ESTABLISHED,
854,,F_MIX_01537,,False,NOT_ESTABLISHED,
855,,,,False,NOT_ESTABLISHED,
856,,F_MIX_01539,,False,NOT_ESTABLISHED,
857,,F_MIX_01540,,False,NOT_ESTABLISHED,
858,,F_MIX_01541,,False,NOT_ESTABLISHED,
859,,F_MIX_01543,,False,NOT_ESTABLISHED,
860,,,F_MIX_01544,False,NOT_ESTABLISHED,
861,,,F_MIX_01545,False,NOT_ESTABLISHED,
862,,,F_MIX_01547,False,NOT_ESTABLISHED,
863,,,,False,NOT_ESTABLISHED,
864,,,F_MIX_01550,False,NOT_ESTABLISHED,
865,,F_MIX_01551,,False,NOT_ESTABLISHED,
866,,,F_MIX_01552,False,NOT_ESTABLISHED,
867,,F_MIX_01554,,False,NOT_ESTABLISHED,
868,,F_MIX_01555,,False,NOT_ESTABLISHED,
869,F_MIX_01556,,,False,NOT_ESTABLISHED,
870,,,F_MIX_01557,False,NOT_ESTABLISHED,
871,,,,False,NOT_ESTABLISHED,
872,,,F_MIX_01560,False,NOT_ESTABLISHED,
873,,,,False,NOT_ESTABLISHED,
874,,,F_MIX_01563,False,NOT_ESTABLISHED,
875,,,F_MIX_01565,False,NOT_ESTABLISHED,
876,,,F_MIX_01567,False,NOT_ESTABLISHED,
877,,,,False,NOT_ESTABLISHED,
878,,,F_MIX_01569,False,NOT_ESTABLISHED,
879,,,,False,NOT_ESTABLISHED,
880,,,F_MIX_01572,False,NOT_ESTABLISHED,
881,,,,False,NOT_ESTABLISHED,
882,,F_MIX_01574,,False,NOT_ESTABLISHED,
883,,,,False,NOT_ESTABLISHED,
884,,F_MIX_01577,,False,NOT_ESTABLISHED,
885,,,,False,NOT_ESTABLISHED,
886,,F_MIX_01579,,False,NOT_ESTABLISHED,
887,,F_MIX_01580,,False,NOT_ESTABLISHED,
888,,F_MIX_01582,,False,NOT_ESTABLISHED,
889,,F_MIX_01584,,False,NOT_ESTABLISHED,
890,,F_MIX_01585,,False,NOT_ESTABLISHED,
891,,F_MIX_01587,,False,NOT_ESTABLISHED,
892,,F_MIX_01588,,False,NOT_ESTABLISHED,
893,,,,False,NOT_ESTABLISHED,
894,,,F_MIX_01591,False,NOT_ESTABLISHED,
895,,,,False,NOT_ESTABLISHED,
896,,,F_MIX_01594,False,NOT_ESTABLISHED,
897,,F_MIX_01595,,False,NOT_ESTABLISHED,
898,,F_MIX_01596;F_MIX_01597,,False,NOT_ESTABLISHED,
899,,,,False,NOT_ESTABLISHED,
900,,F_MIX_01600,,False,NOT_ESTABLISHED,
901,,,,False,NOT_ESTABLISHED,
902,,,F_MIX_01602,False,NOT_ESTABLISHED,
903,,,,False,NOT_ESTABLISHED,
904,,F_MIX_01604,,False,NOT_ESTABLISHED,
905,,F_MIX_01605,,False,NOT_ESTABLISHED,
