quarter_ID,measure,beat,PLP_time_s,BMIG_time_s,DMIG_time_s,GRID_DELTA_ms,MIDPOINT_time_s,B_DISPLAY_ms,D_DISPLAY_ms,Bass_anchor,Bass_anchor_ID,Drum_anchor,Drum_anchor_ID,observed_count_measure,relation_status,primary_statistic_included,displayed,square_marker,coordinate_authority
Q131,M33,1,47.78666666666667,47.763533900226754,47.73442176870748,29.11213151927683,47.74897783446711,14.556065759638415,-14.556065759638415,YES,HF001,NO,,3,RECONSTRUCTED_CONTEXT_ONLY,NO,YES,YES,JGA_MEASURE_INTERNAL_PULSE_GRID_20260925
Q132,M33,2,48.15818594104309,48.169516738880375,48.12587704658398,43.63969229639508,48.14769689273218,21.81984614819754,-21.81984614819754,YES,HF002,YES,F_MIX_00253,3,OBSERVED_RELATION,YES,YES,NO,FINAL_ANCHORED_BMIG_DMIG_20260925
Q133,M33,3,48.529705215419504,48.57074716705914,48.53573470913793,35.0124579212121,48.55324093809853,17.50622896060605,-17.50622896060605,YES,HF004,YES,F_MIX_00254,3,OBSERVED_RELATION,YES,YES,NO,FINAL_ANCHORED_BMIG_DMIG_20260925
Q134,M33,4,48.901224489795915,48.92994367783088,48.905255771472866,24.68790635801099,48.91759972465187,12.343953179005496,-12.343953179005496,YES,HF006,YES,F_MIX_00255,3,OBSERVED_RELATION,YES,YES,NO,FINAL_ANCHORED_BMIG_DMIG_20260925
Q135,M34,1,49.27274376417233,49.31781750854819,49.283391371063246,34.42613748494239,49.30060443980572,17.213068742471194,-17.213068742471194,YES,HF007,YES,F_MIX_00257,4,OBSERVED_RELATION,YES,YES,NO,FINAL_ANCHORED_BMIG_DMIG_20260925
Q136,M34,2,49.64426303854875,49.67500599458027,49.654592138552374,20.413856027893473,49.66479906656632,10.206928013946737,-10.206928013946737,YES,HF008,YES,F_MIX_00259,4,OBSERVED_RELATION,YES,YES,NO,FINAL_ANCHORED_BMIG_DMIG_20260925
Q137,M34,3,50.01578231292517,50.03946996264314,50.0187066315172,20.76333112594142,50.029088297080165,10.38166556297071,-10.38166556297071,YES,HF009,YES,F_MIX_00260,4,OBSERVED_RELATION,YES,YES,NO,FINAL_ANCHORED_BMIG_DMIG_20260925
Q138,M34,4,50.387301587301586,50.365533283084574,50.3960774446649,-30.544161580323248,50.380805363874735,-15.272080790161624,15.272080790161624,YES,HF010,YES,F_MIX_00261,4,OBSERVED_RELATION,YES,YES,NO,FINAL_ANCHORED_BMIG_DMIG_20260925
Q139,M35,1,50.758820861678004,,,,,,,NO,,YES,F_MIX_00262,1,UNSUPPORTED,NO,NO,NO,NONE
Q140,M35,2,51.1071201814059,51.17352971853769,51.13014793982315,43.38177871453297,51.15183882918042,21.690889357266485,-21.690889357266485,YES,HF011,YES,F_MIX_00264,1,OBSERVED_RELATION,YES,YES,NO,FINAL_ANCHORED_BMIG_DMIG_20260925
Q141,M35,3,51.478639455782314,,,,,,,NO,,NO,,1,UNSUPPORTED,NO,NO,NO,NONE
Q142,M35,4,51.85015873015873,,,,,,,YES,HF013,NO,,1,UNSUPPORTED,NO,NO,NO,NONE
Q143,M36,1,52.22167800453515,52.290964160911145,52.245413494312594,45.550666598551004,52.268188827611866,22.775333299275502,-22.775333299275502,YES,HF014,YES,F_MIX_00270,4,OBSERVED_RELATION,YES,YES,NO,FINAL_ANCHORED_BMIG_DMIG_20260925
Q144,M36,2,52.59319727891157,52.59098747432212,52.61563113096154,-24.643656639419476,52.60330930264183,-12.321828319709738,12.321828319709738,YES,HF015,YES,F_MIX_00272,4,OBSERVED_RELATION,YES,YES,NO,FINAL_ANCHORED_BMIG_DMIG_20260925
Q145,M36,3,52.964716553287985,52.97462896062302,52.97512999724846,-0.5010366254367682,52.97487947893574,-0.2505183127183841,0.2505183127183841,YES,HF016,YES,F_MIX_00274,4,OBSERVED_RELATION,YES,YES,NO,FINAL_ANCHORED_BMIG_DMIG_20260925
Q146,M36,4,53.336235827664396,53.34841612609383,53.32721831216219,21.197813931642884,53.33781721912801,10.598906965821442,-10.598906965821442,YES,HF017,YES,F_MIX_00275,4,OBSERVED_RELATION,YES,YES,NO,FINAL_ANCHORED_BMIG_DMIG_20260925
Q147,M37,1,53.707755102040814,53.714246213622204,53.69434882851225,19.897385109956645,53.704297521067225,9.948692554978322,-9.948692554978322,YES,HF018,YES,F_MIX_00277,3,OBSERVED_RELATION,YES,YES,NO,FINAL_ANCHORED_BMIG_DMIG_20260925
Q148,M37,2,54.07927437641723,54.07177626606198,54.05944066515495,12.335600907029232,54.06560846560846,6.167800453514616,-6.167800453514616,NO,,YES,F_MIX_00279,3,RECONSTRUCTED_CONTEXT_ONLY,NO,YES,YES,JGA_MEASURE_INTERNAL_PULSE_GRID_20260925
Q149,M37,3,54.427573696145124,54.41407304660466,54.42637065941684,-12.29761281217634,54.42022185301075,-6.14880640608817,6.14880640608817,YES,HF019,YES,F_MIX_00281,3,OBSERVED_RELATION,YES,YES,NO,FINAL_ANCHORED_BMIG_DMIG_20260925
Q150,M37,4,54.79909297052154,54.78422042732892,54.787642368836856,-3.4219415079377313,54.78593139808289,-1.7109707539688657,1.7109707539688657,YES,HF020,YES,F_MIX_00283,3,OBSERVED_RELATION,YES,YES,NO,FINAL_ANCHORED_BMIG_DMIG_20260925
Q151,M38,1,55.17061224489796,55.164158409893076,55.14722491780788,16.93349208519379,55.155691663850476,8.466746042596895,-8.466746042596895,YES,HF021,YES,F_MIX_00284,4,OBSERVED_RELATION,YES,YES,NO,FINAL_ANCHORED_BMIG_DMIG_20260925
Q152,M38,2,55.54213151927438,55.53250935938032,55.50848317568918,24.02618369114151,55.52049626753475,12.013091845570756,-12.013091845570756,YES,HF022,YES,F_MIX_00285,4,OBSERVED_RELATION,YES,YES,NO,FINAL_ANCHORED_BMIG_DMIG_20260925
Q153,M38,3,55.89043083900227,55.875374688026874,55.87745997090484,-2.0852828779638344,55.87641732946585,-1.0426414389819172,1.0426414389819172,YES,HF023,YES,F_MIX_00287,4,OBSERVED_RELATION,YES,YES,NO,FINAL_ANCHORED_BMIG_DMIG_20260925
Q154,M38,4,56.26195011337869,56.23122306478659,56.24129271767763,-10.069652891040448,56.236257891232114,-5.034826445520224,5.034826445520224,YES,HF024,YES,F_MIX_00289,4,OBSERVED_RELATION,YES,YES,NO,FINAL_ANCHORED_BMIG_DMIG_20260925
Q155,M39,1,56.610249433106574,56.60626057648721,56.60889308260091,-2.632506113698696,56.60757682954406,-1.316253056849348,1.316253056849348,YES,HF025,YES,F_MIX_00291,4,OBSERVED_RELATION,YES,YES,NO,FINAL_ANCHORED_BMIG_DMIG_20260925
Q156,M39,2,56.98176870748299,56.94249842303087,56.94817178910838,-5.673366077509456,56.94533510606962,-2.836683038754728,2.836683038754728,YES,HF026,YES,F_MIX_00292,4,OBSERVED_RELATION,YES,YES,NO,FINAL_ANCHORED_BMIG_DMIG_20260925
Q157,M39,3,57.330068027210885,57.21529331975333,57.248741168724365,-33.447848971036365,57.23201724423885,-16.723924485518182,16.723924485518182,YES,HF028,YES,F_MIX_00293,4,OBSERVED_RELATION,YES,YES,NO,FINAL_ANCHORED_BMIG_DMIG_20260925
Q158,M39,4,57.67836734693878,57.589948301931784,57.66624497259067,-76.29667065888412,57.62809663726122,-38.14833532944206,38.14833532944206,YES,HF030,YES,F_MIX_00295,4,OBSERVED_RELATION,YES,YES,NO,FINAL_ANCHORED_BMIG_DMIG_20260925
Q159,M40,1,58.026666666666664,58.0988193205361,57.985719952939505,113.09936759659678,58.0422696367378,56.54968379829839,-56.54968379829839,YES,HF031,YES,F_MIX_00296,3,OBSERVED_RELATION,YES,YES,NO,FINAL_ANCHORED_BMIG_DMIG_20260925
Q160,M40,2,58.39818594104308,58.45027135503804,58.37192048876103,78.35086627701315,58.41109592189953,39.17543313850658,-39.17543313850658,YES,HF032,YES,F_MIX_00298,3,OBSERVED_RELATION,YES,YES,NO,FINAL_ANCHORED_BMIG_DMIG_20260925
Q161,M40,3,58.746485260770974,58.80320470077621,58.71595019273889,87.2545080373257,58.75957744675755,43.62725401866285,-43.62725401866285,YES,HF033,YES,F_MIX_00300,3,OBSERVED_RELATION,YES,YES,NO,FINAL_ANCHORED_BMIG_DMIG_20260925
Q162,M40,4,59.11800453514739,59.141545124716544,59.144126984126984,-2.5818594104407566,59.142836054421764,-1.2909297052203783,1.2909297052203783,NO,,YES,F_MIX_00303,3,RECONSTRUCTED_CONTEXT_ONLY,NO,YES,YES,JGA_MEASURE_INTERNAL_PULSE_GRID_20260925
Q163,M41,1,59.466303854875285,59.52278931169095,59.52538449295764,-2.5951812666917817,59.5240869023243,-1.2975906333458909,1.2975906333458909,YES,HF035,YES,F_MIX_00305,2,OBSERVED_RELATION,YES,YES,NO,FINAL_ANCHORED_BMIG_DMIG_20260925
Q164,M41,2,59.8378231292517,59.8977089687903,59.88396363655621,13.74533223408747,59.89083630267325,6.872666117043735,-6.872666117043735,YES,HF036,YES,F_MIX_00306,2,OBSERVED_RELATION,YES,YES,NO,FINAL_ANCHORED_BMIG_DMIG_20260925
Q165,M41,3,60.20934240362812,,,,,,,YES,HF037,NO,,2,UNSUPPORTED,NO,NO,NO,NONE
Q166,M41,4,60.58086167800454,,,,,,,YES,HF038,NO,,2,UNSUPPORTED,NO,NO,NO,NONE
Q167,M42,1,60.929160997732424,,,,,,,YES,HF039,NO,,1,UNSUPPORTED,NO,NO,NO,NONE
Q168,M42,2,61.32390022675737,,,,,,,NO,,NO,,1,UNSUPPORTED,NO,NO,NO,NONE
Q169,M42,3,61.695419501133784,61.67547342025145,61.61649893241693,58.97448783451864,61.64598617633419,29.48724391725932,-29.48724391725932,YES,HF040,YES,F_MIX_00317,1,OBSERVED_RELATION,YES,YES,NO,FINAL_ANCHORED_BMIG_DMIG_20260925
Q170,M42,4,62.0669387755102,,,,,,,YES,HF042,NO,,1,UNSUPPORTED,NO,NO,NO,NONE
Q171,M43,1,62.43845804988662,,,,,,,NO,,YES,F_MIX_00321,0,UNSUPPORTED,NO,NO,NO,NONE
Q172,M43,2,62.80997732426304,,,,,,,YES,HF043,NO,,0,UNSUPPORTED,NO,NO,NO,NONE
Q173,M43,3,63.181496598639455,,,,,,,YES,HF044,NO,,0,UNSUPPORTED,NO,NO,NO,NONE
Q174,M43,4,63.52979591836735,,,,,,,NO,,YES,F_MIX_00326,0,UNSUPPORTED,NO,NO,NO,NONE
Q175,M44,1,63.901315192743766,63.932614168725536,63.827330227464046,105.2839412614901,63.87997219809479,52.64197063074505,-52.64197063074505,YES,HF045,YES,F_MIX_00327,4,OBSERVED_RELATION,YES,YES,NO,FINAL_ANCHORED_BMIG_DMIG_20260925
Q176,M44,2,64.27283446712018,64.41051263051385,64.2396581170555,170.85451345835168,64.32508537378467,85.42725672917584,-85.42725672917584,YES,HF046,YES,F_MIX_00328,4,OBSERVED_RELATION,YES,YES,NO,FINAL_ANCHORED_BMIG_DMIG_20260925
Q177,M44,3,64.62113378684808,64.75111701942346,64.620749553049,130.36746637446583,64.68593328623624,65.18373318723292,-65.18373318723292,YES,HF047,YES,F_MIX_00330,4,OBSERVED_RELATION,YES,YES,NO,FINAL_ANCHORED_BMIG_DMIG_20260925
Q178,M44,4,64.99265306122449,64.98552377647518,64.9823089068562,3.214869618972216,64.98391634166569,1.607434809486108,-1.607434809486108,YES,HF048,YES,F_MIX_00332,4,OBSERVED_RELATION,YES,YES,NO,FINAL_ANCHORED_BMIG_DMIG_20260925
Q179,M45,1,65.34095238095239,65.3261407053837,65.3421882906742,-16.047585290507982,65.33416449802894,-8.023792645253991,8.023792645253991,YES,HF049,YES,F_MIX_00334,1,OBSERVED_RELATION,YES,YES,NO,FINAL_ANCHORED_BMIG_DMIG_20260925
Q180,M45,2,65.68925170068027,,,,,,,NO,,YES,F_MIX_00335,1,UNSUPPORTED,NO,NO,NO,NONE
Q181,M45,3,66.06077097505668,,,,,,,YES,HF050,NO,,1,UNSUPPORTED,NO,NO,NO,NONE
Q182,M45,4,66.40907029478458,,,,,,,YES,HF051,NO,,1,UNSUPPORTED,NO,NO,NO,NONE
Q183,M46,1,66.780589569161,66.75609286888495,66.70314129899425,52.95156989069483,66.7296170839396,26.475784945347414,-26.475784945347414,YES,HF052,YES,F_MIX_00339,3,OBSERVED_RELATION,YES,YES,NO,FINAL_ANCHORED_BMIG_DMIG_20260925
Q184,M46,2,67.1288888888889,67.08387755102041,67.09018896447468,-6.3114134542701095,67.08703325774755,-3.1557067271350547,3.1557067271350547,YES,HF053,NO,,3,RECONSTRUCTED_CONTEXT_ONLY,NO,YES,YES,JGA_MEASURE_INTERNAL_PULSE_GRID_20260925
Q185,M46,3,67.47718820861678,67.4807437445583,67.49848070842671,-17.7369638684155,67.48961222649251,-8.86848193420775,8.86848193420775,YES,HF054,YES,F_MIX_00343,3,OBSERVED_RELATION,YES,YES,NO,FINAL_ANCHORED_BMIG_DMIG_20260925
Q186,M46,4,67.84870748299319,67.91869305556057,67.87067654408241,48.01651147815278,67.89468479982149,24.00825573907639,-24.00825573907639,YES,HF055,YES,F_MIX_00345,3,OBSERVED_RELATION,YES,YES,NO,FINAL_ANCHORED_BMIG_DMIG_20260925
Q187,M47,1,68.19700680272109,68.17886428633545,68.20696869018532,-28.104403849866344,68.19291648826038,-14.052201924933172,14.052201924933172,YES,HF056,YES,F_MIX_00347,2,OBSERVED_RELATION,YES,YES,NO,FINAL_ANCHORED_BMIG_DMIG_20260925
Q188,M47,2,68.5685260770975,,,,,,,YES,HF057,NO,,2,UNSUPPORTED,NO,NO,NO,NONE
Q189,M47,3,68.9168253968254,68.94583504144258,68.85234448616959,93.49055527299299,68.89908976380607,46.745277636496496,-46.745277636496496,YES,HF058,YES,F_MIX_00351,2,OBSERVED_RELATION,YES,YES,NO,FINAL_ANCHORED_BMIG_DMIG_20260925
Q190,M47,4,69.28834467120181,,,,,,,YES,HF059,NO,,2,UNSUPPORTED,NO,NO,NO,NONE
Q191,M48,1,69.6366439909297,69.65334505877024,69.64459717741836,8.747881351879983,69.6489711180943,4.373940675939991,-4.373940675939991,YES,HF060,YES,F_MIX_00355,4,OBSERVED_RELATION,YES,YES,NO,FINAL_ANCHORED_BMIG_DMIG_20260925
Q192,M48,2,69.9849433106576,70.00755076459265,70.01947475048829,-11.923985895634814,70.01351275754047,-5.961992947817407,5.961992947817407,YES,HF061,YES,F_MIX_00357,4,OBSERVED_RELATION,YES,YES,NO,FINAL_ANCHORED_BMIG_DMIG_20260925
Q193,M48,3,70.35646258503401,70.3682349838998,70.3814144202823,-13.179436382500853,70.37482470209105,-6.589718191250427,6.589718191250427,YES,HF062,YES,F_MIX_00359,4,OBSERVED_RELATION,YES,YES,NO,FINAL_ANCHORED_BMIG_DMIG_20260925
Q194,M48,4,70.70476190476191,70.72547597287105,70.75074018323645,-25.264210365392614,70.73810807805376,-12.632105182696307,12.632105182696307,YES,HF063,YES,F_MIX_00361,4,OBSERVED_RELATION,YES,YES,NO,FINAL_ANCHORED_BMIG_DMIG_20260925
