measure,beat,quarter_ID,PLP_time_s,Bass_support_N_measure,Bass_grid_eligible,Bass_observed_support,Bass_event_ID,Bass_observed_time_s,BMIG_time_s,Bass_residual_ms,Bass_point_status,Bass_timing_provenance,Drum_support_N_measure,Drum_grid_eligible,Drum_observed_support,Drum_event_ID,Drum_observed_time_s,DMIG_time_s,Drum_residual_ms,Drum_point_status,Drum_timing_provenance,GRID_DELTA_ms,measure_comparison_eligible,notes
M33,1,Q131,47.78666666666667,4,YES,YES,HF001,47.757460317460314,47.763533900226754,-6.073582766440211,FITTED_GRID_POINT_WITH_OBSERVED_SUPPORT,B,3,YES,NO,,,47.73442176870748,,ESTIMATED_GRID_POINT_NO_OBSERVED_ONSET,,29.11213151927683,YES,Original observations retained; grids are mathematical estimates; no GT validation.
M33,2,Q132,48.15818594104309,4,YES,YES,HF002,48.16816326530612,48.16208968253968,6.073582766440211,FITTED_GRID_POINT_WITH_OBSERVED_SUPPORT,A,3,YES,YES,F_MIX_00253,48.12335600907029,48.12335600907029,0.0,FITTED_GRID_POINT_WITH_OBSERVED_SUPPORT,,38.7336734693875,YES,Original observations retained; grids are mathematical estimates; no GT validation.
M33,3,Q133,48.529705215419504,4,YES,YES,HF004,48.577156916099774,48.56064546485261,16.5114512471618,FITTED_GRID_POINT_WITH_OBSERVED_SUPPORT,C,3,YES,YES,F_MIX_00254,48.54131519274377,48.5122902494331,29.02494331066663,FITTED_GRID_POINT_WITH_OBSERVED_SUPPORT,,48.355215419512376,YES,Original observations retained; grids are mathematical estimates; no GT validation.
M33,4,Q134,48.901224489795915,4,YES,YES,HF006,48.92181405895692,48.95920124716554,-37.38718820861919,FITTED_GRID_POINT_WITH_OBSERVED_SUPPORT,B,3,YES,YES,F_MIX_00255,48.901224489795915,48.90122448979591,7.105427357601002e-12,FITTED_GRID_POINT_WITH_OBSERVED_SUPPORT,,57.97675736963015,YES,Original observations retained; grids are mathematical estimates; no GT validation.
M34,1,Q135,49.27274376417233,4,YES,YES,HF007,49.32390022675737,49.324464247921384,-0.5640211640169923,FITTED_GRID_POINT_WITH_OBSERVED_SUPPORT,B,4,YES,YES,F_MIX_00257,49.284353741496595,49.284353741496595,0.0,FITTED_GRID_POINT_WITH_OBSERVED_SUPPORT,,40.11050642478864,YES,Original observations retained; grids are mathematical estimates; no GT validation.
M34,2,Q136,49.64426303854875,4,YES,YES,HF008,49.669778684807255,49.66921466364323,0.5640211640240977,FITTED_GRID_POINT_WITH_OBSERVED_SUPPORT,C,4,YES,YES,F_MIX_00259,49.65587301587301,49.65587301587301,0.0,FITTED_GRID_POINT_WITH_OBSERVED_SUPPORT,,13.341647770218401,YES,Original observations retained; grids are mathematical estimates; no GT validation.
M34,3,Q137,50.01578231292517,4,YES,YES,HF009,50.04925170068027,50.01396507936507,35.28662131520122,FITTED_GRID_POINT_WITH_OBSERVED_SUPPORT,B,4,YES,YES,F_MIX_00260,50.01578231292517,50.02739229024943,-11.609977324262388,FITTED_GRID_POINT_WITH_OBSERVED_SUPPORT,,-13.427210884358942,YES,Original observations retained; grids are mathematical estimates; no GT validation.
M34,4,Q138,50.387301587301586,4,YES,YES,HF010,50.35476734693877,50.35871549508692,-3.948148148147368,FITTED_GRID_POINT_WITH_OBSERVED_SUPPORT,C,4,YES,YES,F_MIX_00261,50.39891156462585,50.39891156462585,0.0,FITTED_GRID_POINT_WITH_OBSERVED_SUPPORT,,-40.19606953892918,YES,Original observations retained; grids are mathematical estimates; no GT validation.
M35,1,Q139,50.758820861678004,2,NO,NO,,,,,NO_GRID,,2,NO,YES,F_MIX_00262,50.758820861678004,,,NO_GRID,,,NO,Original observations retained; grids are mathematical estimates; no GT validation.
M35,2,Q140,51.1071201814059,2,NO,YES,HF011,51.18035963718821,,,NO_GRID,C,2,NO,YES,F_MIX_00264,51.13034013605442,,,NO_GRID,,,NO,Original observations retained; grids are mathematical estimates; no GT validation.
M35,3,Q141,51.478639455782314,2,NO,NO,,,,,NO_GRID,,2,NO,NO,,,,,NO_GRID,,,NO,Original observations retained; grids are mathematical estimates; no GT validation.
M35,4,Q142,51.85015873015873,2,NO,YES,HF013,51.87695827664399,,,NO_GRID,C,2,NO,NO,,,,,NO_GRID,,,NO,Original observations retained; grids are mathematical estimates; no GT validation.
M36,1,Q143,52.22167800453515,4,YES,YES,HF014,52.31174603174603,52.27354497354498,38.201058201053684,FITTED_GRID_POINT_WITH_OBSERVED_SUPPORT,A,4,YES,YES,F_MIX_00270,52.244897959183675,52.25070294784581,-5.804988662134747,FITTED_GRID_POINT_WITH_OBSERVED_SUPPORT,,22.84202569916971,YES,Original observations retained; grids are mathematical estimates; no GT validation.
M36,2,Q144,52.59319727891157,4,YES,YES,HF015,52.573556916099776,52.62979591836735,-56.23900226757428,FITTED_GRID_POINT_WITH_OBSERVED_SUPPORT,C,4,YES,YES,F_MIX_00272,52.61641723356009,52.610612244897965,5.804988662127641,FITTED_GRID_POINT_WITH_OBSERVED_SUPPORT,,19.1836734693851,YES,Original observations retained; grids are mathematical estimates; no GT validation.
M36,3,Q145,52.964716553287985,4,YES,YES,HF016,52.980589569161,52.98604686318972,-5.45729402872297,FITTED_GRID_POINT_WITH_OBSERVED_SUPPORT,B,4,YES,YES,F_MIX_00274,52.97632653061225,52.97052154195012,5.804988662127641,FITTED_GRID_POINT_WITH_OBSERVED_SUPPORT,,15.525321239600487,YES,Original observations retained; grids are mathematical estimates; no GT validation.
M36,4,Q146,53.336235827664396,4,YES,YES,HF017,53.347755102040814,53.34229780801209,5.45729402872297,FITTED_GRID_POINT_WITH_OBSERVED_SUPPORT,B,4,YES,YES,F_MIX_00275,53.324625850340134,53.330430839002275,-5.804988662141852,FITTED_GRID_POINT_WITH_OBSERVED_SUPPORT,,11.866969009815875,YES,Original observations retained; grids are mathematical estimates; no GT validation.
M37,1,Q147,53.707755102040814,3,YES,YES,HF018,53.71591836734694,53.71591836734694,0.0,FITTED_GRID_POINT_WITH_OBSERVED_SUPPORT,B,4,YES,YES,F_MIX_00277,53.69614512471655,53.69469387755102,1.4512471655336867,FITTED_GRID_POINT_WITH_OBSERVED_SUPPORT,,21.22448979591951,YES,Original observations retained; grids are mathematical estimates; no GT validation.
M37,2,Q148,54.07927437641723,3,YES,NO,,,54.07177626606198,,ESTIMATED_GRID_POINT_NO_OBSERVED_ONSET,,4,YES,YES,F_MIX_00279,54.05605442176871,54.05944066515495,-3.386243386245269,FITTED_GRID_POINT_WITH_OBSERVED_SUPPORT,,12.335600907029232,YES,Original observations retained; grids are mathematical estimates; no GT validation.
M37,3,Q149,54.427573696145124,3,YES,YES,HF019,54.41233560090703,54.42763416477702,-15.29856386999029,FITTED_GRID_POINT_WITH_OBSERVED_SUPPORT,B,4,YES,YES,F_MIX_00281,54.427573696145124,54.42418745275888,3.386243386245269,FITTED_GRID_POINT_WITH_OBSERVED_SUPPORT,,3.4467120181389532,YES,Original observations retained; grids are mathematical estimates; no GT validation.
M37,4,Q150,54.79909297052154,3,YES,YES,HF020,54.78349206349206,54.78349206349206,0.0,FITTED_GRID_POINT_WITH_OBSERVED_SUPPORT,B,4,YES,YES,F_MIX_00283,54.78748299319728,54.78893424036281,-1.4512471655336867,FITTED_GRID_POINT_WITH_OBSERVED_SUPPORT,,-5.442176870751325,YES,Original observations retained; grids are mathematical estimates; no GT validation.
M38,1,Q151,55.17061224489796,4,YES,YES,HF021,55.16462585034014,55.16522505668935,-0.5992063492143984,FITTED_GRID_POINT_WITH_OBSERVED_SUPPORT,B,4,YES,YES,F_MIX_00284,55.147392290249435,55.14594104308391,1.4512471655265813,FITTED_GRID_POINT_WITH_OBSERVED_SUPPORT,,19.28401360544285,YES,Original observations retained; grids are mathematical estimates; no GT validation.
M38,2,Q152,55.54213151927438,4,YES,YES,HF022,55.53578231292517,55.51924886621316,16.533446712010402,FITTED_GRID_POINT_WITH_OBSERVED_SUPPORT,B,4,YES,YES,F_MIX_00285,55.50730158730159,55.510687830687836,-3.386243386245269,FITTED_GRID_POINT_WITH_OBSERVED_SUPPORT,,8.561035525325167,YES,Original observations retained; grids are mathematical estimates; no GT validation.
M38,3,Q153,55.89043083900227,4,YES,YES,HF023,55.87335827664399,55.87327267573696,0.08560090702758316,FITTED_GRID_POINT_WITH_OBSERVED_SUPPORT,C,4,YES,YES,F_MIX_00287,55.878820861678,55.87543461829176,3.3862433862381636,FITTED_GRID_POINT_WITH_OBSERVED_SUPPORT,,-2.161942554799623,YES,Original observations retained; grids are mathematical estimates; no GT validation.
M38,4,Q154,56.26195011337869,4,YES,YES,HF024,56.22721088435374,56.22729648526077,-0.08560090703468859,FITTED_GRID_POINT_WITH_OBSERVED_SUPPORT,B,4,YES,YES,F_MIX_00289,56.23873015873016,56.2401814058957,-1.4512471655407921,FITTED_GRID_POINT_WITH_OBSERVED_SUPPORT,,-12.884920634924413,YES,Original observations retained; grids are mathematical estimates; no GT validation.
M39,1,Q155,56.610249433106574,4,YES,YES,HF025,56.60834467120181,56.61793492063492,-9.590249433109932,FITTED_GRID_POINT_WITH_OBSERVED_SUPPORT,B,4,YES,YES,F_MIX_00291,56.610249433106574,56.60734693877551,2.9024943310673734,FITTED_GRID_POINT_WITH_OBSERVED_SUPPORT,,10.587981859416118,YES,Original observations retained; grids are mathematical estimates; no GT validation.
M39,2,Q156,56.98176870748299,4,YES,YES,HF026,56.95437006802721,56.931992819349965,22.377248677244665,FITTED_GRID_POINT_WITH_OBSERVED_SUPPORT,C,4,YES,YES,F_MIX_00292,56.95854875283447,56.96145124716553,-2.902494331060268,FITTED_GRID_POINT_WITH_OBSERVED_SUPPORT,,-29.458427815562516,YES,Original observations retained; grids are mathematical estimates; no GT validation.
M39,3,Q157,57.330068027210885,4,YES,YES,HF028,57.206984126984125,57.24605071806501,-39.06659108088206,FITTED_GRID_POINT_WITH_OBSERVED_SUPPORT,B,4,YES,YES,F_MIX_00293,57.225578231292516,57.315555555555555,-89.97732426303884,FITTED_GRID_POINT_WITH_OBSERVED_SUPPORT,,-69.50483749054825,YES,Original observations retained; grids are mathematical estimates; no GT validation.
M39,4,Q158,57.67836734693878,4,YES,YES,HF030,57.56969886621315,57.56010861678005,9.590249433102827,FITTED_GRID_POINT_WITH_OBSERVED_SUPPORT,C,4,YES,YES,F_MIX_00295,57.68997732426304,57.66965986394558,20.317460317457403,FITTED_GRID_POINT_WITH_OBSERVED_SUPPORT,,-109.551247165534,YES,Original observations retained; grids are mathematical estimates; no GT validation.
M40,1,Q159,58.026666666666664,3,YES,YES,HF031,58.12697777777778,58.12697777777778,0.0,FITTED_GRID_POINT_WITH_OBSERVED_SUPPORT,C,4,YES,YES,F_MIX_00296,57.96861678004535,57.97732426303855,-8.707482993195015,FITTED_GRID_POINT_WITH_OBSERVED_SUPPORT,,149.65351473923505,YES,Original observations retained; grids are mathematical estimates; no GT validation.
M40,2,Q160,58.39818594104308,3,YES,YES,HF032,58.44044716553288,58.46516689342404,-24.71972789115995,FITTED_GRID_POINT_WITH_OBSERVED_SUPPORT,C,4,YES,YES,F_MIX_00298,58.38657596371882,58.366258503401355,20.31746031746451,FITTED_GRID_POINT_WITH_OBSERVED_SUPPORT,,98.90839002268592,YES,Original observations retained; grids are mathematical estimates; no GT validation.
M40,3,Q161,58.746485260770974,3,YES,YES,HF033,58.80335600907029,58.80335600907029,0.0,FITTED_GRID_POINT_WITH_OBSERVED_SUPPORT,B,4,YES,YES,F_MIX_00300,58.700045351473925,58.75519274376417,-55.14739229024457,FITTED_GRID_POINT_WITH_OBSERVED_SUPPORT,,48.16326530612258,YES,Original observations retained; grids are mathematical estimates; no GT validation.
M40,4,Q162,59.11800453514739,3,YES,NO,,,59.141545124716544,,ESTIMATED_GRID_POINT_NO_OBSERVED_ONSET,,4,YES,YES,F_MIX_00303,59.15283446712018,59.144126984126984,8.707482993195015,FITTED_GRID_POINT_WITH_OBSERVED_SUPPORT,,-2.5818594104407566,YES,Original observations retained; grids are mathematical estimates; no GT validation.
M41,1,Q163,59.466303854875285,4,YES,YES,HF035,59.519727891156464,59.5224716553288,-2.7437641723366823,FITTED_GRID_POINT_WITH_OBSERVED_SUPPORT,B,2,NO,YES,F_MIX_00305,59.5243537414966,,,NO_GRID,,,NO,Original observations retained; grids are mathematical estimates; no GT validation.
M41,2,Q164,59.8378231292517,4,YES,YES,HF036,59.90485260770975,59.88248677248677,22.365835222977637,FITTED_GRID_POINT_WITH_OBSERVED_SUPPORT,B,2,NO,YES,F_MIX_00306,59.88426303854875,,,NO_GRID,,,NO,Original observations retained; grids are mathematical estimates; no GT validation.
M41,3,Q165,60.20934240362812,4,YES,YES,HF037,60.23609977324263,60.24250188964475,-6.402116402121294,FITTED_GRID_POINT_WITH_OBSERVED_SUPPORT,B,2,NO,NO,,,,,NO_GRID,,,NO,Original observations retained; grids are mathematical estimates; no GT validation.
M41,4,Q166,60.58086167800454,4,YES,YES,HF038,60.60526077097506,60.60251700680272,2.7437641723366823,FITTED_GRID_POINT_WITH_OBSERVED_SUPPORT,B,2,NO,NO,,,,,NO_GRID,,,NO,Original observations retained; grids are mathematical estimates; no GT validation.
M42,1,Q167,60.929160997732424,3,YES,YES,HF039,61.06585034013606,61.06585034013606,0.0,FITTED_GRID_POINT_WITH_OBSERVED_SUPPORT,A,1,NO,NO,,,,,NO_GRID,,,NO,Original observations retained; grids are mathematical estimates; no GT validation.
M42,2,Q168,61.32390022675737,3,YES,NO,,,61.394557823129254,,ESTIMATED_GRID_POINT_NO_OBSERVED_ONSET,,1,NO,NO,,,,,NO_GRID,,,NO,Original observations retained; grids are mathematical estimates; no GT validation.
M42,3,Q169,61.695419501133784,3,YES,YES,HF040,61.66848072562358,61.72326530612245,-54.78458049886825,FITTED_GRID_POINT_WITH_OBSERVED_SUPPORT,A,1,NO,YES,F_MIX_00317,61.61414965986395,,,NO_GRID,,,NO,Original observations retained; grids are mathematical estimates; no GT validation.
M42,4,Q170,62.0669387755102,3,YES,YES,HF042,62.051972789115645,62.051972789115645,0.0,FITTED_GRID_POINT_WITH_OBSERVED_SUPPORT,B,1,NO,NO,,,,,NO_GRID,,,NO,Original observations retained; grids are mathematical estimates; no GT validation.
M43,1,Q171,62.43845804988662,2,NO,NO,,,,,NO_GRID,,2,NO,YES,F_MIX_00321,62.43845804988662,,,NO_GRID,,,NO,Original observations retained; grids are mathematical estimates; no GT validation.
M43,2,Q172,62.80997732426304,2,NO,YES,HF043,62.92575011337868,,,NO_GRID,C,2,NO,NO,,,,,NO_GRID,,,NO,Original observations retained; grids are mathematical estimates; no GT validation.
M43,3,Q173,63.181496598639455,2,NO,YES,HF044,63.31174603174603,,,NO_GRID,A,2,NO,NO,,,,,NO_GRID,,,NO,Original observations retained; grids are mathematical estimates; no GT validation.
M43,4,Q174,63.52979591836735,2,NO,NO,,,,,NO_GRID,,2,NO,YES,F_MIX_00326,63.54140589569161,,,NO_GRID,,,NO,Original observations retained; grids are mathematical estimates; no GT validation.
M44,1,Q175,63.901315192743766,4,YES,YES,HF045,63.90775510204082,64.0080650037793,-100.30990173847698,FITTED_GRID_POINT_WITH_OBSERVED_SUPPORT,B,4,YES,YES,F_MIX_00327,63.80843537414966,63.84810279667422,-39.667422524559015,FITTED_GRID_POINT_WITH_OBSERVED_SUPPORT,,159.96220710507458,YES,Original observations retained; grids are mathematical estimates; no GT validation.
M44,2,Q176,64.27283446712018,4,YES,YES,HF046,64.43020408163265,64.35072562358278,79.47845804987708,FITTED_GRID_POINT_WITH_OBSERVED_SUPPORT,A,4,YES,YES,F_MIX_00328,64.24961451247165,64.2292970521542,20.317460317457403,FITTED_GRID_POINT_WITH_OBSERVED_SUPPORT,,121.42857142858077,YES,Original observations retained; grids are mathematical estimates; no GT validation.
M44,3,Q177,64.62113378684808,4,YES,YES,HF047,64.76244897959184,64.69338624338624,69.06273620559489,FITTED_GRID_POINT_WITH_OBSERVED_SUPPORT,A,4,YES,YES,F_MIX_00330,64.62113378684808,64.61049130763416,10.642479213913703,FITTED_GRID_POINT_WITH_OBSERVED_SUPPORT,,82.89493575207985,YES,Original observations retained; grids are mathematical estimates; no GT validation.
M44,4,Q178,64.99265306122449,4,YES,YES,HF048,64.96698412698413,65.03604686318972,-69.06273620559489,FITTED_GRID_POINT_WITH_OBSERVED_SUPPORT,A,4,YES,YES,F_MIX_00332,64.98104308390023,64.99168556311415,-10.642479213913703,FITTED_GRID_POINT_WITH_OBSERVED_SUPPORT,,44.361300075578924,YES,Original observations retained; grids are mathematical estimates; no GT validation.
M45,1,Q179,65.34095238095239,3,YES,YES,HF049,65.33052154195012,65.33052154195012,0.0,FITTED_GRID_POINT_WITH_OBSERVED_SUPPORT,B,2,NO,YES,F_MIX_00334,65.34095238095239,,,NO_GRID,,,NO,Original observations retained; grids are mathematical estimates; no GT validation.
M45,2,Q180,65.68925170068027,3,YES,NO,,,65.69422675736962,,ESTIMATED_GRID_POINT_NO_OBSERVED_ONSET,,2,NO,YES,F_MIX_00335,65.70086167800453,,,NO_GRID,,,NO,Original observations retained; grids are mathematical estimates; no GT validation.
M45,3,Q181,66.06077097505668,3,YES,YES,HF050,66.05850340136055,66.05793197278912,0.57142857143333,FITTED_GRID_POINT_WITH_OBSERVED_SUPPORT,A,2,NO,NO,,,,,NO_GRID,,,NO,Original observations retained; grids are mathematical estimates; no GT validation.
M45,4,Q182,66.40907029478458,3,YES,YES,HF051,66.42163718820862,66.42163718820862,0.0,FITTED_GRID_POINT_WITH_OBSERVED_SUPPORT,C,2,NO,NO,,,,,NO_GRID,,,NO,Original observations retained; grids are mathematical estimates; no GT validation.
M46,1,Q183,66.780589569161,4,YES,YES,HF052,66.77886621315193,66.66251700680272,116.34920634921286,FITTED_GRID_POINT_WITH_OBSERVED_SUPPORT,A,3,YES,YES,F_MIX_00339,66.69931972789115,66.69931972789115,0.0,FITTED_GRID_POINT_WITH_OBSERVED_SUPPORT,,-36.802721088434964,YES,Original observations retained; grids are mathematical estimates; no GT validation.
M46,2,Q184,67.1288888888889,4,YES,YES,HF053,66.96859002267574,67.08387755102041,-115.28752834466616,FITTED_GRID_POINT_WITH_OBSERVED_SUPPORT,C,3,YES,NO,,,67.09018896447468,,ESTIMATED_GRID_POINT_NO_OBSERVED_ONSET,,-6.3114134542701095,YES,Original observations retained; grids are mathematical estimates; no GT validation.
M46,3,Q185,67.47718820861678,4,YES,YES,HF054,67.48861678004535,67.5052380952381,-16.621315192750785,FITTED_GRID_POINT_WITH_OBSERVED_SUPPORT,B,3,YES,YES,F_MIX_00343,67.5004081632653,67.4810582010582,19.349962207101612,FITTED_GRID_POINT_WITH_OBSERVED_SUPPORT,,24.179894179894745,YES,Original observations retained; grids are mathematical estimates; no GT validation.
M46,4,Q186,67.84870748299319,4,YES,YES,HF055,67.94321995464853,67.92659863945579,16.621315192736574,FITTED_GRID_POINT_WITH_OBSERVED_SUPPORT,A,3,YES,YES,F_MIX_00345,67.87192743764173,67.87192743764173,0.0,FITTED_GRID_POINT_WITH_OBSERVED_SUPPORT,,54.6712018140596,YES,Original observations retained; grids are mathematical estimates; no GT validation.
M47,1,Q187,68.19700680272109,4,YES,YES,HF056,68.16441768707483,68.1511959750567,13.2217120181366,FITTED_GRID_POINT_WITH_OBSERVED_SUPPORT,C,2,NO,YES,F_MIX_00347,68.20861678004535,,,NO_GRID,,,NO,Original observations retained; grids are mathematical estimates; no GT validation.
M47,2,Q188,68.5685260770975,4,YES,YES,HF057,68.50110702947846,68.53195769085413,-30.850661375666277,FITTED_GRID_POINT_WITH_OBSERVED_SUPPORT,C,2,NO,NO,,,,,NO_GRID,,,NO,Original observations retained; grids are mathematical estimates; no GT validation.
M47,3,Q189,68.9168253968254,4,YES,YES,HF058,68.96426303854875,68.91271940665156,51.54363189718936,FITTED_GRID_POINT_WITH_OBSERVED_SUPPORT,B,2,NO,YES,F_MIX_00351,68.84716553287981,,,NO_GRID,,,NO,Original observations retained; grids are mathematical estimates; no GT validation.
M47,4,Q190,69.28834467120181,4,YES,YES,HF059,69.28025941043084,69.29348112244898,-13.2217120181366,FITTED_GRID_POINT_WITH_OBSERVED_SUPPORT,C,2,NO,NO,,,,,NO_GRID,,,NO,Original observations retained; grids are mathematical estimates; no GT validation.
M48,1,Q191,69.6366439909297,4,YES,YES,HF060,69.65632653061225,69.65628117913832,0.04535147392914496,FITTED_GRID_POINT_WITH_OBSERVED_SUPPORT,A,4,YES,YES,F_MIX_00355,69.64825396825397,69.64970521541949,-1.4512471655194759,FITTED_GRID_POINT_WITH_OBSERVED_SUPPORT,,6.575963718830735,YES,Original observations retained; grids are mathematical estimates; no GT validation.
M48,2,Q192,69.9849433106576,4,YES,YES,HF061,70.00589569160998,70.01262282690854,-6.727135298561393,FITTED_GRID_POINT_WITH_OBSERVED_SUPPORT,B,4,YES,YES,F_MIX_00357,70.01977324263038,70.01638699924413,3.386243386245269,FITTED_GRID_POINT_WITH_OBSERVED_SUPPORT,,-3.76417233559323,YES,Original observations retained; grids are mathematical estimates; no GT validation.
M48,3,Q193,70.35646258503401,4,YES,YES,HF062,70.36907029478458,70.36896447467875,0.10582010582993462,FITTED_GRID_POINT_WITH_OBSERVED_SUPPORT,B,4,YES,YES,F_MIX_00359,70.37968253968253,70.38306878306878,-3.386243386245269,FITTED_GRID_POINT_WITH_OBSERVED_SUPPORT,,-14.104308390031406,YES,Original observations retained; grids are mathematical estimates; no GT validation.
M48,4,Q194,70.70476190476191,4,YES,YES,HF063,70.72526077097505,70.72530612244897,-0.045351473914934104,FITTED_GRID_POINT_WITH_OBSERVED_SUPPORT,B,4,YES,YES,F_MIX_00361,70.75120181405896,70.74975056689343,1.4512471655336867,FITTED_GRID_POINT_WITH_OBSERVED_SUPPORT,,-24.44444444445537,YES,Original observations retained; grids are mathematical estimates; no GT validation.
