instrument,event_ID,original_time_s,quarter_ID,Bass_provenance,role,PLP_indexing_offset_ms,system,render_x_s,additional_visual
BASS,HF001,47.757460317460314,Q131,B,QUARTER_FIT_OBSERVATION,-29.206349206356000,1,47.757460317460314,False
BASS,HF002,48.16816326530612,Q132,A,QUARTER_FIT_OBSERVATION,9.97732426303000,1,48.16816326530612,False
BASS,HF003,48.10114784580499,Q132,C,ADDITIONAL_EVENT,-57.03809523810000,1,48.10114784580499,True
BASS,HF004,48.577156916099774,Q133,C,QUARTER_FIT_OBSERVATION,47.451700680270000,1,48.577156916099774,False
BASS,HF006,48.92181405895692,Q134,B,QUARTER_FIT_OBSERVATION,20.589569161005000,1,48.92181405895692,False
BASS,HF005,48.761814058956915,Q134,A,ADDITIONAL_EVENT,-139.410430839000000,1,48.761814058956915,True
BASS,HF007,49.32390022675737,Q135,B,QUARTER_FIT_OBSERVATION,51.15646258504000,1,49.32390022675737,False
BASS,HF008,49.669778684807255,Q136,C,QUARTER_FIT_OBSERVATION,25.515646258505000,1,49.669778684807255,False
BASS,HF009,50.04925170068027,Q137,B,QUARTER_FIT_OBSERVATION,33.46938775510000,1,50.04925170068027,False
BASS,HF010,50.35476734693877,Q138,C,QUARTER_FIT_OBSERVATION,-32.534240362816000,1,50.35476734693877,False
BASS,HF011,51.18035963718821,Q140,C,QUARTER_FIT_OBSERVATION,73.23945578231000,1,51.18035963718821,False
BASS,HF013,51.87695827664399,Q142,C,QUARTER_FIT_OBSERVATION,26.79954648526000,1,51.87695827664399,False
BASS,HF012,51.71111111111111,Q142,A,ADDITIONAL_EVENT,-139.04761904762000,1,51.71111111111111,True
BASS,HF014,52.31174603174603,Q143,A,QUARTER_FIT_OBSERVATION,90.06802721088000,1,52.31174603174603,False
BASS,HF015,52.573556916099776,Q144,C,QUARTER_FIT_OBSERVATION,-19.640362811794000,1,52.573556916099776,False
BASS,HF016,52.980589569161,Q145,B,QUARTER_FIT_OBSERVATION,15.873015873015000,1,52.980589569161,False
BASS,HF017,53.347755102040814,Q146,B,QUARTER_FIT_OBSERVATION,11.519274376418000,1,53.347755102040814,False
DRUM,F_MIX_00253,48.12335600907029,Q132,,QUARTER_FIT_OBSERVATION,-34.82993197280000,1,48.12335600907029,False
DRUM,F_MIX_00254,48.54131519274377,Q133,,QUARTER_FIT_OBSERVATION,11.609977324266000,1,48.54131519274377,False
DRUM,F_MIX_00255,48.901224489795915,Q134,,QUARTER_FIT_OBSERVATION,0E-15,1,48.901224489795915,False
DRUM,F_MIX_00257,49.284353741496595,Q135,,QUARTER_FIT_OBSERVATION,11.609977324265000,1,49.284353741496595,False
DRUM,F_MIX_00258,49.31918367346939,Q135,,ADDITIONAL_EVENT,46.43990929706000,1,49.31918367346939,True
DRUM,F_MIX_00256,49.191473922902496,Q135,,ADDITIONAL_EVENT,-81.269841269834000,1,49.191473922902496,True
DRUM,F_MIX_00259,49.65587301587301,Q136,,QUARTER_FIT_OBSERVATION,11.60997732426000,1,49.65587301587301,False
DRUM,F_MIX_00260,50.01578231292517,Q137,,QUARTER_FIT_OBSERVATION,0E-14,1,50.01578231292517,False
DRUM,F_MIX_00261,50.39891156462585,Q138,,QUARTER_FIT_OBSERVATION,11.609977324264000,1,50.39891156462585,False
DRUM,F_MIX_00262,50.758820861678004,Q139,,QUARTER_FIT_OBSERVATION,0E-15,1,50.758820861678004,False
DRUM,F_MIX_00264,51.13034013605442,Q140,,QUARTER_FIT_OBSERVATION,23.21995464852000,1,51.13034013605442,False
DRUM,F_MIX_00270,52.244897959183675,Q143,,QUARTER_FIT_OBSERVATION,23.219954648525000,1,52.244897959183675,False
DRUM,F_MIX_00269,52.186848072562356,Q143,,ADDITIONAL_EVENT,-34.829931972794000,1,52.186848072562356,True
DRUM,F_MIX_00272,52.61641723356009,Q144,,QUARTER_FIT_OBSERVATION,23.21995464852000,1,52.61641723356009,False
DRUM,F_MIX_00271,52.523537414965986,Q144,,ADDITIONAL_EVENT,-69.659863945584000,1,52.523537414965986,True
DRUM,F_MIX_00274,52.97632653061225,Q145,,QUARTER_FIT_OBSERVATION,11.609977324265000,1,52.97632653061225,False
DRUM,F_MIX_00275,53.324625850340134,Q146,,QUARTER_FIT_OBSERVATION,-11.609977324262000,1,53.324625850340134,False
DRUM,F_MIX_00277,53.69614512471655,Q147,,QUARTER_FIT_OBSERVATION,-11.609977324264000,1,53.69614512471655,False
DRUM,F_MIX_00276,53.614875283446715,Q147,,ADDITIONAL_EVENT,-92.879818594099000,1,53.614875283446715,True
BASS,HF018,53.71591836734694,Q147,B,QUARTER_FIT_OBSERVATION,8.163265306126000,2,53.71591836734694,False
BASS,HF019,54.41233560090703,Q149,B,QUARTER_FIT_OBSERVATION,-15.238095238094000,2,54.41233560090703,False
BASS,HF020,54.78349206349206,Q150,B,QUARTER_FIT_OBSERVATION,-15.60090702948000,2,54.78349206349206,False
BASS,HF021,55.16462585034014,Q151,B,QUARTER_FIT_OBSERVATION,-5.98639455782000,2,55.16462585034014,False
BASS,HF022,55.53578231292517,Q152,B,QUARTER_FIT_OBSERVATION,-6.34920634921000,2,55.53578231292517,False
BASS,HF023,55.87335827664399,Q153,C,QUARTER_FIT_OBSERVATION,-17.07256235828000,2,55.87335827664399,False
BASS,HF024,56.22721088435374,Q154,B,QUARTER_FIT_OBSERVATION,-34.73922902495000,2,56.22721088435374,False
BASS,HF025,56.60834467120181,Q155,B,QUARTER_FIT_OBSERVATION,-1.904761904764000,2,56.60834467120181,False
BASS,HF026,56.95437006802721,Q156,C,QUARTER_FIT_OBSERVATION,-27.39863945578000,2,56.95437006802721,False
BASS,HF028,57.206984126984125,Q157,B,QUARTER_FIT_OBSERVATION,-123.083900226760000,2,57.206984126984125,False
BASS,HF027,57.181678004535144,Q157,A,ADDITIONAL_EVENT,-148.390022675741000,2,57.181678004535144,True
BASS,HF030,57.56969886621315,Q158,C,QUARTER_FIT_OBSERVATION,-108.66848072563000,2,57.56969886621315,False
BASS,HF029,57.51292517006803,Q158,A,ADDITIONAL_EVENT,-165.44217687075000,2,57.51292517006803,True
BASS,HF031,58.12697777777778,Q159,C,QUARTER_FIT_OBSERVATION,100.311111111116000,2,58.12697777777778,False
BASS,HF032,58.44044716553288,Q160,C,QUARTER_FIT_OBSERVATION,42.26122448980000,2,58.44044716553288,False
BASS,HF033,58.80335600907029,Q161,B,QUARTER_FIT_OBSERVATION,56.870748299316000,2,58.80335600907029,False
BASS,HF034,58.88162630385487,Q161,C,ADDITIONAL_EVENT,135.141043083896000,2,58.88162630385487,True
DRUM,F_MIX_00279,54.05605442176871,Q148,,QUARTER_FIT_OBSERVATION,-23.21995464852000,2,54.05605442176871,False
DRUM,F_MIX_00281,54.427573696145124,Q149,,QUARTER_FIT_OBSERVATION,0E-15,2,54.427573696145124,False
DRUM,F_MIX_00280,54.34630385487528,Q149,,ADDITIONAL_EVENT,-81.269841269844000,2,54.34630385487528,True
DRUM,F_MIX_00283,54.78748299319728,Q150,,QUARTER_FIT_OBSERVATION,-11.60997732426000,2,54.78748299319728,False
DRUM,F_MIX_00284,55.147392290249435,Q151,,QUARTER_FIT_OBSERVATION,-23.219954648525000,2,55.147392290249435,False
DRUM,F_MIX_00285,55.50730158730159,Q152,,QUARTER_FIT_OBSERVATION,-34.82993197279000,2,55.50730158730159,False
DRUM,F_MIX_00287,55.878820861678,Q153,,QUARTER_FIT_OBSERVATION,-11.60997732427000,2,55.878820861678,False
DRUM,F_MIX_00289,56.23873015873016,Q154,,QUARTER_FIT_OBSERVATION,-23.21995464853000,2,56.23873015873016,False
DRUM,F_MIX_00291,56.610249433106574,Q155,,QUARTER_FIT_OBSERVATION,0E-15,2,56.610249433106574,False
DRUM,F_MIX_00290,56.52897959183674,Q155,,ADDITIONAL_EVENT,-81.269841269834000,2,56.52897959183674,True
DRUM,F_MIX_00292,56.95854875283447,Q156,,QUARTER_FIT_OBSERVATION,-23.21995464852000,2,56.95854875283447,False
DRUM,F_MIX_00293,57.225578231292516,Q157,,QUARTER_FIT_OBSERVATION,-104.489795918369000,2,57.225578231292516,False
DRUM,F_MIX_00295,57.68997732426304,Q158,,QUARTER_FIT_OBSERVATION,11.60997732426000,2,57.68997732426304,False
DRUM,F_MIX_00296,57.96861678004535,Q159,,QUARTER_FIT_OBSERVATION,-58.049886621314000,2,57.96861678004535,False
DRUM,F_MIX_00297,58.10793650793651,Q159,,ADDITIONAL_EVENT,81.269841269846000,2,58.10793650793651,True
DRUM,F_MIX_00298,58.38657596371882,Q160,,QUARTER_FIT_OBSERVATION,-11.60997732426000,2,58.38657596371882,False
DRUM,F_MIX_00299,58.42140589569161,Q160,,ADDITIONAL_EVENT,23.21995464853000,2,58.42140589569161,True
DRUM,F_MIX_00300,58.700045351473925,Q161,,QUARTER_FIT_OBSERVATION,-46.439909297049000,2,58.700045351473925,False
DRUM,F_MIX_00301,58.792925170068024,Q161,,ADDITIONAL_EVENT,46.439909297050000,2,58.792925170068024,True
DRUM,F_MIX_00303,59.15283446712018,Q162,,QUARTER_FIT_OBSERVATION,34.82993197279000,2,59.15283446712018,False
BASS,HF035,59.519727891156464,Q163,B,QUARTER_FIT_OBSERVATION,53.424036281179000,3,59.519727891156464,False
BASS,HF036,59.90485260770975,Q164,B,QUARTER_FIT_OBSERVATION,67.02947845805000,3,59.90485260770975,False
BASS,HF037,60.23609977324263,Q165,B,QUARTER_FIT_OBSERVATION,26.75736961451000,3,60.23609977324263,False
BASS,HF038,60.60526077097506,Q166,B,QUARTER_FIT_OBSERVATION,24.39909297052000,3,60.60526077097506,False
BASS,HF039,61.06585034013606,Q167,A,QUARTER_FIT_OBSERVATION,136.689342403636000,3,61.06585034013606,False
BASS,HF040,61.66848072562358,Q169,A,QUARTER_FIT_OBSERVATION,-26.938775510204000,3,61.66848072562358,False
BASS,HF042,62.051972789115645,Q170,B,QUARTER_FIT_OBSERVATION,-14.965986394555000,3,62.051972789115645,False
BASS,HF041,62.015691609977324,Q170,A,ADDITIONAL_EVENT,-51.247165532876000,3,62.015691609977324,True
BASS,HF043,62.92575011337868,Q172,C,QUARTER_FIT_OBSERVATION,115.77278911564000,3,62.92575011337868,False
BASS,HF044,63.31174603174603,Q173,A,QUARTER_FIT_OBSERVATION,130.249433106575000,3,63.31174603174603,False
BASS,HF045,63.90775510204082,Q175,B,QUARTER_FIT_OBSERVATION,6.439909297054000,3,63.90775510204082,False
BASS,HF046,64.43020408163265,Q176,A,QUARTER_FIT_OBSERVATION,157.36961451247000,3,64.43020408163265,False
BASS,HF047,64.76244897959184,Q177,A,QUARTER_FIT_OBSERVATION,141.31519274376000,3,64.76244897959184,False
BASS,HF048,64.96698412698413,Q178,A,QUARTER_FIT_OBSERVATION,-25.66893424036000,3,64.96698412698413,False
BASS,HF049,65.33052154195012,Q179,B,QUARTER_FIT_OBSERVATION,-10.43083900227000,3,65.33052154195012,False
DRUM,F_MIX_00305,59.5243537414966,Q163,,QUARTER_FIT_OBSERVATION,58.049886621315000,3,59.5243537414966,False
DRUM,F_MIX_00306,59.88426303854875,Q164,,QUARTER_FIT_OBSERVATION,46.43990929705000,3,59.88426303854875,False
DRUM,F_MIX_00317,61.61414965986395,Q169,,QUARTER_FIT_OBSERVATION,-81.269841269834000,3,61.61414965986395,False
DRUM,F_MIX_00321,62.43845804988662,Q171,,QUARTER_FIT_OBSERVATION,0E-14,3,62.43845804988662,False
DRUM,F_MIX_00326,63.54140589569161,Q174,,QUARTER_FIT_OBSERVATION,11.60997732426000,3,63.54140589569161,False
DRUM,F_MIX_00325,63.46013605442177,Q174,,ADDITIONAL_EVENT,-69.65986394558000,3,63.46013605442177,True
DRUM,F_MIX_00327,63.80843537414966,Q175,,QUARTER_FIT_OBSERVATION,-92.879818594106000,3,63.80843537414966,False
DRUM,F_MIX_00328,64.24961451247165,Q176,,QUARTER_FIT_OBSERVATION,-23.21995464853000,3,64.24961451247165,False
DRUM,F_MIX_00330,64.62113378684808,Q177,,QUARTER_FIT_OBSERVATION,0E-14,3,64.62113378684808,False
DRUM,F_MIX_00329,64.51664399092971,Q177,,ADDITIONAL_EVENT,-104.48979591837000,3,64.51664399092971,True
DRUM,F_MIX_00332,64.98104308390023,Q178,,QUARTER_FIT_OBSERVATION,-11.60997732426000,3,64.98104308390023,False
BASS,HF050,66.05850340136055,Q181,A,QUARTER_FIT_OBSERVATION,-2.26757369613000,4,66.05850340136055,False
BASS,HF051,66.42163718820862,Q182,C,QUARTER_FIT_OBSERVATION,12.56689342404000,4,66.42163718820862,False
BASS,HF052,66.77886621315193,Q183,A,QUARTER_FIT_OBSERVATION,-1.72335600907000,4,66.77886621315193,False
BASS,HF053,66.96859002267574,Q184,C,QUARTER_FIT_OBSERVATION,-160.29886621316000,4,66.96859002267574,False
BASS,HF054,67.48861678004535,Q185,B,QUARTER_FIT_OBSERVATION,11.42857142857000,4,67.48861678004535,False
BASS,HF055,67.94321995464853,Q186,A,QUARTER_FIT_OBSERVATION,94.51247165534000,4,67.94321995464853,False
BASS,HF056,68.16441768707483,Q187,C,QUARTER_FIT_OBSERVATION,-32.58911564626000,4,68.16441768707483,False
BASS,HF057,68.50110702947846,Q188,C,QUARTER_FIT_OBSERVATION,-67.41904761904000,4,68.50110702947846,False
BASS,HF058,68.96426303854875,Q189,B,QUARTER_FIT_OBSERVATION,47.43764172335000,4,68.96426303854875,False
BASS,HF059,69.28025941043084,Q190,C,QUARTER_FIT_OBSERVATION,-8.08526077097000,4,69.28025941043084,False
BASS,HF060,69.65632653061225,Q191,A,QUARTER_FIT_OBSERVATION,19.68253968255000,4,69.65632653061225,False
BASS,HF061,70.00589569160998,Q192,B,QUARTER_FIT_OBSERVATION,20.95238095238000,4,70.00589569160998,False
BASS,HF062,70.36907029478458,Q193,B,QUARTER_FIT_OBSERVATION,12.60770975057000,4,70.36907029478458,False
BASS,HF063,70.72526077097505,Q194,B,QUARTER_FIT_OBSERVATION,20.49886621314000,4,70.72526077097505,False
DRUM,F_MIX_00334,65.34095238095239,Q179,,QUARTER_FIT_OBSERVATION,0E-14,4,65.34095238095239,False
DRUM,F_MIX_00335,65.70086167800453,Q180,,QUARTER_FIT_OBSERVATION,11.60997732426000,4,65.70086167800453,False
DRUM,F_MIX_00339,66.69931972789115,Q183,,QUARTER_FIT_OBSERVATION,-81.26984126985000,4,66.69931972789115,False
DRUM,F_MIX_00343,67.5004081632653,Q185,,QUARTER_FIT_OBSERVATION,23.21995464852000,4,67.5004081632653,False
DRUM,F_MIX_00345,67.87192743764173,Q186,,QUARTER_FIT_OBSERVATION,23.21995464854000,4,67.87192743764173,False
DRUM,F_MIX_00347,68.20861678004535,Q187,,QUARTER_FIT_OBSERVATION,11.60997732426000,4,68.20861678004535,False
DRUM,F_MIX_00346,68.1621768707483,Q187,,ADDITIONAL_EVENT,-34.82993197279000,4,68.1621768707483,True
DRUM,F_MIX_00351,68.84716553287981,Q189,,QUARTER_FIT_OBSERVATION,-69.65986394559000,4,68.84716553287981,False
DRUM,F_MIX_00355,69.64825396825397,Q191,,QUARTER_FIT_OBSERVATION,11.60997732427000,4,69.64825396825397,False
DRUM,F_MIX_00357,70.01977324263038,Q192,,QUARTER_FIT_OBSERVATION,34.82993197278000,4,70.01977324263038,False
DRUM,F_MIX_00359,70.37968253968253,Q193,,QUARTER_FIT_OBSERVATION,23.21995464852000,4,70.37968253968253,False
DRUM,F_MIX_00361,70.75120181405896,Q194,,QUARTER_FIT_OBSERVATION,46.43990929705000,4,70.75120181405896,False
DRUM,F_MIX_00360,70.64671201814059,Q194,,ADDITIONAL_EVENT,-58.04988662132000,4,70.64671201814059,True
DRUM,F_MIX_00362,70.99501133786848,Q195,,OUTSIDE_ANALYSIS_INDEX_DOMAIN,-81.26984126984000,4,70.99501133786848,True
