start_index,end_index,start_Q,end_Q,start_s,end_s,center_s,intervals,BPM
2,34,Q3,Q35,0.8126984126984127,12.49233560090703,6.65251700680272135,32,164.38866799204771
3,35,Q4,Q36,1.18421768707483,12.863854875283447,7.0240362811791385,32,164.38866799204771
4,36,Q5,Q37,1.555736961451247,13.235374149659863,7.395555555555555,32,164.38866799204771
5,37,Q6,Q38,1.9272562358276644,13.606893424036281,7.7670748299319727,32,164.38866799204771
6,38,Q7,Q39,2.3219954648526078,13.955192743764172,8.1385941043083899,32,165.04491017964074
7,39,Q8,Q40,2.670294784580499,14.32671201814059,8.4985034013605445,32,164.71613545816732
8,40,Q9,Q41,3.0418140589569163,14.698231292517006,8.87002267573696115,32,164.71613545816734
9,41,Q10,Q42,3.4133333333333336,15.069750566893424,9.2415419501133788,32,164.71613545816734
10,42,Q11,Q43,3.7848526077097504,15.441269841269841,9.6130612244897957,32,164.71613545816734
11,43,Q12,Q44,4.156371882086168,15.789569160997733,9.9729705215419505,32,165.0449101796407
12,44,Q13,Q45,4.504671201814059,16.16108843537415,10.3328798185941045,32,164.71613545816732
13,45,Q14,Q46,4.876190476190477,16.532607709750568,10.7043990929705225,32,164.71613545816732
14,46,Q15,Q47,5.224489795918367,16.904126984126986,11.0643083900226765,32,164.3886679920477
15,47,Q16,Q48,5.596009070294785,17.2756462585034,11.4358276643990925,32,164.38866799204774
16,48,Q17,Q49,5.944308390022676,17.647165532879818,11.795736961451247,32,164.0625
17,49,Q18,Q50,6.315827664399093,18.018684807256236,12.1672562358276645,32,164.0625
18,50,Q19,Q51,6.664126984126984,18.390204081632653,12.5271655328798185,32,163.73762376237624
19,51,Q20,Q52,7.012426303854875,18.76172335600907,12.8870748299319725,32,163.41403162055337
20,52,Q21,Q53,7.383945578231293,19.11002267573696,13.2469841269841265,32,163.73762376237627
21,53,Q22,Q54,7.732244897959184,19.481541950113378,13.606893424036281,32,163.41403162055337
22,54,Q23,Q55,8.103764172335602,19.82984126984127,13.966802721088436,32,163.73762376237624
23,55,Q24,Q56,8.452063492063493,20.201360544217685,14.326712018140589,32,163.4140316205534
24,56,Q25,Q57,8.823582766439909,20.54965986394558,14.6866213151927445,32,163.73762376237622
25,57,Q26,Q58,9.1718820861678,20.897959183673468,15.034920634920634,32,163.73762376237624
26,58,Q27,Q59,9.543401360544218,21.24625850340136,15.394829931972789,32,164.0625
27,59,Q28,Q60,9.914920634920636,21.61777777777778,15.766349206349208,32,164.06249999999997
28,60,Q29,Q61,10.286439909297052,21.966077097505668,16.126258503401360,32,164.38866799204771
29,61,Q30,Q62,10.634739229024943,22.337596371882086,16.4861678004535145,32,164.0625
30,62,Q31,Q63,11.00625850340136,22.68589569160998,16.84607709750567,32,164.38866799204766
31,63,Q32,Q64,11.377777777777778,23.057414965986396,17.217596371882087,32,164.3886679920477
32,64,Q33,Q65,11.749297052154194,23.42893424036281,17.589115646258502,32,164.38866799204771
33,65,Q34,Q66,12.120816326530612,23.800453514739228,17.960634920634920,32,164.38866799204771
34,66,Q35,Q67,12.49233560090703,24.171972789115646,18.332154195011338,32,164.38866799204771
35,67,Q36,Q68,12.863854875283447,24.543492063492064,18.7036734693877555,32,164.38866799204771
36,68,Q37,Q69,13.235374149659863,24.91501133786848,19.0751927437641715,32,164.38866799204771
37,69,Q38,Q70,13.606893424036281,25.2865306122449,19.4467120181405905,32,164.3886679920477
38,70,Q39,Q71,13.955192743764172,25.658049886621317,19.8066213151927445,32,164.06249999999997
39,71,Q40,Q72,14.32671201814059,26.02956916099773,20.17814058956916,32,164.06250000000003
40,72,Q41,Q73,14.698231292517006,26.40108843537415,20.549659863945578,32,164.06249999999997
41,73,Q42,Q74,15.069750566893424,26.772607709750567,20.9211791383219955,32,164.0625
42,74,Q43,Q75,15.441269841269841,27.144126984126984,21.2926984126984125,32,164.0625
43,75,Q44,Q76,15.789569160997733,27.515646258503402,21.6526077097505675,32,163.73762376237624
44,76,Q45,Q77,16.16108843537415,27.88716553287982,22.024126984126985,32,163.73762376237622
45,77,Q46,Q78,16.532607709750568,28.23546485260771,22.384036281179139,32,164.0625
46,78,Q47,Q79,16.904126984126986,28.606984126984127,22.7555555555555565,32,164.06250000000003
47,79,Q48,Q80,17.2756462585034,28.955283446712016,23.115464852607708,32,164.38866799204771
48,80,Q49,Q81,17.647165532879818,29.326802721088434,23.486984126984126,32,164.38866799204771
49,81,Q50,Q82,18.018684807256236,29.675102040816327,23.8468934240362815,32,164.71613545816732
50,82,Q51,Q83,18.390204081632653,30.046621315192745,24.218412698412699,32,164.71613545816732
51,83,Q52,Q84,18.76172335600907,30.394920634920634,24.578321995464852,32,165.04491017964074
52,84,Q53,Q85,19.11002267573696,30.743219954648527,24.9266213151927435,32,165.04491017964068
53,85,Q54,Q86,19.481541950113378,31.114739229024945,25.2981405895691615,32,165.04491017964068
54,86,Q55,Q87,19.82984126984127,31.463038548752834,25.646439909297052,32,165.04491017964074
55,87,Q56,Q88,20.201360544217685,31.834557823129252,26.0179591836734685,32,165.04491017964068
56,88,Q57,Q89,20.54965986394558,32.182857142857145,26.3662585034013625,32,165.0449101796407
57,89,Q58,Q90,20.897959183673468,32.53115646258503,26.714557823129249,32,165.04491017964077
58,90,Q59,Q91,21.24625850340136,32.90267573696145,27.074467120181405,32,164.71613545816734
59,91,Q60,Q92,21.61777777777778,33.274195011337866,27.445986394557823,32,164.7161354581674
60,92,Q61,Q93,21.966077097505668,33.62249433106576,27.794285714285714,32,164.71613545816732
61,93,Q62,Q94,22.337596371882086,33.99401360544218,28.165804988662133,32,164.7161354581673
62,94,Q63,Q95,22.68589569160998,34.365532879818595,28.5257142857142875,32,164.38866799204774
63,95,Q64,Q96,23.057414965986396,34.71383219954649,28.885623582766443,32,164.7161354581673
64,96,Q65,Q97,23.42893424036281,35.085351473922906,29.257142857142858,32,164.71613545816726
65,97,Q66,Q98,23.800453514739228,35.456870748299316,29.628662131519272,32,164.71613545816737
66,98,Q67,Q99,24.171972789115646,35.828390022675734,30.000181405895690,32,164.71613545816737
67,99,Q68,Q100,24.543492063492064,36.19990929705215,30.371700680272107,32,164.7161354581674
68,100,Q69,Q101,24.91501133786848,36.57142857142857,30.743219954648525,32,164.71613545816734
69,101,Q70,Q102,25.2865306122449,36.94294784580499,31.114739229024945,32,164.71613545816734
70,102,Q71,Q103,25.658049886621317,37.314467120181405,31.486258503401361,32,164.71613545816737
71,103,Q72,Q104,26.02956916099773,37.68598639455782,31.857777777777775,32,164.71613545816734
72,104,Q73,Q105,26.40108843537415,38.05750566893424,32.229297052154195,32,164.71613545816734
73,105,Q74,Q106,26.772607709750567,38.42902494331066,32.6008163265306135,32,164.7161354581673
74,106,Q75,Q107,27.144126984126984,38.77732426303855,32.960725623582767,32,165.0449101796407
75,107,Q76,Q108,27.515646258503402,39.14884353741497,33.332244897959186,32,165.04491017964068
76,108,Q77,Q109,27.88716553287982,39.52036281179139,33.703764172335605,32,165.04491017964065
77,109,Q78,Q110,28.23546485260771,39.8918820861678,34.063673469387755,32,164.71613545816734
78,110,Q79,Q111,28.606984126984127,40.263401360544215,34.435192743764171,32,164.71613545816737
79,111,Q80,Q112,28.955283446712016,40.61170068027211,34.783492063492063,32,164.7161354581673
80,112,Q81,Q113,29.326802721088434,40.983219954648526,35.155011337868480,32,164.71613545816732
81,113,Q82,Q114,29.675102040816327,41.35473922902494,35.5149206349206335,32,164.38866799204777
82,114,Q83,Q115,30.046621315192745,41.72625850340136,35.8864399092970525,32,164.38866799204774
83,115,Q84,Q116,30.394920634920634,42.09777777777778,36.246349206349207,32,164.06249999999994
84,116,Q85,Q117,30.743219954648527,42.4692970521542,36.6062585034013635,32,163.7376237623762
85,117,Q86,Q118,31.114739229024945,42.81759637188209,36.9661678004535175,32,164.06249999999997
86,118,Q87,Q119,31.463038548752834,43.1891156462585,37.326077097505667,32,163.73762376237627
87,119,Q88,Q120,31.834557823129252,43.56063492063492,37.697596371882086,32,163.73762376237624
88,120,Q89,Q121,32.182857142857145,43.932154195011336,38.0575056689342405,32,163.4140316205534
89,121,Q90,Q122,32.53115646258503,44.30367346938775,38.41741496598639,32,163.0917159763314
90,122,Q91,Q123,32.90267573696145,44.698412698412696,38.800544217687073,32,162.7706692913386
91,123,Q92,Q124,33.274195011337866,45.069931972789114,39.172063492063490,32,162.77066929133858
92,124,Q93,Q125,33.62249433106576,45.44145124716553,39.531972789115645,32,162.45088408644406
93,125,Q94,Q126,33.99401360544218,45.836190476190474,39.915102040816327,32,162.13235294117655
94,126,Q95,Q127,34.365532879818595,46.23092970521542,40.2982312925170075,32,161.8150684931507
95,127,Q96,Q128,34.71383219954649,46.625668934240366,40.669750566893428,32,161.1842105263158
96,128,Q97,Q129,35.085351473922906,47.02040816326531,41.052879818594108,32,160.87062256809338
97,129,Q98,Q130,35.456870748299316,47.391927437641726,41.424399092970521,32,160.8706225680933
98,130,Q99,Q131,35.828390022675734,47.78666666666667,41.807528344671202,32,160.55825242718439
99,131,Q100,Q132,36.19990929705215,48.15818594104309,42.17904761904762,32,160.55825242718433
100,132,Q101,Q133,36.57142857142857,48.529705215419504,42.550566893424037,32,160.5582524271844
101,133,Q102,Q134,36.94294784580499,48.901224489795915,42.9220861678004525,32,160.55825242718453
102,134,Q103,Q135,37.314467120181405,49.27274376417233,43.2936054421768675,32,160.55825242718453
103,135,Q104,Q136,37.68598639455782,49.64426303854875,43.665124716553285,32,160.55825242718447
104,136,Q105,Q137,38.05750566893424,50.01578231292517,44.036643990929705,32,160.55825242718447
105,137,Q106,Q138,38.42902494331066,50.387301587301586,44.408163265306123,32,160.55825242718453
106,138,Q107,Q139,38.77732426303855,50.758820861678004,44.768072562358277,32,160.24709302325584
107,139,Q108,Q140,39.14884353741497,51.1071201814059,45.127981859410435,32,160.55825242718447
108,140,Q109,Q141,39.52036281179139,51.478639455782314,45.499501133786852,32,160.55825242718456
109,141,Q110,Q142,39.8918820861678,51.85015873015873,45.871020408163265,32,160.55825242718447
110,142,Q111,Q143,40.263401360544215,52.22167800453515,46.2425396825396825,32,160.55825242718439
111,143,Q112,Q144,40.61170068027211,52.59319727891157,46.60244897959184,32,160.24709302325576
112,144,Q113,Q145,40.983219954648526,52.964716553287985,46.9739682539682555,32,160.24709302325576
113,145,Q114,Q146,41.35473922902494,53.336235827664396,47.345487528344668,32,160.24709302325581
114,146,Q115,Q147,41.72625850340136,53.707755102040814,47.717006802721087,32,160.24709302325584
115,147,Q116,Q148,42.09777777777778,54.07927437641723,48.088526077097505,32,160.2470930232559
116,148,Q117,Q149,42.4692970521542,54.427573696145124,48.448435374149662,32,160.55825242718456
117,149,Q118,Q150,42.81759637188209,54.79909297052154,48.808344671201815,32,160.2470930232559
118,150,Q119,Q151,43.1891156462585,55.17061224489796,49.17986394557823,32,160.24709302325576
119,151,Q120,Q152,43.56063492063492,55.54213151927438,49.55138321995465,32,160.24709302325576
120,152,Q121,Q153,43.932154195011336,55.89043083900227,49.911292517006803,32,160.5582524271844
121,153,Q122,Q154,44.30367346938775,56.26195011337869,50.28281179138322,32,160.55825242718433
122,154,Q123,Q155,44.698412698412696,56.610249433106574,50.654331065759635,32,161.18421052631578
123,155,Q124,Q156,45.069931972789114,56.98176870748299,51.025850340136052,32,161.1842105263158
124,156,Q125,Q157,45.44145124716553,57.330068027210885,51.3857596371882075,32,161.49902343749994
125,157,Q126,Q158,45.836190476190474,57.67836734693878,51.757278911564627,32,162.13235294117638
126,158,Q127,Q159,46.23092970521542,58.026666666666664,52.128798185941042,32,162.77066929133863
127,159,Q128,Q160,46.625668934240366,58.39818594104308,52.511927437641723,32,163.09171597633147
128,160,Q129,Q161,47.02040816326531,58.746485260770974,52.883446712018142,32,163.7376237623763
129,161,Q130,Q162,47.391927437641726,59.11800453514739,53.254965986394558,32,163.7376237623763
130,162,Q131,Q163,47.78666666666667,59.466303854875285,53.6264852607709775,32,164.38866799204774
131,163,Q132,Q164,48.15818594104309,59.8378231292517,53.998004535147395,32,164.3886679920478
132,164,Q133,Q165,48.529705215419504,60.20934240362812,54.369523809523812,32,164.38866799204771
133,165,Q134,Q166,48.901224489795915,60.58086167800454,54.7410430839002275,32,164.3886679920476
134,166,Q135,Q167,49.27274376417233,60.929160997732424,55.100952380952377,32,164.7161354581673
135,167,Q136,Q168,49.64426303854875,61.32390022675737,55.48408163265306,32,164.38866799204766
136,168,Q137,Q169,50.01578231292517,61.695419501133784,55.855600907029477,32,164.38866799204774
137,169,Q138,Q170,50.387301587301586,62.0669387755102,56.227120181405893,32,164.38866799204774
138,170,Q139,Q171,50.758820861678004,62.43845804988662,56.598639455782312,32,164.38866799204771
139,171,Q140,Q172,51.1071201814059,62.80997732426304,56.95854875283447,32,164.06250000000003
140,172,Q141,Q173,51.478639455782314,63.181496598639455,57.3300680272108845,32,164.06250000000003
141,173,Q142,Q174,51.85015873015873,63.52979591836735,57.68997732426304,32,164.38866799204766
142,174,Q143,Q175,52.22167800453515,63.901315192743766,58.061496598639458,32,164.38866799204771
143,175,Q144,Q176,52.59319727891157,64.27283446712018,58.433015873015875,32,164.3886679920478
144,176,Q145,Q177,52.964716553287985,64.62113378684808,58.7929251700680325,32,164.71613545816726
145,177,Q146,Q178,53.336235827664396,64.99265306122449,59.164444444444443,32,164.7161354581673
146,178,Q147,Q179,53.707755102040814,65.34095238095239,59.524353741496602,32,165.04491017964057
147,179,Q148,Q180,54.07927437641723,65.68925170068027,59.88426303854875,32,165.37499999999997
148,180,Q149,Q181,54.427573696145124,66.06077097505668,60.244172335600902,32,165.04491017964085
149,181,Q150,Q182,54.79909297052154,66.40907029478458,60.60408163265306,32,165.37499999999997
150,182,Q151,Q183,55.17061224489796,66.780589569161,60.97560090702948,32,165.37499999999997
151,183,Q152,Q184,55.54213151927438,67.1288888888889,61.33551020408164,32,165.7064128256512
152,184,Q153,Q185,55.89043083900227,67.47718820861678,61.683809523809525,32,165.70641282565134
153,185,Q154,Q186,56.26195011337869,67.84870748299319,62.05532879818594,32,165.70641282565148
154,186,Q155,Q187,56.610249433106574,68.19700680272109,62.403628117913832,32,165.70641282565126
155,187,Q156,Q188,56.98176870748299,68.5685260770975,62.775147392290245,32,165.70641282565134
156,188,Q157,Q189,57.330068027210885,68.9168253968254,63.1234467120181425,32,165.70641282565126
157,189,Q158,Q190,57.67836734693878,69.28834467120181,63.483356009070295,32,165.3750000000001
158,190,Q159,Q191,58.026666666666664,69.6366439909297,63.831655328798182,32,165.37500000000003
159,191,Q160,Q192,58.39818594104308,69.9849433106576,64.19156462585034,32,165.7064128256512
160,192,Q161,Q193,58.746485260770974,70.35646258503401,64.551473922902492,32,165.37500000000003
161,193,Q162,Q194,59.11800453514739,70.70476190476191,64.91138321995465,32,165.7064128256512
162,194,Q163,Q195,59.466303854875285,71.07628117913832,65.2712925170068025,32,165.37500000000006
163,195,Q164,Q196,59.8378231292517,71.42458049886622,65.63120181405896,32,165.7064128256512
164,196,Q165,Q197,60.20934240362812,71.79609977324263,66.002721088435375,32,165.70641282565134
165,197,Q166,Q198,60.58086167800454,72.14439909297052,66.36263038548753,32,166.03915662650613
166,198,Q167,Q199,60.929160997732424,72.51591836734694,66.722539682539682,32,165.70641282565126
167,199,Q168,Q200,61.32390022675737,72.86421768707483,67.09405895691610,32,166.3732394366197
168,200,Q169,Q201,61.695419501133784,73.23573696145125,67.465578231292517,32,166.37323943661963
169,201,Q170,Q202,62.0669387755102,73.60725623582766,67.83709750566893,32,166.3732394366197
170,202,Q171,Q203,62.43845804988662,73.95555555555555,68.197006802721085,32,166.70866935483878
171,203,Q172,Q204,62.80997732426304,74.32707482993197,68.568526077097505,32,166.70866935483878
172,204,Q173,Q205,63.181496598639455,74.67537414965986,68.9284353741496575,32,167.0454545454546
173,205,Q174,Q206,63.52979591836735,75.04689342403628,69.288344671201815,32,166.70866935483878
174,206,Q175,Q207,63.901315192743766,75.39519274376417,69.648253968253968,32,167.04545454545462
175,207,Q176,Q208,64.27283446712018,75.7667120181406,70.01977324263039,32,167.04545454545436
176,208,Q177,Q209,64.62113378684808,76.11501133786848,70.36807256235828,32,167.04545454545467
177,209,Q178,Q210,64.99265306122449,76.48653061224489,70.73959183673469,32,167.04545454545467
178,210,Q179,Q211,65.34095238095239,76.83482993197279,71.08789115646259,32,167.04545454545467
179,211,Q180,Q212,65.68925170068027,77.18312925170068,71.436190476190475,32,167.04545454545453
180,212,Q181,Q213,66.06077097505668,77.5546485260771,71.80770975056689,32,167.04545454545436
181,213,Q182,Q214,66.40907029478458,77.90294784580499,72.156009070294785,32,167.04545454545453
182,214,Q183,Q215,66.780589569161,78.27446712018141,72.527528344671205,32,167.04545454545453
183,215,Q184,Q216,67.1288888888889,78.6227664399093,72.8758276643991,32,167.04545454545467
184,216,Q185,Q217,67.47718820861678,78.97106575963718,73.22412698412698,32,167.04545454545467
185,217,Q186,Q218,67.84870748299319,79.34258503401361,73.59564625850340,32,167.04545454545436
186,218,Q187,Q219,68.19700680272109,79.6908843537415,73.943945578231295,32,167.04545454545453
187,219,Q188,Q220,68.5685260770975,80.03918367346938,74.30385487528344,32,167.3836032388664
188,220,Q189,Q221,68.9168253968254,80.4107029478458,74.6637641723356,32,167.04545454545467
189,221,Q190,Q222,69.28834467120181,80.78222222222222,75.035283446712015,32,167.04545454545453
190,222,Q191,Q223,69.6366439909297,81.13052154195012,75.38358276643991,32,167.04545454545436
191,223,Q192,Q224,69.9849433106576,81.50204081632653,75.743492063492065,32,166.70866935483878
192,224,Q193,Q225,70.35646258503401,81.87356009070295,76.11501133786848,32,166.70866935483863
193,225,Q194,Q226,70.70476190476191,82.24507936507936,76.474920634920635,32,166.37323943661985
194,226,Q195,Q227,71.07628117913832,82.61659863945579,76.846439909297055,32,166.37323943661957
195,227,Q196,Q228,71.42458049886622,82.9881179138322,77.20634920634921,32,166.03915662650613
196,228,Q197,Q229,71.79609977324263,83.35963718820862,77.577868480725625,32,166.03915662650599
197,229,Q198,Q230,72.14439909297052,83.73115646258503,77.937777777777775,32,165.70641282565134
198,230,Q199,Q231,72.51591836734694,84.10267573696144,78.30929705215419,32,165.70641282565148
199,231,Q200,Q232,72.86421768707483,84.45097505668934,78.657596371882085,32,165.70641282565134
200,232,Q201,Q233,73.23573696145125,84.82249433106576,79.029115646258505,32,165.70641282565134
201,233,Q202,Q234,73.60725623582766,85.17079365079366,79.38902494331066,32,166.03915662650581
202,234,Q203,Q235,73.95555555555555,85.54231292517007,79.74893424036281,32,165.7064128256512
203,235,Q204,Q236,74.32707482993197,85.89061224489797,80.10884353741497,32,166.03915662650581
204,236,Q205,Q237,74.67537414965986,86.23891156462585,80.457142857142855,32,166.03915662650599
205,237,Q206,Q238,75.04689342403628,86.61043083900226,80.82866213151927,32,166.03915662650613
206,238,Q207,Q239,75.39519274376417,86.95873015873016,81.176961451247165,32,166.03915662650599
207,239,Q208,Q240,75.7667120181406,87.30702947845805,81.536870748299325,32,166.37323943661985
208,240,Q209,Q241,76.11501133786848,87.67854875283447,81.896780045351475,32,166.03915662650599
209,241,Q210,Q242,76.48653061224489,88.02684807256236,82.256689342403625,32,166.37323943661957
210,242,Q211,Q243,76.83482993197279,88.39836734693877,82.61659863945578,32,166.03915662650613
211,243,Q212,Q244,77.18312925170068,88.74666666666667,82.964897959183675,32,166.03915662650599
212,244,Q213,Q245,77.5546485260771,89.09496598639456,83.32480725623583,32,166.3732394366197
213,245,Q214,Q246,77.90294784580499,89.46648526077098,83.684716553287985,32,166.03915662650599
214,246,Q215,Q247,78.27446712018141,89.81478458049887,84.04462585034014,32,166.3732394366197
215,247,Q216,Q248,78.6227664399093,90.16308390022675,84.392925170068025,32,166.37323943661985
216,248,Q217,Q249,78.97106575963718,90.53460317460318,84.75283446712018,32,166.03915662650581
217,249,Q218,Q250,79.34258503401361,90.88290249433106,85.112743764172335,32,166.37323943661985
218,250,Q219,Q251,79.6908843537415,91.25442176870749,85.472653061224495,32,166.03915662650599
219,251,Q220,Q252,80.03918367346938,91.60272108843537,85.820952380952375,32,166.03915662650599
220,252,Q221,Q253,80.4107029478458,91.9742403628118,86.1924716553288,32,166.03915662650581
221,253,Q222,Q254,80.78222222222222,92.32253968253968,86.55238095238095,32,166.3732394366197
222,254,Q223,Q255,81.13052154195012,92.67083900226757,86.900680272108845,32,166.37323943661985
223,255,Q224,Q256,81.50204081632653,93.042358276644,87.272199546485265,32,166.37323943661957
224,256,Q225,Q257,81.87356009070295,93.39065759637188,87.632108843537415,32,166.70866935483878
225,257,Q226,Q258,82.24507936507936,93.7621768707483,88.00362811791383,32,166.70866935483863
226,258,Q227,Q259,82.61659863945579,94.11047619047619,88.36353741496599,32,167.04545454545467
227,259,Q228,Q260,82.9881179138322,94.4819954648526,88.7350566893424,32,167.04545454545467
228,260,Q229,Q261,83.35963718820862,94.85351473922903,89.106575963718825,32,167.04545454545453
229,261,Q230,Q262,83.73115646258503,95.20181405895691,89.46648526077097,32,167.3836032388664
230,262,Q231,Q263,84.10267573696144,95.57333333333334,89.83800453514739,32,167.38360323886613
231,263,Q232,Q264,84.45097505668934,95.92163265306122,90.18630385487528,32,167.3836032388664
232,264,Q233,Q265,84.82249433106576,96.29315192743765,90.557823129251705,32,167.38360323886627
233,265,Q234,Q266,85.17079365079366,96.64145124716553,90.906122448979595,32,167.38360323886658
234,266,Q235,Q267,85.54231292517007,97.01297052154194,91.277641723356005,32,167.38360323886658
235,267,Q236,Q268,85.89061224489797,97.36126984126984,91.625941043083905,32,167.38360323886658
236,268,Q237,Q269,86.23891156462585,97.73278911564626,91.985850340136055,32,167.04545454545453
237,269,Q238,Q270,86.61043083900226,98.08108843537416,92.34575963718821,32,167.38360323886613
238,270,Q239,Q271,86.95873015873016,98.45260770975057,92.705668934240365,32,167.04545454545453
239,271,Q240,Q272,87.30702947845805,98.82412698412699,93.06557823129252,32,166.70866935483863
240,272,Q241,Q273,87.67854875283447,99.17242630385488,93.425487528344675,32,167.04545454545453
241,273,Q242,Q274,88.02684807256236,99.54394557823129,93.785396825396825,32,166.70866935483878
242,274,Q243,Q275,88.39836734693877,99.91546485260771,94.15691609977324,32,166.70866935483863
243,275,Q244,Q276,88.74666666666667,100.28698412698412,94.516825396825395,32,166.37323943661985
244,276,Q245,Q277,89.09496598639456,100.65850340136055,94.876734693877555,32,166.03915662650599
245,277,Q246,Q278,89.46648526077098,101.03002267573696,95.24825396825397,32,166.03915662650613
246,278,Q247,Q279,89.81478458049887,101.40154195011338,95.608163265306125,32,165.70641282565134
247,279,Q248,Q280,90.16308390022675,101.74984126984127,95.95646258503401,32,165.7064128256512
248,280,Q249,Q281,90.53460317460318,102.1213605442177,96.32798185941044,32,165.7064128256512
249,281,Q250,Q282,90.88290249433106,102.46965986394558,96.67628117913832,32,165.7064128256512
250,282,Q251,Q283,91.25442176870749,102.84117913832199,97.04780045351474,32,165.70641282565148
251,283,Q252,Q284,91.60272108843537,103.18947845804989,97.39609977324263,32,165.7064128256512
252,284,Q253,Q285,91.9742403628118,103.53777777777778,97.75600907029479,32,166.03915662650613
253,285,Q254,Q286,92.32253968253968,103.9092970521542,98.11591836734694,32,165.7064128256512
254,286,Q255,Q287,92.67083900226757,104.25759637188209,98.46421768707483,32,165.7064128256512
255,287,Q256,Q288,93.042358276644,104.60589569160997,98.824126984126985,32,166.03915662650627
256,288,Q257,Q289,93.39065759637188,104.9774149659864,99.18403628117914,32,165.7064128256512
257,289,Q258,Q290,93.7621768707483,105.32571428571428,99.54394557823129,32,166.03915662650613
258,290,Q259,Q291,94.11047619047619,105.67401360544218,99.892244897959185,32,166.03915662650599
259,291,Q260,Q292,94.4819954648526,106.0455328798186,100.2637641723356,32,166.03915662650581
260,292,Q261,Q293,94.85351473922903,106.39383219954648,100.623673469387755,32,166.37323943661985
261,293,Q262,Q294,95.20181405895691,106.74213151927438,100.971972789115645,32,166.37323943661957
262,294,Q263,Q295,95.57333333333334,107.11365079365079,101.343492063492065,32,166.37323943661985
263,295,Q264,Q296,95.92163265306122,107.46195011337869,101.691791383219955,32,166.37323943661957
264,296,Q265,Q297,96.29315192743765,107.81024943310658,102.051700680272115,32,166.70866935483878
265,297,Q266,Q298,96.64145124716553,108.18176870748299,102.41160997732426,32,166.3732394366197
266,298,Q267,Q299,97.01297052154194,108.53006802721089,102.771519274376415,32,166.7086693548385
267,299,Q268,Q300,97.36126984126984,108.9015873015873,103.13142857142857,32,166.3732394366197
268,300,Q269,Q301,97.73278911564626,109.2498866213152,103.49133786848073,32,166.70866935483863
269,301,Q270,Q302,98.08108843537416,109.62140589569161,103.851247165532885,32,166.37323943661985
270,302,Q271,Q303,98.45260770975057,109.9697052154195,104.211156462585035,32,166.70866935483878
271,303,Q272,Q304,98.82412698412699,110.34122448979592,104.582675736961455,32,166.70866935483878
272,304,Q273,Q305,99.17242630385488,110.6895238095238,104.93097505668934,32,166.70866935483892
273,305,Q274,Q306,99.54394557823129,111.06104308390023,105.30249433106576,32,166.70866935483863
274,306,Q275,Q307,99.91546485260771,111.43256235827664,105.674013605442175,32,166.70866935483878
275,307,Q276,Q308,100.28698412698412,111.78086167800454,106.03392290249433,32,167.04545454545436
276,308,Q277,Q309,100.65850340136055,112.12916099773243,106.39383219954649,32,167.3836032388664
277,309,Q278,Q310,101.03002267573696,112.50068027210884,106.76535147392290,32,167.3836032388664
278,310,Q279,Q311,101.40154195011338,112.84897959183674,107.12526077097506,32,167.72312373225145
279,311,Q280,Q312,101.74984126984127,113.22049886621315,107.48517006802721,32,167.3836032388664
280,312,Q281,Q313,102.1213605442177,113.56879818594105,107.845079365079375,32,167.72312373225162
281,313,Q282,Q314,102.46965986394558,113.94031746031746,108.20498866213152,32,167.3836032388664
282,314,Q283,Q315,102.84117913832199,114.31183673469388,108.576507936507935,32,167.38360323886627
283,315,Q284,Q316,103.18947845804989,114.66013605442177,108.92480725623583,32,167.3836032388664
284,316,Q285,Q317,103.53777777777778,115.03165532879818,109.28471655328798,32,167.04545454545467
285,317,Q286,Q318,103.9092970521542,115.4031746031746,109.6562358276644,32,167.04545454545467
286,318,Q287,Q319,104.25759637188209,115.77469387755102,110.016145124716555,32,166.70866935483878
287,319,Q288,Q320,104.60589569160997,116.14621315192744,110.376054421768705,32,166.37323943661957
288,320,Q289,Q321,104.9774149659864,116.51773242630385,110.747573696145125,32,166.37323943661985
289,321,Q290,Q322,105.32571428571428,116.88925170068028,111.10748299319728,32,166.03915662650581
290,322,Q291,Q323,105.67401360544218,117.26077097505669,111.467392290249435,32,165.70641282565134
291,323,Q292,Q324,106.0455328798186,117.63229024943311,111.838911564625855,32,165.70641282565134
292,324,Q293,Q325,106.39383219954648,118.00380952380952,112.19882086167800,32,165.37499999999997
293,325,Q294,Q326,106.74213151927438,118.37532879818595,112.558730158730165,32,165.04491017964065
294,326,Q295,Q327,107.11365079365079,118.72362811791383,112.91863945578231,32,165.37499999999997
295,327,Q296,Q328,107.46195011337869,119.09514739229024,113.278548752834465,32,165.04491017964094
296,328,Q297,Q329,107.81024943310658,119.44344671201814,113.62684807256236,32,165.0449101796408
297,329,Q298,Q330,108.18176870748299,119.81496598639455,113.99836734693877,32,165.0449101796408
298,330,Q299,Q331,108.53006802721089,120.16326530612245,114.34666666666667,32,165.0449101796408
299,331,Q300,Q332,108.9015873015873,120.53478458049887,114.718185941043085,32,165.04491017964065
300,332,Q301,Q333,109.2498866213152,120.88308390022675,115.066485260770975,32,165.04491017964094
301,333,Q302,Q334,109.62140589569161,121.25460317460318,115.438004535147395,32,165.04491017964065
302,334,Q303,Q335,109.9697052154195,121.60290249433106,115.78630385487528,32,165.0449101796408
303,335,Q304,Q336,110.34122448979592,121.97442176870749,116.157823129251705,32,165.04491017964065
304,336,Q305,Q337,110.6895238095238,122.32272108843537,116.506122448979585,32,165.04491017964065
305,337,Q306,Q338,111.06104308390023,122.6942403628118,116.877641723356015,32,165.04491017964065
306,338,Q307,Q339,111.43256235827664,123.06575963718821,117.249160997732425,32,165.04491017964065
307,339,Q308,Q340,111.78086167800454,123.4140589569161,117.59746031746032,32,165.0449101796408
308,340,Q309,Q341,112.12916099773243,123.78557823129252,117.957369614512475,32,164.71613545816734
309,341,Q310,Q342,112.50068027210884,124.1338775510204,118.31727891156462,32,165.0449101796408
310,342,Q311,Q343,112.84897959183674,124.50539682539683,118.677188208616785,32,164.71613545816734
311,343,Q312,Q344,113.22049886621315,124.85369614512472,119.037097505668935,32,165.04491017964065
312,344,Q313,Q345,113.56879818594105,125.22521541950114,119.397006802721095,32,164.71613545816734
313,345,Q314,Q346,113.94031746031746,125.57351473922903,119.756916099773245,32,165.04491017964065
314,346,Q315,Q347,114.31183673469388,125.94503401360544,120.12843537414966,32,165.0449101796408
315,347,Q316,Q348,114.66013605442177,126.29333333333334,120.476734693877555,32,165.04491017964065
316,348,Q317,Q349,115.03165532879818,126.66485260770975,120.848253968253965,32,165.04491017964065
317,349,Q318,Q350,115.4031746031746,127.01315192743765,121.208163265306125,32,165.37499999999983
318,350,Q319,Q351,115.77469387755102,127.36145124716553,121.568072562358275,32,165.70641282565134
319,351,Q320,Q352,116.14621315192744,127.73297052154194,121.93959183673469,32,165.70641282565148
320,352,Q321,Q353,116.51773242630385,128.08126984126983,122.29950113378684,32,166.03915662650613
321,353,Q322,Q354,116.88925170068028,128.45278911564625,122.671020408163265,32,166.03915662650627
322,354,Q323,Q355,117.26077097505669,128.80108843537414,123.030929705215415,32,166.37323943661985
323,355,Q324,Q356,117.63229024943311,129.17260770975057,123.40244897959184,32,166.3732394366197
324,356,Q325,Q357,118.00380952380952,129.52090702947845,123.762358276643985,32,166.70866935483878
325,357,Q326,Q358,118.37532879818595,129.89242630385488,124.133877551020415,32,166.70866935483878
326,358,Q327,Q359,118.72362811791383,130.24072562358276,124.482176870748295,32,166.70866935483878
327,359,Q328,Q360,119.09514739229024,130.6122448979592,124.85369614512472,32,166.70866935483835
328,360,Q329,Q361,119.44344671201814,130.96054421768707,125.201995464852605,32,166.70866935483878
329,361,Q330,Q362,119.81496598639455,131.3320634920635,125.573514739229025,32,166.7086693548385
330,362,Q331,Q363,120.16326530612245,131.68036281179138,125.921814058956915,32,166.70866935483878
331,363,Q332,Q364,120.53478458049887,132.0518820861678,126.293333333333335,32,166.70866935483878
332,364,Q333,Q365,120.88308390022675,132.4001814058957,126.641632653061225,32,166.7086693548385
333,365,Q334,Q366,121.25460317460318,132.77170068027212,127.01315192743765,32,166.70866935483863
334,366,Q335,Q367,121.60290249433106,133.12,127.36145124716553,32,166.70866935483863
335,367,Q336,Q368,121.97442176870749,133.49151927437643,127.73297052154196,32,166.70866935483863
336,368,Q337,Q369,122.32272108843537,133.83981859410432,128.081269841269845,32,166.7086693548385
337,369,Q338,Q370,122.6942403628118,134.2113378684807,128.45278911564625,32,166.7086693548392
338,370,Q339,Q371,123.06575963718821,134.55963718820863,128.81269841269842,32,167.04545454545436
339,371,Q340,Q372,123.4140589569161,134.93115646258502,129.17260770975056,32,166.70866935483892
340,372,Q341,Q373,123.78557823129252,135.27945578231294,129.53251700680273,32,167.04545454545436
341,373,Q342,Q374,124.1338775510204,135.65097505668933,129.892426303854865,32,166.70866935483878
342,374,Q343,Q375,124.50539682539683,135.99927437641725,130.25233560090704,32,167.04545454545436
343,375,Q344,Q376,124.85369614512472,136.37079365079364,130.61224489795918,32,166.70866935483892
344,376,Q345,Q377,125.22521541950114,136.71909297052153,130.972154195011335,32,167.04545454545482
345,377,Q346,Q378,125.57351473922903,137.09061224489795,131.33206349206349,32,166.70866935483892
346,378,Q347,Q379,125.94503401360544,137.43891156462584,131.69197278911564,32,167.04545454545467
347,379,Q348,Q380,126.29333333333334,137.81043083900227,132.051882086167805,32,166.70866935483878
348,380,Q349,Q381,126.66485260770975,138.15873015873015,132.41179138321995,32,167.04545454545467
349,381,Q350,Q382,127.01315192743765,138.50702947845804,132.760090702947845,32,167.04545454545482
350,382,Q351,Q383,127.36145124716553,138.87854875283446,133.119999999999995,32,166.70866935483878
351,383,Q352,Q384,127.73297052154194,139.22684807256235,133.479909297052145,32,167.04545454545453
352,384,Q353,Q385,128.08126984126983,139.59836734693877,133.83981859410430,32,166.70866935483863
353,385,Q354,Q386,128.45278911564625,139.94666666666666,134.199727891156455,32,167.04545454545453
354,386,Q355,Q387,128.80108843537414,140.31818594104308,134.55963718820861,32,166.70866935483863
355,387,Q356,Q388,129.17260770975057,140.6897052154195,134.931156462585035,32,166.70866935483878
356,388,Q357,Q389,129.52090702947845,141.0380045351474,135.279455782312925,32,166.7086693548385
357,389,Q358,Q390,129.89242630385488,141.40952380952382,135.65097505668935,32,166.70866935483863
358,390,Q359,Q391,130.24072562358276,141.78104308390022,136.01088435374149,32,166.3732394366197
359,391,Q360,Q392,130.6122448979592,142.12934240362813,136.370793650793665,32,166.70866935483878
360,392,Q361,Q393,130.96054421768707,142.50086167800453,136.73070294784580,32,166.3732394366197
361,393,Q362,Q394,131.3320634920635,142.87238095238095,137.102222222222225,32,166.37323943661985
362,394,Q363,Q395,131.68036281179138,143.22068027210884,137.45052154195011,32,166.3732394366197
363,395,Q364,Q396,132.0518820861678,143.59219954648526,137.82204081632653,32,166.3732394366197
364,396,Q365,Q397,132.4001814058957,143.94049886621315,138.170340136054425,32,166.37323943661985
365,397,Q366,Q398,132.77170068027212,144.28879818594103,138.530249433106575,32,166.70866935483906
366,398,Q367,Q399,133.12,144.66031746031746,138.89015873015873,32,166.3732394366197
367,399,Q368,Q400,133.49151927437643,145.00861678004534,139.250068027210885,32,166.70866935483906
368,400,Q369,Q401,133.83981859410432,145.38013605442177,139.609977324263045,32,166.37323943661985
369,401,Q370,Q402,134.2113378684807,145.72843537414965,139.969886621315175,32,166.7086693548385
370,402,Q371,Q403,134.55963718820863,146.09995464852608,140.329795918367355,32,166.37323943661985
371,403,Q372,Q404,134.93115646258502,146.44825396825397,140.689705215419495,32,166.7086693548385
372,404,Q373,Q405,135.27945578231294,146.79655328798185,141.038004535147395,32,166.70866935483906
373,405,Q374,Q406,135.65097505668933,147.16807256235828,141.409523809523805,32,166.7086693548385
374,406,Q375,Q407,135.99927437641725,147.51637188208616,141.757823129251705,32,166.70866935483906
375,407,Q376,Q408,136.37079365079364,147.8878911564626,142.12934240362812,32,166.70866935483835
376,408,Q377,Q409,136.71909297052153,148.23619047619047,142.47764172335600,32,166.70866935483863
377,409,Q378,Q410,137.09061224489795,148.58448979591836,142.837551020408155,32,167.04545454545453
378,410,Q379,Q411,137.43891156462584,148.95600907029478,143.19746031746031,32,166.70866935483863
379,411,Q380,Q412,137.81043083900227,149.30430839002267,143.55736961451247,32,167.04545454545467
380,412,Q381,Q413,138.15873015873015,149.65260770975055,143.90566893424035,32,167.04545454545467
381,413,Q382,Q414,138.50702947845804,150.02412698412698,144.26557823129251,32,166.70866935483863
382,414,Q383,Q415,138.87854875283446,150.3956462585034,144.63709750566893,32,166.70866935483863
383,415,Q384,Q416,139.22684807256235,150.7439455782313,144.985396825396825,32,166.7086693548385
384,416,Q385,Q417,139.59836734693877,151.11546485260772,145.356916099773245,32,166.7086693548385
385,417,Q386,Q418,139.94666666666666,151.48698412698414,145.71682539682540,32,166.37323943661943
386,418,Q387,Q419,140.31818594104308,151.85850340136054,146.08834467120181,32,166.3732394366197
387,419,Q388,Q420,140.6897052154195,152.23002267573696,146.45986394557823,32,166.3732394366197
388,420,Q389,Q421,141.0380045351474,152.6015419501134,146.8197732426304,32,166.03915662650581
389,421,Q390,Q422,141.40952380952382,152.99628117913832,147.20290249433107,32,165.70641282565148
390,422,Q391,Q423,141.78104308390022,153.36780045351475,147.574421768707485,32,165.70641282565106
391,423,Q392,Q424,142.12934240362813,153.73931972789114,147.934331065759635,32,165.3750000000004
392,424,Q393,Q425,142.50086167800453,154.08761904761906,148.294240362811795,32,165.70641282565106
393,425,Q394,Q426,142.87238095238095,154.45913832199545,148.66575963718820,32,165.70641282565148
394,426,Q395,Q427,143.22068027210884,154.83065759637188,149.02566893424036,32,165.37499999999997
395,427,Q396,Q428,143.59219954648526,155.17895691609976,149.38557823129251,32,165.70641282565148
396,428,Q397,Q429,143.94049886621315,155.52725623582765,149.73387755102040,32,165.70641282565148
397,429,Q398,Q430,144.28879818594103,155.89877551020408,150.093786848072555,32,165.37499999999983
398,430,Q399,Q431,144.66031746031746,156.24707482993196,150.45369614512471,32,165.70641282565148
399,431,Q400,Q432,145.00861678004534,156.6185941043084,150.81360544217687,32,165.3749999999997
400,432,Q401,Q433,145.38013605442177,156.96689342403627,151.17351473922902,32,165.70641282565148
401,433,Q402,Q434,145.72843537414965,157.3384126984127,151.533424036281175,32,165.37499999999983
402,434,Q403,Q435,146.09995464852608,157.70993197278912,151.90494331065760,32,165.37499999999997
403,435,Q404,Q436,146.44825396825397,158.08145124716555,152.26485260770976,32,165.0449101796405
404,436,Q405,Q437,146.79655328798185,158.45297052154194,152.624761904761895,32,164.71613545816734
405,437,Q406,Q438,147.16807256235828,158.80126984126983,152.984671201814055,32,165.04491017964094
406,438,Q407,Q439,147.51637188208616,159.17278911564625,153.344580498866205,32,164.71613545816734
407,439,Q408,Q440,147.8878911564626,159.54430839002268,153.71609977324264,32,164.71613545816749
408,440,Q409,Q441,148.23619047619047,159.9158276643991,154.076009070294785,32,164.38866799204752
409,441,Q410,Q442,148.58448979591836,160.264126984127,154.42430839002268,32,164.38866799204737
410,442,Q411,Q443,148.95600907029478,160.61242630385487,154.784217687074825,32,164.71613545816734
411,443,Q412,Q444,149.30430839002267,160.9839455782313,155.144126984126985,32,164.38866799204752
412,444,Q413,Q445,149.65260770975055,161.33224489795919,155.49242630385487,32,164.38866799204737
413,445,Q414,Q446,150.02412698412698,161.68054421768707,155.852335600907025,32,164.71613545816734
414,446,Q415,Q447,150.3956462585034,162.0520634920635,156.22385487528345,32,164.7161354581672
415,447,Q416,Q448,150.7439455782313,162.40036281179138,156.57215419501134,32,164.71613545816749
416,448,Q417,Q449,151.11546485260772,162.7718820861678,156.94367346938776,32,164.71613545816749
417,449,Q418,Q450,151.48698412698414,163.14340136054423,157.315192743764185,32,164.71613545816734
418,450,Q419,Q451,151.85850340136054,163.51492063492063,157.686712018140585,32,164.71613545816734
419,451,Q420,Q452,152.23002267573696,163.88643990929705,158.058231292517005,32,164.71613545816734
420,452,Q421,Q453,152.6015419501134,164.23473922902494,158.41814058956917,32,165.04491017964108
421,453,Q422,Q454,152.99628117913832,164.60625850340136,158.80126984126984,32,165.37499999999997
422,454,Q423,Q455,153.36780045351475,164.9777777777778,159.172789115646275,32,165.37499999999983
423,455,Q424,Q456,153.73931972789114,165.34929705215418,159.54430839002266,32,165.37499999999997
424,456,Q425,Q457,154.08761904761906,165.6975963718821,159.89260770975058,32,165.37499999999997
425,457,Q426,Q458,154.45913832199545,166.0691156462585,160.264126984126975,32,165.37499999999983
426,458,Q427,Q459,154.83065759637188,166.41741496598638,160.62403628117913,32,165.70641282565148
427,459,Q428,Q460,155.17895691609976,166.7889342403628,160.98394557823128,32,165.37499999999997
428,460,Q429,Q461,155.52725623582765,167.1372335600907,161.332244897959175,32,165.37499999999983
429,461,Q430,Q462,155.89877551020408,167.4855328798186,161.69215419501134,32,165.7064128256512
430,462,Q431,Q463,156.24707482993196,167.8338321995465,162.04045351473923,32,165.70641282565092
431,463,Q432,Q464,156.6185941043084,168.2053514739229,162.41197278911565,32,165.70641282565148
432,464,Q433,Q465,156.96689342403627,168.5536507936508,162.760272108843535,32,165.70641282565106
433,465,Q434,Q466,157.3384126984127,168.9251700680272,163.13179138321995,32,165.70641282565148
434,466,Q435,Q467,157.70993197278912,169.2734693877551,163.49170068027211,32,166.03915662650613
435,467,Q436,Q468,158.08145124716555,169.621768707483,163.851609977324275,32,166.37323943661985
436,468,Q437,Q469,158.45297052154194,169.99328798185942,164.22312925170068,32,166.37323943661943
437,469,Q438,Q470,158.80126984126983,170.3415873015873,164.571428571428565,32,166.37323943661957
438,470,Q439,Q471,159.17278911564625,170.7131065759637,164.942947845804975,32,166.37323943661985
439,471,Q440,Q472,159.54430839002268,171.06140589569162,165.30285714285715,32,166.70866935483863
440,472,Q441,Q473,159.9158276643991,171.43292517006802,165.67437641723356,32,166.70866935483892
441,473,Q442,Q474,160.264126984127,171.78122448979593,166.022675736961465,32,166.70866935483878
442,474,Q443,Q475,160.61242630385487,172.15274376417233,166.38258503401360,32,166.3732394366197
443,475,Q444,Q476,160.9839455782313,172.5010430839002,166.74249433106575,32,166.7086693548392
444,476,Q445,Q477,161.33224489795919,172.87256235827664,167.102403628117915,32,166.37323943661985
445,477,Q446,Q478,161.68054421768707,173.22086167800452,167.450702947845795,32,166.37323943661985
446,478,Q447,Q479,162.0520634920635,173.59238095238095,167.822222222222225,32,166.37323943661985
447,479,Q448,Q480,162.40036281179138,173.94068027210884,168.17052154195011,32,166.3732394366197
448,480,Q449,Q481,162.7718820861678,174.31219954648526,168.54204081632653,32,166.3732394366197
449,481,Q450,Q482,163.14340136054423,174.68371882086169,168.91356009070296,32,166.3732394366197
450,482,Q451,Q483,163.51492063492063,175.03201814058957,169.27346938775510,32,166.70866935483863
451,483,Q452,Q484,163.88643990929705,175.403537414966,169.644988662131525,32,166.7086693548385
452,484,Q453,Q485,164.23473922902494,175.75183673469388,169.99328798185941,32,166.70866935483863
453,485,Q454,Q486,164.60625850340136,176.1233560090703,170.36480725623583,32,166.70866935483863
454,486,Q455,Q487,164.9777777777778,176.4716553287982,170.7247165532880,32,167.04545454545467
455,487,Q456,Q488,165.34929705215418,176.84317460317462,171.09623582766440,32,167.04545454545408
456,488,Q457,Q489,165.6975963718821,177.1914739229025,171.4445351473923,32,167.04545454545467
457,489,Q458,Q490,166.0691156462585,177.5629931972789,171.8160544217687,32,167.04545454545467
458,490,Q459,Q491,166.41741496598638,177.9112925170068,172.16435374149659,32,167.04545454545436
459,491,Q460,Q492,166.7889342403628,178.2828117913832,172.5358730158730,32,167.04545454545467
460,492,Q461,Q493,167.1372335600907,178.63111111111112,172.88417233560091,32,167.04545454545436
461,493,Q462,Q494,167.4855328798186,179.00263038548752,173.24408163265306,32,166.70866935483892
462,494,Q463,Q495,167.8338321995465,179.37414965986395,173.603990929705225,32,166.37323943661985
463,495,Q464,Q496,168.2053514739229,179.72244897959183,173.963900226757365,32,166.70866935483878
464,496,Q465,Q497,168.5536507936508,180.09396825396826,174.32380952380953,32,166.3732394366197
465,497,Q466,Q498,168.9251700680272,180.46548752834468,174.69532879818594,32,166.37323943661943
466,498,Q467,Q499,169.2734693877551,180.83700680272108,175.05523809523809,32,166.03915662650613
467,499,Q468,Q500,169.621768707483,181.2085260770975,175.41514739229025,32,165.70641282565148
468,500,Q469,Q501,169.99328798185942,181.58004535147393,175.786666666666675,32,165.70641282565134
469,501,Q470,Q502,170.3415873015873,181.9283446712018,176.13496598639455,32,165.70641282565148
470,502,Q471,Q503,170.7131065759637,182.29986394557824,176.50648526077097,32,165.70641282565092
471,503,Q472,Q504,171.06140589569162,182.64816326530612,176.85478458049887,32,165.70641282565148
472,504,Q473,Q505,171.43292517006802,183.01968253968255,177.226303854875285,32,165.70641282565106
473,505,Q474,Q506,171.78122448979593,183.36798185941043,177.57460317460318,32,165.70641282565148
474,506,Q475,Q507,172.15274376417233,183.71628117913832,177.934512471655325,32,166.03915662650599
475,507,Q476,Q508,172.5010430839002,184.0645804988662,178.2828117913832,32,166.03915662650581
476,508,Q477,Q509,172.87256235827664,184.43609977324263,178.654331065759635,32,166.03915662650599
477,509,Q478,Q510,173.22086167800452,184.78439909297052,179.00263038548752,32,166.03915662650581
478,510,Q479,Q511,173.59238095238095,185.15591836734694,179.374149659863945,32,166.03915662650599
479,511,Q480,Q512,173.94068027210884,185.50421768707483,179.722448979591835,32,166.03915662650599
480,512,Q481,Q513,174.31219954648526,185.87573696145125,180.093968253968255,32,166.03915662650599
481,513,Q482,Q514,174.68371882086169,186.24725623582768,180.465487528344685,32,166.03915662650599
482,514,Q483,Q515,175.03201814058957,186.61877551020407,180.82539682539682,32,165.70641282565148
483,515,Q484,Q516,175.403537414966,186.9902947845805,181.19691609977325,32,165.70641282565148
484,516,Q485,Q517,175.75183673469388,187.36181405895692,181.55682539682540,32,165.37499999999997
485,517,Q486,Q518,176.1233560090703,187.73333333333332,181.92834467120181,32,165.37500000000026
486,518,Q487,Q519,176.4716553287982,188.08163265306123,182.276643990929715,32,165.3750000000001
487,519,Q488,Q520,176.84317460317462,188.45315192743763,182.648163265306125,32,165.3750000000004
488,520,Q489,Q521,177.1914739229025,188.80145124716555,182.996462585034025,32,165.37499999999983
489,521,Q490,Q522,177.5629931972789,189.14975056689343,183.356371882086165,32,165.70641282565106
490,522,Q491,Q523,177.9112925170068,189.49804988662132,183.70467120181406,32,165.7064128256512
491,523,Q492,Q524,178.2828117913832,189.86956916099774,184.07619047619047,32,165.70641282565092
492,524,Q493,Q525,178.63111111111112,190.21786848072563,184.424489795918375,32,165.70641282565134
493,525,Q494,Q526,179.00263038548752,190.5661678004535,184.78439909297051,32,166.03915662650613
494,526,Q495,Q527,179.37414965986395,190.9144671201814,185.144308390022675,32,166.37323943661985
495,527,Q496,Q528,179.72244897959183,191.26276643990929,185.49260770975056,32,166.3732394366197
496,528,Q497,Q529,180.09396825396826,191.6110657596372,185.85251700680273,32,166.70866935483863
497,529,Q498,Q530,180.46548752834468,191.95936507936509,186.212426303854885,32,167.04545454545453
498,530,Q499,Q531,180.83700680272108,192.3308843537415,186.58394557823129,32,167.04545454545436
499,531,Q500,Q532,181.2085260770975,192.6791836734694,186.94385487528345,32,167.38360323886613
500,532,Q501,Q533,181.58004535147393,193.02748299319728,187.303764172335605,32,167.72312373225162
501,533,Q502,Q534,181.9283446712018,193.37578231292517,187.652063492063485,32,167.7231237322513
502,534,Q503,Q535,182.29986394557824,193.72408163265305,188.011972789115645,32,168.06402439024419
503,535,Q504,Q536,182.64816326530612,194.07238095238094,188.36027210884353,32,168.06402439024404
504,536,Q505,Q537,183.01968253968255,194.44390022675736,188.731791383219955,32,168.06402439024419
505,537,Q506,Q538,183.36798185941043,194.79219954648525,189.08009070294784,32,168.06402439024404
506,538,Q507,Q539,183.71628117913832,195.14049886621316,189.42839002267574,32,168.06402439024376
507,539,Q508,Q540,184.0645804988662,195.48879818594105,189.776689342403625,32,168.06402439024362
508,540,Q509,Q541,184.43609977324263,195.86031746031745,190.14820861678004,32,168.06402439024404
509,541,Q510,Q542,184.78439909297052,196.20861678004536,190.49650793650794,32,168.06402439024376
510,542,Q511,Q543,185.15591836734694,196.55691609977325,190.856417233560095,32,168.40631364562108
511,543,Q512,Q544,185.50421768707483,196.90521541950113,191.20471655328798,32,168.40631364562122
512,544,Q513,Q545,185.87573696145125,197.27673469387756,191.576235827664405,32,168.40631364562108
513,545,Q514,Q546,186.24725623582768,197.62503401360544,191.93614512471656,32,168.75000000000026
514,546,Q515,Q547,186.61877551020407,197.97333333333333,192.29605442176870,32,169.09509202453975
515,547,Q516,Q548,186.9902947845805,198.34485260770975,192.667573696145125,32,169.0950920245399
516,548,Q517,Q549,187.36181405895692,198.69315192743764,193.02748299319728,32,169.44159836065583
517,549,Q518,Q550,187.73333333333332,199.06467120181406,193.39900226757369,32,169.44159836065552
518,550,Q519,Q551,188.08163265306123,199.41297052154195,193.74730158730159,32,169.44159836065583
519,551,Q520,Q552,188.45315192743763,199.76126984126984,194.107210884353735,32,169.78952772073907
520,552,Q521,Q553,188.80145124716555,200.13278911564626,194.467120181405905,32,169.44159836065597
521,553,Q522,Q554,189.14975056689343,200.48108843537415,194.81541950113379,32,169.44159836065583
522,554,Q523,Q555,189.49804988662132,200.85260770975057,195.175328798185945,32,169.0950920245399
523,555,Q524,Q556,189.86956916099774,201.20090702947846,195.53523809523810,32,169.44159836065583
524,556,Q525,Q557,190.21786848072563,201.57242630385488,195.895147392290255,32,169.0950920245399
525,557,Q526,Q558,190.5661678004535,201.92072562358277,196.243446712018135,32,169.0950920245396
526,558,Q527,Q559,190.9144671201814,202.26902494331065,196.591746031746025,32,169.0950920245399
527,559,Q528,Q560,191.26276643990929,202.64054421768708,196.951655328798185,32,168.74999999999983
528,560,Q529,Q561,191.6110657596372,202.98884353741497,197.299954648526085,32,168.7500000000001
529,561,Q530,Q562,191.95936507936509,203.33714285714285,197.64825396825397,32,168.75000000000026
530,562,Q531,Q563,192.3308843537415,203.68544217687074,198.00816326530612,32,169.09509202454007
531,563,Q532,Q564,192.6791836734694,204.05696145124716,198.36807256235828,32,168.75000000000026
532,564,Q533,Q565,193.02748299319728,204.40526077097505,198.716371882086165,32,168.7500000000001
533,565,Q534,Q566,193.37578231292517,204.75356009070296,199.064671201814065,32,168.74999999999983
534,566,Q535,Q567,193.72408163265305,205.12507936507936,199.424580498866205,32,168.40631364562108
535,567,Q536,Q568,194.07238095238094,205.47337868480724,199.77287981859409,32,168.40631364562122
536,568,Q537,Q569,194.44390022675736,205.84489795918367,200.144399092970515,32,168.40631364562108
537,569,Q538,Q570,194.79219954648525,206.19319727891155,200.49269841269840,32,168.40631364562122
538,570,Q539,Q571,195.14049886621316,206.56471655328798,200.85260770975057,32,168.06402439024404
539,571,Q540,Q572,195.48879818594105,206.9362358276644,201.212517006802725,32,167.72312373225162
540,572,Q541,Q573,195.86031746031745,207.30775510204083,201.58403628117914,32,167.72312373225117
541,573,Q542,Q574,196.20861678004536,207.67927437641723,201.943945578231295,32,167.38360323886658
542,574,Q543,Q575,196.55691609977325,208.05079365079365,202.30385487528345,32,167.04545454545467
543,575,Q544,Q576,196.90521541950113,208.4455328798186,202.675374149659865,32,166.37323943661957
544,576,Q545,Q577,197.27673469387756,208.817052154195,203.04689342403628,32,166.37323943662003
545,577,Q546,Q578,197.62503401360544,209.21179138321995,203.418412698412695,32,165.70641282565134
546,578,Q547,Q579,197.97333333333333,209.58331065759637,203.77832199546485,32,165.37499999999997
547,579,Q548,Q580,198.34485260770975,209.9548299319728,204.149841269841275,32,165.37499999999983
548,580,Q549,Q581,198.69315192743764,210.3263492063492,204.50975056689342,32,165.0449101796408
549,581,Q550,Q582,199.06467120181406,210.69786848072562,204.88126984126984,32,165.0449101796408
550,582,Q551,Q583,199.41297052154195,211.06938775510204,205.241179138321995,32,164.71613545816734
551,583,Q552,Q584,199.76126984126984,211.41768707482993,205.589478458049885,32,164.71613545816734
552,584,Q553,Q585,200.13278911564626,211.78920634920635,205.960997732426305,32,164.71613545816734
553,585,Q554,Q586,200.48108843537415,212.13750566893424,206.309297052154195,32,164.71613545816734
554,586,Q555,Q587,200.85260770975057,212.50902494331066,206.680816326530615,32,164.71613545816734
555,587,Q556,Q588,201.20090702947846,212.85732426303855,207.029115646258505,32,164.71613545816734
556,588,Q557,Q589,201.57242630385488,213.20562358276644,207.38902494331066,32,165.0449101796408
557,589,Q558,Q590,201.92072562358277,213.57714285714286,207.748934240362815,32,164.71613545816734
558,590,Q559,Q591,202.26902494331065,213.92544217687075,208.09723356009070,32,164.7161354581672
559,591,Q560,Q592,202.64054421768708,214.27374149659863,208.457142857142855,32,165.04491017964094
560,592,Q561,Q593,202.98884353741497,214.64526077097506,208.817052154195015,32,164.71613545816734
561,593,Q562,Q594,203.33714285714285,214.99356009070294,209.165351473922895,32,164.71613545816734
562,594,Q563,Q595,203.68544217687074,215.34185941043083,209.513650793650785,32,164.71613545816734
563,595,Q564,Q596,204.05696145124716,215.71337868480725,209.885170068027205,32,164.71613545816734
564,596,Q565,Q597,204.40526077097505,216.06167800453514,210.233469387755095,32,164.71613545816734
565,597,Q566,Q598,204.75356009070296,216.40997732426302,210.58176870748299,32,164.71613545816777
566,598,Q567,Q599,205.12507936507936,216.78149659863945,210.953287981859405,32,164.71613545816734
567,599,Q568,Q600,205.47337868480724,217.12979591836734,211.30158730158729,32,164.7161354581672
568,600,Q569,Q601,205.84489795918367,217.47809523809525,211.66149659863946,32,165.0449101796405
569,601,Q570,Q602,206.19319727891155,217.82639455782314,212.009795918367345,32,165.04491017964037
570,602,Q571,Q603,206.56471655328798,218.19791383219956,212.38131519274377,32,165.0449101796405
571,603,Q572,Q604,206.9362358276644,218.54621315192745,212.741224489795925,32,165.37499999999983
572,604,Q573,Q605,207.30775510204083,218.91773242630384,213.112743764172335,32,165.3750000000004
573,605,Q574,Q606,207.67927437641723,219.28925170068027,213.48426303854875,32,165.37499999999997
574,606,Q575,Q607,208.05079365079365,219.6607709750567,213.855782312925175,32,165.37499999999983
575,607,Q576,Q608,208.4455328798186,220.05551020408163,214.250521541950115,32,165.3750000000001
576,608,Q577,Q609,208.817052154195,220.45024943310656,214.63365079365078,32,165.0449101796408
577,609,Q578,Q610,209.21179138321995,220.821768707483,215.016780045351475,32,165.37499999999983
578,610,Q579,Q611,209.58331065759637,221.1932879818594,215.388299319727885,32,165.3750000000001
579,611,Q580,Q612,209.9548299319728,221.56480725623584,215.75981859410432,32,165.37499999999997
580,612,Q581,Q613,210.3263492063492,221.95954648526077,216.142947845804985,32,165.04491017964065
581,613,Q582,Q614,210.69786848072562,222.3310657596372,216.51446712018141,32,165.0449101796405
582,614,Q583,Q615,211.06938775510204,222.7025850340136,216.88598639455782,32,165.0449101796408
583,615,Q584,Q616,211.41768707482993,223.07410430839002,217.245895691609975,32,164.71613545816734
584,616,Q585,Q617,211.78920634920635,223.4224036281179,217.605804988662125,32,165.04491017964094
585,617,Q586,Q618,212.13750566893424,223.79392290249433,217.965714285714285,32,164.71613545816734
586,618,Q587,Q619,212.50902494331066,224.14222222222222,218.32562358276644,32,165.0449101796408
587,619,Q588,Q620,212.85732426303855,224.51374149659864,218.685532879818595,32,164.71613545816734
588,620,Q589,Q621,213.20562358276644,224.86204081632653,219.033832199546485,32,164.71613545816734
589,621,Q590,Q622,213.57714285714286,225.23356009070295,219.405351473922905,32,164.71613545816734
590,622,Q591,Q623,213.92544217687075,225.58185941043084,219.753650793650795,32,164.71613545816734
591,623,Q592,Q624,214.27374149659863,225.93015873015872,220.101950113378675,32,164.71613545816734
592,624,Q593,Q625,214.64526077097506,226.2784580498866,220.46185941043083,32,165.04491017964108
593,625,Q594,Q626,214.99356009070294,226.64997732426303,220.821768707482985,32,164.71613545816734
594,626,Q595,Q627,215.34185941043083,226.99827664399092,221.170068027210875,32,164.71613545816734
595,627,Q596,Q628,215.71337868480725,227.34657596371883,221.52997732426304,32,165.0449101796405
596,628,Q597,Q629,216.06167800453514,227.71809523809523,221.889886621315185,32,164.71613545816734
597,629,Q598,Q630,216.40997732426302,228.06639455782312,222.23818594104307,32,164.7161354581672
598,630,Q599,Q631,216.78149659863945,228.43791383219954,222.609705215419495,32,164.71613545816734
599,631,Q600,Q632,217.12979591836734,228.80943310657597,222.969614512471655,32,164.38866799204752
600,632,Q601,Q633,217.47809523809525,229.1809523809524,223.329523809523825,32,164.0624999999999
601,633,Q602,Q634,217.82639455782314,229.5524716553288,223.68943310657597,32,163.73762376237636
602,634,Q603,Q635,218.19791383219956,229.9239909297052,224.06095238095238,32,163.73762376237664
603,635,Q604,Q636,218.54621315192745,230.31873015873015,224.43247165532880,32,163.09171597633164
604,636,Q605,Q637,218.91773242630384,230.69024943310657,224.803990929705205,32,163.09171597633124
605,637,Q606,Q638,219.28925170068027,231.061768707483,225.175510204081635,32,163.09171597633124
606,638,Q607,Q639,219.6607709750567,231.45650793650793,225.558639455782315,32,162.7706692913388
607,639,Q608,Q640,220.05551020408163,231.82802721088436,225.941768707482995,32,163.09171597633124
608,640,Q609,Q641,220.45024943310656,232.19954648526078,226.32489795918367,32,163.414031620553
609,641,Q610,Q642,220.821768707483,232.57106575963718,226.69641723356009,32,163.41403162055357
610,642,Q611,Q643,221.1932879818594,232.9425850340136,227.0679365079365,32,163.4140316205533
611,643,Q612,Q644,221.56480725623584,233.33732426303854,227.45106575963719,32,163.09171597633164
612,644,Q613,Q645,221.95954648526077,233.70884353741496,227.834195011337865,32,163.41403162055343
613,645,Q614,Q646,222.3310657596372,234.0803628117914,228.2057142857143,32,163.4140316205533
614,646,Q615,Q647,222.7025850340136,234.4518820861678,228.5772335600907,32,163.4140316205533
615,647,Q616,Q648,223.07410430839002,234.8234013605442,228.94875283446711,32,163.41403162055357
616,648,Q617,Q649,223.4224036281179,235.19492063492063,229.308662131519265,32,163.09171597633124
617,649,Q618,Q650,223.79392290249433,235.56643990929706,229.680181405895695,32,163.09171597633124
618,650,Q619,Q651,224.14222222222222,235.961179138322,230.05170068027211,32,162.45088408644392
619,651,Q620,Q652,224.51374149659864,236.33269841269842,230.42321995464853,32,162.45088408644392
620,652,Q621,Q653,224.86204081632653,236.70421768707482,230.783129251700675,32,162.1323529411766
621,653,Q622,Q654,225.23356009070295,237.07573696145124,231.154648526077095,32,162.1323529411766
622,654,Q623,Q655,225.58185941043084,237.44725623582767,231.514557823129255,32,161.81506849315062
623,655,Q624,Q656,225.93015873015872,237.8187755102041,231.87446712018141,32,161.4990234374996
624,656,Q625,Q657,226.2784580498866,238.1902947845805,232.23437641723355,32,161.1842105263155
625,657,Q626,Q658,226.64997732426303,238.5618140589569,232.605895691609965,32,161.1842105263159
626,658,Q627,Q659,226.99827664399092,238.93333333333334,232.96580498866213,32,160.87062256809315
627,659,Q628,Q660,227.34657596371883,239.32807256235827,233.33732426303855,32,160.247093023256
628,660,Q629,Q661,227.71809523809523,239.6995918367347,233.708843537414965,32,160.24709302325562
629,661,Q630,Q662,228.06639455782312,240.07111111111112,234.06875283446712,32,159.9371373307541
630,662,Q631,Q663,228.43791383219954,240.44263038548752,234.44027210884353,32,159.93713733075438
631,663,Q632,Q664,228.80943310657597,240.81414965986394,234.811791383219955,32,159.93713733075452
632,664,Q633,Q665,229.1809523809524,241.18566893424037,235.183310657596385,32,159.93713733075452
633,665,Q634,Q666,229.5524716553288,241.5571882086168,235.5548299319728,32,159.9371373307541
634,666,Q635,Q667,229.9239909297052,241.9287074829932,235.9263492063492,32,159.9371373307541
635,667,Q636,Q668,230.31873015873015,242.30022675736961,236.30947845804988,32,160.24709302325576
636,668,Q637,Q669,230.69024943310657,242.69496598639455,236.69260770975056,32,159.93713733075438
637,669,Q638,Q670,231.061768707483,243.06648526077097,237.064126984126985,32,159.93713733075452
638,670,Q639,Q671,231.45650793650793,243.4380045351474,237.447256235827665,32,160.24709302325562
639,671,Q640,Q672,231.82802721088436,243.8095238095238,237.81877551020408,32,160.247093023256
640,672,Q641,Q673,232.19954648526078,244.18104308390022,238.19029478458050,32,160.247093023256
641,673,Q642,Q674,232.57106575963718,244.55256235827665,238.561814058956915,32,160.24709302325562
642,674,Q643,Q675,232.9425850340136,244.92408163265307,238.933333333333335,32,160.24709302325562
643,675,Q644,Q676,233.33732426303854,245.318820861678,239.32807256235827,32,160.24709302325576
644,676,Q645,Q677,233.70884353741496,245.69034013605443,239.699591836734695,32,160.24709302325562
645,677,Q646,Q678,234.0803628117914,246.06185941043083,240.071111111111115,32,160.24709302325616
646,678,Q647,Q679,234.4518820861678,246.43337868480725,240.442630385487525,32,160.2470930232559
647,679,Q648,Q680,234.8234013605442,246.80489795918368,240.81414965986394,32,160.2470930232555
648,680,Q649,Q681,235.19492063492063,247.1996371882086,241.197278911564615,32,159.93713733075452
649,681,Q650,Q682,235.56643990929706,247.57115646258504,241.56879818594105,32,159.93713733075438
650,682,Q651,Q683,235.961179138322,247.94267573696146,241.95192743764173,32,160.24709302325576
651,683,Q652,Q684,236.33269841269842,248.31419501133786,242.32344671201814,32,160.247093023256
652,684,Q653,Q685,236.70421768707482,248.68571428571428,242.69496598639455,32,160.24709302325576
653,685,Q654,Q686,237.07573696145124,249.0572335600907,243.06648526077097,32,160.24709302325576
654,686,Q655,Q687,237.44725623582767,249.42875283446713,243.43800453514740,32,160.24709302325576
655,687,Q656,Q688,237.8187755102041,249.82349206349207,243.821133786848085,32,159.93713733075452
656,688,Q657,Q689,238.1902947845805,250.1950113378685,244.1926530612245,32,159.9371373307541
657,689,Q658,Q690,238.5618140589569,250.5665306122449,244.5641723356009,32,159.9371373307541
658,690,Q659,Q691,238.93333333333334,250.93804988662131,244.935691609977325,32,159.93713733075452
659,691,Q660,Q692,239.32807256235827,251.30956916099774,245.318820861678005,32,160.24709302325562
660,692,Q661,Q693,239.6995918367347,251.68108843537414,245.69034013605442,32,160.247093023256
661,693,Q662,Q694,240.07111111111112,252.05260770975056,246.06185941043084,32,160.247093023256
662,694,Q663,Q695,240.44263038548752,252.42412698412699,246.433378684807255,32,160.24709302325562
663,695,Q664,Q696,240.81414965986394,252.7956462585034,246.80489795918367,32,160.24709302325576
664,696,Q665,Q697,241.18566893424037,253.1671655328798,247.176417233560085,32,160.24709302325616
665,697,Q666,Q698,241.5571882086168,253.56190476190477,247.559546485260785,32,159.93713733075452
666,698,Q667,Q699,241.9287074829932,253.93342403628117,247.931065759637185,32,159.93713733075452
667,699,Q668,Q700,242.30022675736961,254.3049433106576,248.302585034013605,32,159.93713733075424
668,700,Q669,Q701,242.69496598639455,254.69968253968253,248.69732426303854,32,159.93713733075438
669,701,Q670,Q702,243.06648526077097,255.0944217687075,249.080453514739235,32,159.62837837837807
670,702,Q671,Q703,243.4380045351474,255.4659410430839,249.45197278911565,32,159.62837837837847
671,703,Q672,Q704,243.8095238095238,255.86068027210885,249.835102040816325,32,159.3208092485547
672,704,Q673,Q705,244.18104308390022,256.2321995464853,250.20662131519276,32,159.3208092485543
673,705,Q674,Q706,244.55256235827665,256.6037188208617,250.578140589569175,32,159.3208092485547
674,706,Q675,Q707,244.92408163265307,256.97523809523807,250.94965986394557,32,159.32080924855535
675,707,Q676,Q708,245.318820861678,257.3467573696145,251.33278911564625,32,159.62837837837847
676,708,Q677,Q709,245.69034013605443,257.7182766439909,251.704308390022665,32,159.62837837837887
677,709,Q678,Q710,246.06185941043083,258.0897959183674,252.075827664399115,32,159.62837837837756
678,710,Q679,Q711,246.43337868480725,258.46131519274377,252.44734693877551,32,159.62837837837822
679,711,Q680,Q712,246.80489795918368,258.83283446712016,252.81886621315192,32,159.62837837837876
680,712,Q681,Q713,247.1996371882086,259.2043537414966,253.2019954648526,32,159.9371373307541
681,713,Q682,Q714,247.57115646258504,259.575873015873,253.57351473922902,32,159.93713733075464
682,714,Q683,Q715,247.94267573696146,259.9473922902494,253.94503401360543,32,159.93713733075492
683,715,Q684,Q716,248.31419501133786,260.31891156462586,254.31655328798186,32,159.9371373307541
684,716,Q685,Q717,248.68571428571428,260.69043083900226,254.68807256235827,32,159.93713733075438
685,717,Q686,Q718,249.0572335600907,261.06195011337866,255.05959183673468,32,159.93713733075464
686,718,Q687,Q719,249.42875283446713,261.41024943310657,255.41950113378685,32,160.247093023256
687,719,Q688,Q720,249.82349206349207,261.78176870748297,255.80263038548752,32,160.55825242718487
688,720,Q689,Q721,250.1950113378685,262.1532879818594,256.17414965986395,32,160.55825242718487
689,721,Q690,Q722,250.5665306122449,262.5015873015873,256.5340589569161,32,160.87062256809344
690,722,Q691,Q723,250.93804988662131,262.87310657596373,256.90557823129252,32,160.87062256809315
691,723,Q692,Q724,251.30956916099774,263.2214058956916,257.26548752834467,32,161.18421052631604
692,724,Q693,Q725,251.68108843537414,263.5697052154195,257.62539682539682,32,161.4990234374999
693,725,Q694,Q726,252.05260770975056,263.9412244897959,257.99691609977323,32,161.49902343750014
694,726,Q695,Q727,252.42412698412699,264.2895238095238,258.356825396825395,32,161.8150684931509
695,727,Q696,Q728,252.7956462585034,264.63782312925173,258.716734693877565,32,162.13235294117604
696,728,Q697,Q729,253.1671655328798,265.0093424036281,259.08825396825395,32,162.13235294117646
697,729,Q698,Q730,253.56190476190477,265.357641723356,259.459773242630385,32,162.7706692913388
698,730,Q699,Q731,253.93342403628117,265.72916099773244,259.831292517006805,32,162.77066929133827
699,731,Q700,Q732,254.3049433106576,266.10068027210883,260.202811791383215,32,162.7706692913388
700,732,Q701,Q733,254.69968253968253,266.4721995464853,260.585941043083915,32,163.09171597633068
701,733,Q702,Q734,255.0944217687075,266.8437188208617,260.9690702947846,32,163.4140316205533
702,734,Q703,Q735,255.4659410430839,267.2152380952381,261.3405895691610,32,163.4140316205533
703,735,Q704,Q736,255.86068027210885,267.58675736961453,261.72371882086169,32,163.73762376237607
704,736,Q705,Q737,256.2321995464853,267.9582766439909,262.0952380952381,32,163.7376237623772
705,737,Q706,Q738,256.6037188208617,268.3297959183673,262.4667573696145,32,163.7376237623772
706,738,Q707,Q739,256.97523809523807,268.7245351473923,262.849886621315185,32,163.41403162055286
707,739,Q708,Q740,257.3467573696145,269.0960544217687,263.2214058956916,32,163.4140316205533
708,740,Q709,Q741,257.7182766439909,269.4675736961451,263.5929251700680,32,163.4140316205533
709,741,Q710,Q742,258.0897959183674,269.83909297052156,263.96444444444448,32,163.41403162055386
710,742,Q711,Q743,258.46131519274377,270.2338321995465,264.347573696145135,32,163.09171597633124
711,743,Q712,Q744,258.83283446712016,270.6053514739229,264.71909297052153,32,163.0917159763311
712,744,Q713,Q745,259.2043537414966,270.97687074829935,265.090612244897975,32,163.09171597633096
713,745,Q714,Q746,259.575873015873,271.34839002267574,265.46213151927437,32,163.0917159763311
714,746,Q715,Q747,259.9473922902494,271.7431292517007,265.84526077097505,32,162.77066929133787
715,747,Q716,Q748,260.31891156462586,272.1146485260771,266.21678004535148,32,162.7706692913387
716,748,Q717,Q749,260.69043083900226,272.48616780045353,266.588299319727895,32,162.77066929133827
717,749,Q718,Q750,261.06195011337866,272.8576870748299,266.95981859410428,32,162.7706692913387
718,750,Q719,Q751,261.41024943310657,273.25242630385486,267.331337868480715,32,162.1323529411766
719,751,Q720,Q752,261.78176870748297,273.6239455782313,267.702857142857135,32,162.13235294117604
720,752,Q721,Q753,262.1532879818594,273.9954648526077,268.07437641723355,32,162.13235294117646
721,753,Q722,Q754,262.5015873015873,274.3669841269841,268.4342857142857,32,161.81506849315105
722,754,Q723,Q755,262.87310657596373,274.73850340136056,268.805804988662145,32,161.81506849315062
723,755,Q724,Q756,263.2214058956916,275.11002267573696,269.16571428571428,32,161.4990234374999
724,756,Q725,Q757,263.5697052154195,275.48154195011335,269.525623582766425,32,161.18421052631615
725,757,Q726,Q758,263.9412244897959,275.8530612244898,269.89714285714285,32,161.1842105263155
726,758,Q727,Q759,264.2895238095238,276.2245804988662,270.2570521541950,32,160.87062256809344
727,759,Q728,Q760,264.63782312925173,276.59609977324266,270.616961451247195,32,160.55825242718447
728,760,Q729,Q761,265.0093424036281,276.96761904761905,270.988480725623575,32,160.5582524271842
729,761,Q730,Q762,265.357641723356,277.33913832199545,271.348390022675725,32,160.2470930232559
730,762,Q731,Q763,265.72916099773244,277.7106575963719,271.71990929705217,32,160.24709302325576
731,763,Q732,Q764,266.10068027210883,278.0821768707483,272.091428571428565,32,160.24709302325562
732,764,Q733,Q765,266.4721995464853,278.4536961451247,272.4629478458050,32,160.24709302325655
733,765,Q734,Q766,266.8437188208617,278.82521541950115,272.834467120181425,32,160.2470930232559
734,766,Q735,Q767,267.2152380952381,279.19673469387754,273.20598639455782,32,160.247093023256
735,767,Q736,Q768,267.58675736961453,279.56825396825394,273.577505668934235,32,160.24709302325644
736,768,Q737,Q769,267.9582766439909,279.9397732426304,273.94902494331065,32,160.24709302325522
737,769,Q738,Q770,268.3297959183673,280.3112925170068,274.32054421768705,32,160.24709302325522
738,770,Q739,Q771,268.7245351473923,280.68281179138324,274.70367346938777,32,160.55825242718433
739,771,Q740,Q772,269.0960544217687,281.05433106575964,275.07519274376417,32,160.55825242718433
740,772,Q741,Q773,269.4675736961451,281.42585034013604,275.44671201814057,32,160.55825242718433
741,773,Q742,Q774,269.83909297052156,281.7973696145125,275.81823129251703,32,160.55825242718433
742,774,Q743,Q775,270.2338321995465,282.1688888888889,276.2013605442177,32,160.87062256809344
743,775,Q744,Q776,270.6053514739229,282.5404081632653,276.5728798185941,32,160.87062256809344
744,776,Q745,Q777,270.97687074829935,282.91192743764174,276.944399092970545,32,160.87062256809358
745,777,Q746,Q778,271.34839002267574,283.28344671201813,277.315918367346935,32,160.87062256809358
746,778,Q747,Q779,271.7431292517007,283.65496598639453,277.699047619047615,32,161.18421052631643
747,779,Q748,Q780,272.1146485260771,284.026485260771,278.07056689342405,32,161.1842105263155
748,780,Q749,Q781,272.48616780045353,284.37478458049884,278.430476190476185,32,161.49902343750057
749,781,Q750,Q782,272.8576870748299,284.7463038548753,278.8019954648526,32,161.49902343749935
750,782,Q751,Q783,273.25242630385486,285.1178231292517,279.18512471655328,32,161.81506849315048
751,783,Q752,Q784,273.6239455782313,285.48934240362814,279.55664399092972,32,161.81506849315048
752,784,Q753,Q785,273.9954648526077,285.86086167800454,279.92816326530612,32,161.81506849315048
753,785,Q754,Q786,274.3669841269841,286.23238095238094,280.29968253968252,32,161.81506849315048
754,786,Q755,Q787,274.73850340136056,286.58068027210885,280.659591836734705,32,162.1323529411766
755,787,Q756,Q788,275.11002267573696,286.95219954648525,281.031111111111105,32,162.1323529411766
756,788,Q757,Q789,275.48154195011335,287.30049886621316,281.391020408163255,32,162.4508840864435
757,789,Q758,Q790,275.8530612244898,287.67201814058956,281.76253968253968,32,162.45088408644418
758,790,Q759,Q791,276.2245804988662,288.0203174603175,282.12244897959185,32,162.77066929133787
759,791,Q760,Q792,276.59609977324266,288.36861678004533,282.482358276643995,32,163.09171597633207
760,792,Q761,Q793,276.96761904761905,288.7401360544218,282.853877551020425,32,163.09171597633096
761,793,Q762,Q794,277.33913832199545,289.08843537414964,283.213786848072545,32,163.41403162055343
762,794,Q763,Q795,277.7106575963719,289.43673469387755,283.573696145124725,32,163.7376237623765
763,795,Q764,Q796,278.0821768707483,289.80825396825395,283.945215419501125,32,163.7376237623765
764,796,Q765,Q797,278.4536961451247,290.15655328798186,284.30512471655328,32,164.06249999999977
765,797,Q766,Q798,278.82521541950115,290.52807256235826,284.676643990929705,32,164.06250000000045
766,798,Q767,Q799,279.19673469387754,290.8995918367347,285.04816326530612,32,164.06249999999977
767,799,Q768,Q800,279.56825396825394,291.2478911564626,285.40807256235827,32,164.38866799204712
768,800,Q769,Q801,279.9397732426304,291.619410430839,285.7795918367347,32,164.38866799204794
769,801,Q770,Q802,280.3112925170068,291.9909297052154,286.1511111111111,32,164.38866799204794
770,802,Q771,Q803,280.68281179138324,292.3624489795918,286.52263038548752,32,164.3886679920485
771,803,Q772,Q804,281.05433106575964,292.73396825396827,286.894149659863955,32,164.38866799204752
772,804,Q773,Q805,281.42585034013604,293.10548752834467,287.265668934240355,32,164.38866799204752
773,805,Q774,Q806,281.7973696145125,293.47700680272106,287.63718820861678,32,164.3886679920485
774,806,Q775,Q807,282.1688888888889,293.825306122449,287.99709750566895,32,164.7161354581672
775,807,Q776,Q808,282.5404081632653,294.1968253968254,288.36861678004535,32,164.7161354581672
776,808,Q777,Q809,282.91192743764174,294.5683446712018,288.74013605442177,32,164.71613545816777
777,809,Q778,Q810,283.28344671201813,294.9398639455782,289.111655328798165,32,164.71613545816763
778,810,Q779,Q811,283.65496598639453,295.28816326530614,289.471564625850335,32,165.04491017964008
779,811,Q780,Q812,284.026485260771,295.65968253968254,289.84308390022677,32,165.04491017964108
780,812,Q781,Q813,284.37478458049884,296.03120181405893,290.202993197278885,32,164.71613545816734
781,813,Q782,Q814,284.7463038548753,296.4027210884354,290.57451247165535,32,164.7161354581672
782,814,Q783,Q815,285.1178231292517,296.7742403628118,290.94603174603175,32,164.7161354581672
783,815,Q784,Q816,285.48934240362814,297.1225396825397,291.30594104308392,32,165.0449101796408
784,816,Q785,Q817,285.86086167800454,297.4940589569161,291.67746031746032,32,165.0449101796408
785,817,Q786,Q818,286.23238095238094,297.86557823129255,292.048979591836745,32,165.04491017964008
786,818,Q787,Q819,286.58068027210885,298.23709750566894,292.408888888888895,32,164.71613545816734
787,819,Q788,Q820,286.95219954648525,298.60861678004534,292.780408163265295,32,164.71613545816734
788,820,Q789,Q821,287.30049886621316,298.95691609977325,293.128707482993205,32,164.71613545816734
789,821,Q790,Q822,287.67201814058956,299.32843537414965,293.500226757369605,32,164.71613545816734
790,822,Q791,Q823,288.0203174603175,299.6999546485261,293.8601360544218,32,164.38866799204794
791,823,Q792,Q824,288.36861678004533,300.0714739229025,294.220045351473915,32,164.06249999999963
792,824,Q793,Q825,288.7401360544218,300.4197732426304,294.5799546485261,32,164.38866799204794
793,825,Q794,Q826,289.08843537414964,300.7912925170068,294.93986394557822,32,164.06249999999977
794,826,Q795,Q827,289.43673469387755,301.1628117913832,295.299773242630375,32,163.7376237623765
795,827,Q796,Q828,289.80825396825395,301.53433106575966,295.671292517006805,32,163.73762376237568
796,828,Q797,Q829,290.15655328798186,301.8826303854875,296.01959183673468,32,163.73762376237664
797,829,Q798,Q830,290.52807256235826,302.25414965986397,296.391111111111115,32,163.73762376237568
798,830,Q799,Q831,290.8995918367347,302.62566893424037,296.762630385487535,32,163.73762376237622
799,831,Q800,Q832,291.2478911564626,302.99718820861676,297.12253968253968,32,163.41403162055386
800,832,Q801,Q833,291.619410430839,303.3687074829932,297.4940589569161,32,163.4140316205533
801,833,Q802,Q834,291.9909297052154,303.7402267573696,297.8655782312925,32,163.4140316205533
802,834,Q803,Q835,292.3624489795918,304.0885260770975,298.22548752834465,32,163.7376237623758
803,835,Q804,Q836,292.73396825396827,304.4600453514739,298.597006802721085,32,163.73762376237678
804,836,Q805,Q837,293.10548752834467,304.8315646258503,298.968526077097485,32,163.73762376237678
805,837,Q806,Q838,293.47700680272106,305.2030839002268,299.34004535147393,32,163.73762376237525
806,838,Q807,Q839,293.825306122449,305.57460317460317,299.699954648526085,32,163.41403162055371
807,839,Q808,Q840,294.1968253968254,305.94612244897957,300.071473922902485,32,163.41403162055371
808,840,Q809,Q841,294.5683446712018,306.2944217687075,300.43138321995465,32,163.7376237623758
809,841,Q810,Q842,294.9398639455782,306.6659410430839,300.80290249433105,32,163.7376237623758
810,842,Q811,Q843,295.28816326530614,307.03746031746033,301.162811791383235,32,163.41403162055343
811,843,Q812,Q844,295.65968253968254,307.3857596371882,301.52272108843537,32,163.73762376237636
812,844,Q813,Q845,296.03120181405893,307.7340589569161,301.882630385487515,32,164.06249999999963
813,845,Q814,Q846,296.4027210884354,308.1055782312925,302.25414965986395,32,164.0625000000006
814,846,Q815,Q847,296.7742403628118,308.4538775510204,302.6140589569161,32,164.38866799204794
815,847,Q816,Q848,297.1225396825397,308.8253968253968,302.97396825396825,32,164.0625000000006
816,848,Q817,Q849,297.4940589569161,309.19691609977326,303.34548752834468,32,164.06249999999977
817,849,Q818,Q850,297.86557823129255,309.5452154195011,303.705396825396825,32,164.38866799204865
818,850,Q819,Q851,298.23709750566894,309.9167346938776,304.07691609977327,32,164.38866799204712
819,851,Q820,Q852,298.60861678004534,310.28825396825397,304.448435374149655,32,164.38866799204752
820,852,Q821,Q853,298.95691609977325,310.65977324263037,304.80834467120181,32,164.0625000000003
821,853,Q822,Q854,299.32843537414965,311.0312925170068,305.179863945578225,32,164.0624999999999
822,854,Q823,Q855,299.6999546485261,311.4028117913832,305.55138321995465,32,164.0625000000006
823,855,Q824,Q856,300.0714739229025,311.7743310657596,305.92290249433105,32,164.0625000000006
824,856,Q825,Q857,300.4197732426304,312.14585034013606,306.28281179138323,32,163.73762376237636
825,857,Q826,Q858,300.7912925170068,312.51736961451246,306.65433106575963,32,163.73762376237636
826,858,Q827,Q859,301.1628117913832,312.8888888888889,307.02585034013605,32,163.7376237623758
827,859,Q828,Q860,301.53433106575966,313.2371882086168,307.38575963718823,32,164.06250000000003
828,860,Q829,Q861,301.8826303854875,313.6087074829932,307.74566893424035,32,163.7376237623758
829,861,Q830,Q862,302.25414965986397,313.9802267573696,308.117188208616785,32,163.73762376237678
830,862,Q831,Q863,302.62566893424037,314.351746031746,308.488707482993185,32,163.73762376237678
831,863,Q832,Q864,302.99718820861676,314.72326530612247,308.860226757369615,32,163.73762376237568
832,864,Q833,Q865,303.3687074829932,315.09478458049887,309.231746031746035,32,163.73762376237622
833,865,Q834,Q866,303.7402267573696,315.4430839002268,309.5916553287982,32,164.0624999999992
834,866,Q835,Q867,304.0885260770975,315.8146031746032,309.95156462585035,32,163.7376237623758
835,867,Q836,Q868,304.4600453514739,316.1861224489796,310.32308390022675,32,163.7376237623758
836,868,Q837,Q869,304.8315646258503,316.557641723356,310.69460317460315,32,163.7376237623758
837,869,Q838,Q870,305.2030839002268,316.9059410430839,311.05451247165535,32,164.0625000000006
838,870,Q839,Q871,305.57460317460317,317.27746031746034,311.426031746031755,32,164.06249999999963
839,871,Q840,Q872,305.94612244897957,317.64897959183673,311.79755102040815,32,164.06249999999977
840,872,Q841,Q873,306.2944217687075,318.02049886621313,312.157460317460315,32,163.73762376237678
841,873,Q842,Q874,306.6659410430839,318.36879818594105,312.517369614512475,32,164.0624999999999
842,874,Q843,Q875,307.03746031746033,318.74031746031744,312.888888888888885,32,164.06250000000045
843,875,Q844,Q876,307.3857596371882,319.1118367346939,313.24879818594105,32,163.7376237623758
844,876,Q845,Q877,307.7340589569161,319.46013605442175,313.597097505668925,32,163.7376237623765
845,877,Q846,Q878,308.1055782312925,319.8316553287982,313.96861678004535,32,163.7376237623758
846,878,Q847,Q879,308.4538775510204,320.2031746031746,314.3285260770975,32,163.4140316205533
847,879,Q848,Q880,308.8253968253968,320.574693877551,314.7000453514739,32,163.4140316205533
848,880,Q849,Q881,309.19691609977326,320.94621315192745,315.071564625850355,32,163.41403162055343
849,881,Q850,Q882,309.5452154195011,321.2945124716553,315.4198639455782,32,163.4140316205533
850,882,Q851,Q883,309.9167346938776,321.66603174603176,315.79138321995468,32,163.41403162055386
851,883,Q852,Q884,310.28825396825397,322.03755102040816,316.162902494331065,32,163.41403162055343
852,884,Q853,Q885,310.65977324263037,322.40907029478456,316.534421768707465,32,163.41403162055343
853,885,Q854,Q886,311.0312925170068,322.780589569161,316.9059410430839,32,163.4140316205533
854,886,Q855,Q887,311.4028117913832,323.1521088435374,317.2774603174603,32,163.4140316205533
855,887,Q856,Q888,311.7743310657596,323.52362811791386,317.64897959183673,32,163.41403162055246
856,888,Q857,Q889,312.14585034013606,323.8719274376417,318.00888888888888,32,163.73762376237664
857,889,Q858,Q890,312.51736961451246,324.2434467120181,318.38040816326528,32,163.73762376237664
858,890,Q859,Q891,312.8888888888889,324.61496598639457,318.751927437641735,32,163.73762376237622
859,891,Q860,Q892,313.2371882086168,324.9632653061224,319.1002267573696,32,163.7376237623772
860,892,Q861,Q893,313.6087074829932,325.31156462585034,319.46013605442177,32,164.06250000000003
861,893,Q862,Q894,313.9802267573696,325.68308390022673,319.831655328798165,32,164.06250000000017
862,894,Q863,Q895,314.351746031746,326.03138321995465,320.191564625850325,32,164.38866799204726
863,895,Q864,Q896,314.72326530612247,326.37968253968256,320.551473922902515,32,164.71613545816734
864,896,Q865,Q897,315.09478458049887,326.75120181405896,320.922993197278915,32,164.71613545816734
865,897,Q866,Q898,315.4430839002268,327.0995011337869,321.27129251700685,32,164.7161354581672
866,898,Q867,Q899,315.8146031746032,327.47102040816327,321.642811791383235,32,164.71613545816763
867,899,Q868,Q900,316.1861224489796,327.84253968253967,322.014331065759635,32,164.71613545816763
868,900,Q869,Q901,316.557641723356,328.2140589569161,322.38585034013605,32,164.7161354581672
869,901,Q870,Q902,316.9059410430839,328.562358276644,322.73414965986395,32,164.7161354581672
870,902,Q871,Q903,317.27746031746034,328.9570975056689,323.11727891156462,32,164.3886679920485
871,903,Q872,Q904,317.64897959183673,329.3518367346939,323.500408163265315,32,164.06249999999963
872,904,Q873,Q905,318.02049886621313,329.7233560090703,323.871927437641715,32,164.06249999999963
