quarter_id,quarter_label,reference_time,metric_beat,measure_id,status
0,Q1,0.06965986394557823,,,PRE_ANCHOR_UNNUMBERED
1,Q2,0.44117913832199546,,,PRE_ANCHOR_UNNUMBERED
2,Q3,0.8126984126984127,1,M1,VALIDATED_PI_ORIGIN_PROPAGATED
3,Q4,1.18421768707483,2,M1,VALIDATED_PI_ORIGIN_PROPAGATED
4,Q5,1.555736961451247,3,M1,VALIDATED_PI_ORIGIN_PROPAGATED
5,Q6,1.9272562358276644,4,M1,VALIDATED_PI_ORIGIN_PROPAGATED
6,Q7,2.3219954648526078,1,M2,VALIDATED_PI_ORIGIN_PROPAGATED
7,Q8,2.670294784580499,2,M2,VALIDATED_PI_ORIGIN_PROPAGATED
8,Q9,3.0418140589569163,3,M2,VALIDATED_PI_ORIGIN_PROPAGATED
9,Q10,3.4133333333333336,4,M2,VALIDATED_PI_ORIGIN_PROPAGATED
10,Q11,3.7848526077097504,1,M3,VALIDATED_PI_ORIGIN_PROPAGATED
11,Q12,4.156371882086168,2,M3,VALIDATED_PI_ORIGIN_PROPAGATED
12,Q13,4.504671201814059,3,M3,VALIDATED_PI_ORIGIN_PROPAGATED
13,Q14,4.876190476190477,4,M3,VALIDATED_PI_ORIGIN_PROPAGATED
14,Q15,5.224489795918367,1,M4,VALIDATED_PI_ORIGIN_PROPAGATED
15,Q16,5.596009070294785,2,M4,VALIDATED_PI_ORIGIN_PROPAGATED
16,Q17,5.944308390022676,3,M4,VALIDATED_PI_ORIGIN_PROPAGATED
17,Q18,6.315827664399093,4,M4,VALIDATED_PI_ORIGIN_PROPAGATED
18,Q19,6.664126984126984,1,M5,VALIDATED_PI_ORIGIN_PROPAGATED
19,Q20,7.012426303854875,2,M5,VALIDATED_PI_ORIGIN_PROPAGATED
20,Q21,7.383945578231293,3,M5,VALIDATED_PI_ORIGIN_PROPAGATED
21,Q22,7.732244897959184,4,M5,VALIDATED_PI_ORIGIN_PROPAGATED
22,Q23,8.103764172335602,1,M6,VALIDATED_PI_ORIGIN_PROPAGATED
23,Q24,8.452063492063493,2,M6,VALIDATED_PI_ORIGIN_PROPAGATED
24,Q25,8.823582766439909,3,M6,VALIDATED_PI_ORIGIN_PROPAGATED
25,Q26,9.1718820861678,4,M6,VALIDATED_PI_ORIGIN_PROPAGATED
26,Q27,9.543401360544218,1,M7,VALIDATED_PI_ORIGIN_PROPAGATED
27,Q28,9.914920634920636,2,M7,VALIDATED_PI_ORIGIN_PROPAGATED
28,Q29,10.286439909297052,3,M7,VALIDATED_PI_ORIGIN_PROPAGATED
29,Q30,10.634739229024943,4,M7,VALIDATED_PI_ORIGIN_PROPAGATED
30,Q31,11.00625850340136,1,M8,VALIDATED_PI_ORIGIN_PROPAGATED
31,Q32,11.377777777777778,2,M8,VALIDATED_PI_ORIGIN_PROPAGATED
32,Q33,11.749297052154194,3,M8,VALIDATED_PI_ORIGIN_PROPAGATED
33,Q34,12.120816326530612,4,M8,VALIDATED_PI_ORIGIN_PROPAGATED
34,Q35,12.49233560090703,1,M9,VALIDATED_PI_ORIGIN_PROPAGATED
35,Q36,12.863854875283447,2,M9,VALIDATED_PI_ORIGIN_PROPAGATED
36,Q37,13.235374149659863,3,M9,VALIDATED_PI_ORIGIN_PROPAGATED
37,Q38,13.606893424036281,4,M9,VALIDATED_PI_ORIGIN_PROPAGATED
38,Q39,13.955192743764172,1,M10,VALIDATED_PI_ORIGIN_PROPAGATED
39,Q40,14.32671201814059,2,M10,VALIDATED_PI_ORIGIN_PROPAGATED
40,Q41,14.698231292517006,3,M10,VALIDATED_PI_ORIGIN_PROPAGATED
41,Q42,15.069750566893424,4,M10,VALIDATED_PI_ORIGIN_PROPAGATED
42,Q43,15.441269841269841,1,M11,VALIDATED_PI_ORIGIN_PROPAGATED
43,Q44,15.789569160997733,2,M11,VALIDATED_PI_ORIGIN_PROPAGATED
44,Q45,16.16108843537415,3,M11,VALIDATED_PI_ORIGIN_PROPAGATED
45,Q46,16.532607709750568,4,M11,VALIDATED_PI_ORIGIN_PROPAGATED
46,Q47,16.904126984126986,1,M12,VALIDATED_PI_ORIGIN_PROPAGATED
47,Q48,17.2756462585034,2,M12,VALIDATED_PI_ORIGIN_PROPAGATED
48,Q49,17.647165532879818,3,M12,VALIDATED_PI_ORIGIN_PROPAGATED
49,Q50,18.018684807256236,4,M12,VALIDATED_PI_ORIGIN_PROPAGATED
50,Q51,18.390204081632653,1,M13,VALIDATED_PI_ORIGIN_PROPAGATED
51,Q52,18.76172335600907,2,M13,VALIDATED_PI_ORIGIN_PROPAGATED
52,Q53,19.11002267573696,3,M13,VALIDATED_PI_ORIGIN_PROPAGATED
53,Q54,19.481541950113378,4,M13,VALIDATED_PI_ORIGIN_PROPAGATED
54,Q55,19.82984126984127,1,M14,VALIDATED_PI_ORIGIN_PROPAGATED
55,Q56,20.201360544217685,2,M14,VALIDATED_PI_ORIGIN_PROPAGATED
56,Q57,20.54965986394558,3,M14,VALIDATED_PI_ORIGIN_PROPAGATED
57,Q58,20.897959183673468,4,M14,VALIDATED_PI_ORIGIN_PROPAGATED
58,Q59,21.24625850340136,1,M15,VALIDATED_PI_ORIGIN_PROPAGATED
59,Q60,21.61777777777778,2,M15,VALIDATED_PI_ORIGIN_PROPAGATED
60,Q61,21.966077097505668,3,M15,VALIDATED_PI_ORIGIN_PROPAGATED
61,Q62,22.337596371882086,4,M15,VALIDATED_PI_ORIGIN_PROPAGATED
62,Q63,22.68589569160998,1,M16,VALIDATED_PI_ORIGIN_PROPAGATED
63,Q64,23.057414965986396,2,M16,VALIDATED_PI_ORIGIN_PROPAGATED
64,Q65,23.42893424036281,3,M16,VALIDATED_PI_ORIGIN_PROPAGATED
65,Q66,23.800453514739228,4,M16,VALIDATED_PI_ORIGIN_PROPAGATED
66,Q67,24.171972789115646,1,M17,VALIDATED_PI_ORIGIN_PROPAGATED
67,Q68,24.543492063492064,2,M17,VALIDATED_PI_ORIGIN_PROPAGATED
68,Q69,24.91501133786848,3,M17,VALIDATED_PI_ORIGIN_PROPAGATED
69,Q70,25.2865306122449,4,M17,VALIDATED_PI_ORIGIN_PROPAGATED
70,Q71,25.658049886621317,1,M18,VALIDATED_PI_ORIGIN_PROPAGATED
71,Q72,26.02956916099773,2,M18,VALIDATED_PI_ORIGIN_PROPAGATED
72,Q73,26.40108843537415,3,M18,VALIDATED_PI_ORIGIN_PROPAGATED
73,Q74,26.772607709750567,4,M18,VALIDATED_PI_ORIGIN_PROPAGATED
74,Q75,27.144126984126984,1,M19,VALIDATED_PI_ORIGIN_PROPAGATED
75,Q76,27.515646258503402,2,M19,VALIDATED_PI_ORIGIN_PROPAGATED
76,Q77,27.88716553287982,3,M19,VALIDATED_PI_ORIGIN_PROPAGATED
77,Q78,28.23546485260771,4,M19,VALIDATED_PI_ORIGIN_PROPAGATED
78,Q79,28.606984126984127,1,M20,VALIDATED_PI_ORIGIN_PROPAGATED
79,Q80,28.955283446712016,2,M20,VALIDATED_PI_ORIGIN_PROPAGATED
80,Q81,29.326802721088434,3,M20,VALIDATED_PI_ORIGIN_PROPAGATED
81,Q82,29.675102040816327,4,M20,VALIDATED_PI_ORIGIN_PROPAGATED
82,Q83,30.046621315192745,1,M21,VALIDATED_PI_ORIGIN_PROPAGATED
83,Q84,30.394920634920634,2,M21,VALIDATED_PI_ORIGIN_PROPAGATED
84,Q85,30.743219954648527,3,M21,VALIDATED_PI_ORIGIN_PROPAGATED
85,Q86,31.114739229024945,4,M21,VALIDATED_PI_ORIGIN_PROPAGATED
86,Q87,31.463038548752834,1,M22,VALIDATED_PI_ORIGIN_PROPAGATED
87,Q88,31.834557823129252,2,M22,VALIDATED_PI_ORIGIN_PROPAGATED
88,Q89,32.182857142857145,3,M22,VALIDATED_PI_ORIGIN_PROPAGATED
89,Q90,32.53115646258503,4,M22,VALIDATED_PI_ORIGIN_PROPAGATED
90,Q91,32.90267573696145,1,M23,VALIDATED_PI_ORIGIN_PROPAGATED
91,Q92,33.274195011337866,2,M23,VALIDATED_PI_ORIGIN_PROPAGATED
92,Q93,33.62249433106576,3,M23,VALIDATED_PI_ORIGIN_PROPAGATED
93,Q94,33.99401360544218,4,M23,VALIDATED_PI_ORIGIN_PROPAGATED
94,Q95,34.365532879818595,1,M24,VALIDATED_PI_ORIGIN_PROPAGATED
95,Q96,34.71383219954649,2,M24,VALIDATED_PI_ORIGIN_PROPAGATED
96,Q97,35.085351473922906,3,M24,VALIDATED_PI_ORIGIN_PROPAGATED
97,Q98,35.456870748299316,4,M24,VALIDATED_PI_ORIGIN_PROPAGATED
98,Q99,35.828390022675734,1,M25,VALIDATED_PI_ORIGIN_PROPAGATED
99,Q100,36.19990929705215,2,M25,VALIDATED_PI_ORIGIN_PROPAGATED
100,Q101,36.57142857142857,3,M25,VALIDATED_PI_ORIGIN_PROPAGATED
101,Q102,36.94294784580499,4,M25,VALIDATED_PI_ORIGIN_PROPAGATED
102,Q103,37.314467120181405,1,M26,VALIDATED_PI_ORIGIN_PROPAGATED
103,Q104,37.68598639455782,2,M26,VALIDATED_PI_ORIGIN_PROPAGATED
104,Q105,38.05750566893424,3,M26,VALIDATED_PI_ORIGIN_PROPAGATED
105,Q106,38.42902494331066,4,M26,VALIDATED_PI_ORIGIN_PROPAGATED
106,Q107,38.77732426303855,1,M27,VALIDATED_PI_ORIGIN_PROPAGATED
107,Q108,39.14884353741497,2,M27,VALIDATED_PI_ORIGIN_PROPAGATED
108,Q109,39.52036281179139,3,M27,VALIDATED_PI_ORIGIN_PROPAGATED
109,Q110,39.8918820861678,4,M27,VALIDATED_PI_ORIGIN_PROPAGATED
110,Q111,40.263401360544215,1,M28,VALIDATED_PI_ORIGIN_PROPAGATED
111,Q112,40.61170068027211,2,M28,VALIDATED_PI_ORIGIN_PROPAGATED
112,Q113,40.983219954648526,3,M28,VALIDATED_PI_ORIGIN_PROPAGATED
113,Q114,41.35473922902494,4,M28,VALIDATED_PI_ORIGIN_PROPAGATED
114,Q115,41.72625850340136,1,M29,VALIDATED_PI_ORIGIN_PROPAGATED
115,Q116,42.09777777777778,2,M29,VALIDATED_PI_ORIGIN_PROPAGATED
116,Q117,42.4692970521542,3,M29,VALIDATED_PI_ORIGIN_PROPAGATED
117,Q118,42.81759637188209,4,M29,VALIDATED_PI_ORIGIN_PROPAGATED
118,Q119,43.1891156462585,1,M30,VALIDATED_PI_ORIGIN_PROPAGATED
119,Q120,43.56063492063492,2,M30,VALIDATED_PI_ORIGIN_PROPAGATED
120,Q121,43.932154195011336,3,M30,VALIDATED_PI_ORIGIN_PROPAGATED
121,Q122,44.30367346938775,4,M30,VALIDATED_PI_ORIGIN_PROPAGATED
122,Q123,44.698412698412696,1,M31,VALIDATED_PI_ORIGIN_PROPAGATED
123,Q124,45.069931972789114,2,M31,VALIDATED_PI_ORIGIN_PROPAGATED
124,Q125,45.44145124716553,3,M31,VALIDATED_PI_ORIGIN_PROPAGATED
125,Q126,45.836190476190474,4,M31,VALIDATED_PI_ORIGIN_PROPAGATED
126,Q127,46.23092970521542,1,M32,VALIDATED_PI_ORIGIN_PROPAGATED
127,Q128,46.625668934240366,2,M32,VALIDATED_PI_ORIGIN_PROPAGATED
128,Q129,47.02040816326531,3,M32,VALIDATED_PI_ORIGIN_PROPAGATED
129,Q130,47.391927437641726,4,M32,VALIDATED_PI_ORIGIN_PROPAGATED
130,Q131,47.78666666666667,1,M33,VALIDATED_PI_ORIGIN_PROPAGATED
131,Q132,48.15818594104309,2,M33,VALIDATED_PI_ORIGIN_PROPAGATED
132,Q133,48.529705215419504,3,M33,VALIDATED_PI_ORIGIN_PROPAGATED
133,Q134,48.901224489795915,4,M33,VALIDATED_PI_ORIGIN_PROPAGATED
134,Q135,49.27274376417233,1,M34,VALIDATED_PI_ORIGIN_PROPAGATED
135,Q136,49.64426303854875,2,M34,VALIDATED_PI_ORIGIN_PROPAGATED
136,Q137,50.01578231292517,3,M34,VALIDATED_PI_ORIGIN_PROPAGATED
137,Q138,50.387301587301586,4,M34,VALIDATED_PI_ORIGIN_PROPAGATED
138,Q139,50.758820861678004,1,M35,VALIDATED_PI_ORIGIN_PROPAGATED
139,Q140,51.1071201814059,2,M35,VALIDATED_PI_ORIGIN_PROPAGATED
140,Q141,51.478639455782314,3,M35,VALIDATED_PI_ORIGIN_PROPAGATED
141,Q142,51.85015873015873,4,M35,VALIDATED_PI_ORIGIN_PROPAGATED
142,Q143,52.22167800453515,1,M36,VALIDATED_PI_ORIGIN_PROPAGATED
143,Q144,52.59319727891157,2,M36,VALIDATED_PI_ORIGIN_PROPAGATED
144,Q145,52.964716553287985,3,M36,VALIDATED_PI_ORIGIN_PROPAGATED
145,Q146,53.336235827664396,4,M36,VALIDATED_PI_ORIGIN_PROPAGATED
146,Q147,53.707755102040814,1,M37,VALIDATED_PI_ORIGIN_PROPAGATED
147,Q148,54.07927437641723,2,M37,VALIDATED_PI_ORIGIN_PROPAGATED
148,Q149,54.427573696145124,3,M37,VALIDATED_PI_ORIGIN_PROPAGATED
149,Q150,54.79909297052154,4,M37,VALIDATED_PI_ORIGIN_PROPAGATED
150,Q151,55.17061224489796,1,M38,VALIDATED_PI_ORIGIN_PROPAGATED
151,Q152,55.54213151927438,2,M38,VALIDATED_PI_ORIGIN_PROPAGATED
152,Q153,55.89043083900227,3,M38,VALIDATED_PI_ORIGIN_PROPAGATED
153,Q154,56.26195011337869,4,M38,VALIDATED_PI_ORIGIN_PROPAGATED
154,Q155,56.610249433106574,1,M39,VALIDATED_PI_ORIGIN_PROPAGATED
155,Q156,56.98176870748299,2,M39,VALIDATED_PI_ORIGIN_PROPAGATED
156,Q157,57.330068027210885,3,M39,VALIDATED_PI_ORIGIN_PROPAGATED
157,Q158,57.67836734693878,4,M39,VALIDATED_PI_ORIGIN_PROPAGATED
158,Q159,58.026666666666664,1,M40,VALIDATED_PI_ORIGIN_PROPAGATED
159,Q160,58.39818594104308,2,M40,VALIDATED_PI_ORIGIN_PROPAGATED
160,Q161,58.746485260770974,3,M40,VALIDATED_PI_ORIGIN_PROPAGATED
161,Q162,59.11800453514739,4,M40,VALIDATED_PI_ORIGIN_PROPAGATED
162,Q163,59.466303854875285,1,M41,VALIDATED_PI_ORIGIN_PROPAGATED
163,Q164,59.8378231292517,2,M41,VALIDATED_PI_ORIGIN_PROPAGATED
164,Q165,60.20934240362812,3,M41,VALIDATED_PI_ORIGIN_PROPAGATED
165,Q166,60.58086167800454,4,M41,VALIDATED_PI_ORIGIN_PROPAGATED
166,Q167,60.929160997732424,1,M42,VALIDATED_PI_ORIGIN_PROPAGATED
167,Q168,61.32390022675737,2,M42,VALIDATED_PI_ORIGIN_PROPAGATED
168,Q169,61.695419501133784,3,M42,VALIDATED_PI_ORIGIN_PROPAGATED
169,Q170,62.0669387755102,4,M42,VALIDATED_PI_ORIGIN_PROPAGATED
170,Q171,62.43845804988662,1,M43,VALIDATED_PI_ORIGIN_PROPAGATED
171,Q172,62.80997732426304,2,M43,VALIDATED_PI_ORIGIN_PROPAGATED
172,Q173,63.181496598639455,3,M43,VALIDATED_PI_ORIGIN_PROPAGATED
173,Q174,63.52979591836735,4,M43,VALIDATED_PI_ORIGIN_PROPAGATED
174,Q175,63.901315192743766,1,M44,VALIDATED_PI_ORIGIN_PROPAGATED
175,Q176,64.27283446712018,2,M44,VALIDATED_PI_ORIGIN_PROPAGATED
176,Q177,64.62113378684808,3,M44,VALIDATED_PI_ORIGIN_PROPAGATED
177,Q178,64.99265306122449,4,M44,VALIDATED_PI_ORIGIN_PROPAGATED
178,Q179,65.34095238095239,1,M45,VALIDATED_PI_ORIGIN_PROPAGATED
179,Q180,65.68925170068027,2,M45,VALIDATED_PI_ORIGIN_PROPAGATED
180,Q181,66.06077097505668,3,M45,VALIDATED_PI_ORIGIN_PROPAGATED
181,Q182,66.40907029478458,4,M45,VALIDATED_PI_ORIGIN_PROPAGATED
182,Q183,66.780589569161,1,M46,VALIDATED_PI_ORIGIN_PROPAGATED
183,Q184,67.1288888888889,2,M46,VALIDATED_PI_ORIGIN_PROPAGATED
184,Q185,67.47718820861678,3,M46,VALIDATED_PI_ORIGIN_PROPAGATED
185,Q186,67.84870748299319,4,M46,VALIDATED_PI_ORIGIN_PROPAGATED
186,Q187,68.19700680272109,1,M47,VALIDATED_PI_ORIGIN_PROPAGATED
187,Q188,68.5685260770975,2,M47,VALIDATED_PI_ORIGIN_PROPAGATED
188,Q189,68.9168253968254,3,M47,VALIDATED_PI_ORIGIN_PROPAGATED
189,Q190,69.28834467120181,4,M47,VALIDATED_PI_ORIGIN_PROPAGATED
190,Q191,69.6366439909297,1,M48,VALIDATED_PI_ORIGIN_PROPAGATED
191,Q192,69.9849433106576,2,M48,VALIDATED_PI_ORIGIN_PROPAGATED
192,Q193,70.35646258503401,3,M48,VALIDATED_PI_ORIGIN_PROPAGATED
193,Q194,70.70476190476191,4,M48,VALIDATED_PI_ORIGIN_PROPAGATED
194,Q195,71.07628117913832,1,M49,VALIDATED_PI_ORIGIN_PROPAGATED
195,Q196,71.42458049886622,2,M49,VALIDATED_PI_ORIGIN_PROPAGATED
196,Q197,71.79609977324263,3,M49,VALIDATED_PI_ORIGIN_PROPAGATED
197,Q198,72.14439909297052,4,M49,VALIDATED_PI_ORIGIN_PROPAGATED
198,Q199,72.51591836734694,1,M50,VALIDATED_PI_ORIGIN_PROPAGATED
199,Q200,72.86421768707483,2,M50,VALIDATED_PI_ORIGIN_PROPAGATED
200,Q201,73.23573696145125,3,M50,VALIDATED_PI_ORIGIN_PROPAGATED
201,Q202,73.60725623582766,4,M50,VALIDATED_PI_ORIGIN_PROPAGATED
202,Q203,73.95555555555555,1,M51,VALIDATED_PI_ORIGIN_PROPAGATED
203,Q204,74.32707482993197,2,M51,VALIDATED_PI_ORIGIN_PROPAGATED
204,Q205,74.67537414965986,3,M51,VALIDATED_PI_ORIGIN_PROPAGATED
205,Q206,75.04689342403628,4,M51,VALIDATED_PI_ORIGIN_PROPAGATED
206,Q207,75.39519274376417,1,M52,VALIDATED_PI_ORIGIN_PROPAGATED
207,Q208,75.7667120181406,2,M52,VALIDATED_PI_ORIGIN_PROPAGATED
208,Q209,76.11501133786848,3,M52,VALIDATED_PI_ORIGIN_PROPAGATED
209,Q210,76.48653061224489,4,M52,VALIDATED_PI_ORIGIN_PROPAGATED
210,Q211,76.83482993197279,1,M53,VALIDATED_PI_ORIGIN_PROPAGATED
211,Q212,77.18312925170068,2,M53,VALIDATED_PI_ORIGIN_PROPAGATED
212,Q213,77.5546485260771,3,M53,VALIDATED_PI_ORIGIN_PROPAGATED
213,Q214,77.90294784580499,4,M53,VALIDATED_PI_ORIGIN_PROPAGATED
214,Q215,78.27446712018141,1,M54,VALIDATED_PI_ORIGIN_PROPAGATED
215,Q216,78.6227664399093,2,M54,VALIDATED_PI_ORIGIN_PROPAGATED
216,Q217,78.97106575963718,3,M54,VALIDATED_PI_ORIGIN_PROPAGATED
217,Q218,79.34258503401361,4,M54,VALIDATED_PI_ORIGIN_PROPAGATED
218,Q219,79.6908843537415,1,M55,VALIDATED_PI_ORIGIN_PROPAGATED
219,Q220,80.03918367346938,2,M55,VALIDATED_PI_ORIGIN_PROPAGATED
220,Q221,80.4107029478458,3,M55,VALIDATED_PI_ORIGIN_PROPAGATED
221,Q222,80.78222222222222,4,M55,VALIDATED_PI_ORIGIN_PROPAGATED
222,Q223,81.13052154195012,1,M56,VALIDATED_PI_ORIGIN_PROPAGATED
223,Q224,81.50204081632653,2,M56,VALIDATED_PI_ORIGIN_PROPAGATED
224,Q225,81.87356009070295,3,M56,VALIDATED_PI_ORIGIN_PROPAGATED
225,Q226,82.24507936507936,4,M56,VALIDATED_PI_ORIGIN_PROPAGATED
226,Q227,82.61659863945579,1,M57,VALIDATED_PI_ORIGIN_PROPAGATED
227,Q228,82.9881179138322,2,M57,VALIDATED_PI_ORIGIN_PROPAGATED
228,Q229,83.35963718820862,3,M57,VALIDATED_PI_ORIGIN_PROPAGATED
229,Q230,83.73115646258503,4,M57,VALIDATED_PI_ORIGIN_PROPAGATED
230,Q231,84.10267573696144,1,M58,VALIDATED_PI_ORIGIN_PROPAGATED
231,Q232,84.45097505668934,2,M58,VALIDATED_PI_ORIGIN_PROPAGATED
232,Q233,84.82249433106576,3,M58,VALIDATED_PI_ORIGIN_PROPAGATED
233,Q234,85.17079365079366,4,M58,VALIDATED_PI_ORIGIN_PROPAGATED
234,Q235,85.54231292517007,1,M59,VALIDATED_PI_ORIGIN_PROPAGATED
235,Q236,85.89061224489797,2,M59,VALIDATED_PI_ORIGIN_PROPAGATED
236,Q237,86.23891156462585,3,M59,VALIDATED_PI_ORIGIN_PROPAGATED
237,Q238,86.61043083900226,4,M59,VALIDATED_PI_ORIGIN_PROPAGATED
238,Q239,86.95873015873016,1,M60,VALIDATED_PI_ORIGIN_PROPAGATED
239,Q240,87.30702947845805,2,M60,VALIDATED_PI_ORIGIN_PROPAGATED
240,Q241,87.67854875283447,3,M60,VALIDATED_PI_ORIGIN_PROPAGATED
241,Q242,88.02684807256236,4,M60,VALIDATED_PI_ORIGIN_PROPAGATED
242,Q243,88.39836734693877,1,M61,VALIDATED_PI_ORIGIN_PROPAGATED
243,Q244,88.74666666666667,2,M61,VALIDATED_PI_ORIGIN_PROPAGATED
244,Q245,89.09496598639456,3,M61,VALIDATED_PI_ORIGIN_PROPAGATED
245,Q246,89.46648526077098,4,M61,VALIDATED_PI_ORIGIN_PROPAGATED
246,Q247,89.81478458049887,1,M62,VALIDATED_PI_ORIGIN_PROPAGATED
247,Q248,90.16308390022675,2,M62,VALIDATED_PI_ORIGIN_PROPAGATED
248,Q249,90.53460317460318,3,M62,VALIDATED_PI_ORIGIN_PROPAGATED
249,Q250,90.88290249433106,4,M62,VALIDATED_PI_ORIGIN_PROPAGATED
250,Q251,91.25442176870749,1,M63,VALIDATED_PI_ORIGIN_PROPAGATED
251,Q252,91.60272108843537,2,M63,VALIDATED_PI_ORIGIN_PROPAGATED
252,Q253,91.9742403628118,3,M63,VALIDATED_PI_ORIGIN_PROPAGATED
253,Q254,92.32253968253968,4,M63,VALIDATED_PI_ORIGIN_PROPAGATED
254,Q255,92.67083900226757,1,M64,VALIDATED_PI_ORIGIN_PROPAGATED
255,Q256,93.042358276644,2,M64,VALIDATED_PI_ORIGIN_PROPAGATED
256,Q257,93.39065759637188,3,M64,VALIDATED_PI_ORIGIN_PROPAGATED
257,Q258,93.7621768707483,4,M64,VALIDATED_PI_ORIGIN_PROPAGATED
258,Q259,94.11047619047619,1,M65,VALIDATED_PI_ORIGIN_PROPAGATED
259,Q260,94.4819954648526,2,M65,VALIDATED_PI_ORIGIN_PROPAGATED
260,Q261,94.85351473922903,3,M65,VALIDATED_PI_ORIGIN_PROPAGATED
261,Q262,95.20181405895691,4,M65,VALIDATED_PI_ORIGIN_PROPAGATED
262,Q263,95.57333333333334,1,M66,VALIDATED_PI_ORIGIN_PROPAGATED
263,Q264,95.92163265306122,2,M66,VALIDATED_PI_ORIGIN_PROPAGATED
264,Q265,96.29315192743765,3,M66,VALIDATED_PI_ORIGIN_PROPAGATED
265,Q266,96.64145124716553,4,M66,VALIDATED_PI_ORIGIN_PROPAGATED
266,Q267,97.01297052154194,1,M67,VALIDATED_PI_ORIGIN_PROPAGATED
267,Q268,97.36126984126984,2,M67,VALIDATED_PI_ORIGIN_PROPAGATED
268,Q269,97.73278911564626,3,M67,VALIDATED_PI_ORIGIN_PROPAGATED
269,Q270,98.08108843537416,4,M67,VALIDATED_PI_ORIGIN_PROPAGATED
270,Q271,98.45260770975057,1,M68,VALIDATED_PI_ORIGIN_PROPAGATED
271,Q272,98.82412698412699,2,M68,VALIDATED_PI_ORIGIN_PROPAGATED
272,Q273,99.17242630385488,3,M68,VALIDATED_PI_ORIGIN_PROPAGATED
273,Q274,99.54394557823129,4,M68,VALIDATED_PI_ORIGIN_PROPAGATED
274,Q275,99.91546485260771,1,M69,VALIDATED_PI_ORIGIN_PROPAGATED
275,Q276,100.28698412698412,2,M69,VALIDATED_PI_ORIGIN_PROPAGATED
276,Q277,100.65850340136055,3,M69,VALIDATED_PI_ORIGIN_PROPAGATED
277,Q278,101.03002267573696,4,M69,VALIDATED_PI_ORIGIN_PROPAGATED
278,Q279,101.40154195011338,1,M70,VALIDATED_PI_ORIGIN_PROPAGATED
279,Q280,101.74984126984127,2,M70,VALIDATED_PI_ORIGIN_PROPAGATED
280,Q281,102.1213605442177,3,M70,VALIDATED_PI_ORIGIN_PROPAGATED
281,Q282,102.46965986394558,4,M70,VALIDATED_PI_ORIGIN_PROPAGATED
282,Q283,102.84117913832199,1,M71,VALIDATED_PI_ORIGIN_PROPAGATED
283,Q284,103.18947845804989,2,M71,VALIDATED_PI_ORIGIN_PROPAGATED
284,Q285,103.53777777777778,3,M71,VALIDATED_PI_ORIGIN_PROPAGATED
285,Q286,103.9092970521542,4,M71,VALIDATED_PI_ORIGIN_PROPAGATED
286,Q287,104.25759637188209,1,M72,VALIDATED_PI_ORIGIN_PROPAGATED
287,Q288,104.60589569160997,2,M72,VALIDATED_PI_ORIGIN_PROPAGATED
288,Q289,104.9774149659864,3,M72,VALIDATED_PI_ORIGIN_PROPAGATED
289,Q290,105.32571428571428,4,M72,VALIDATED_PI_ORIGIN_PROPAGATED
290,Q291,105.67401360544218,1,M73,VALIDATED_PI_ORIGIN_PROPAGATED
291,Q292,106.0455328798186,2,M73,VALIDATED_PI_ORIGIN_PROPAGATED
292,Q293,106.39383219954648,3,M73,VALIDATED_PI_ORIGIN_PROPAGATED
293,Q294,106.74213151927438,4,M73,VALIDATED_PI_ORIGIN_PROPAGATED
294,Q295,107.11365079365079,1,M74,VALIDATED_PI_ORIGIN_PROPAGATED
295,Q296,107.46195011337869,2,M74,VALIDATED_PI_ORIGIN_PROPAGATED
296,Q297,107.81024943310658,3,M74,VALIDATED_PI_ORIGIN_PROPAGATED
297,Q298,108.18176870748299,4,M74,VALIDATED_PI_ORIGIN_PROPAGATED
298,Q299,108.53006802721089,1,M75,VALIDATED_PI_ORIGIN_PROPAGATED
299,Q300,108.9015873015873,2,M75,VALIDATED_PI_ORIGIN_PROPAGATED
300,Q301,109.2498866213152,3,M75,VALIDATED_PI_ORIGIN_PROPAGATED
301,Q302,109.62140589569161,4,M75,VALIDATED_PI_ORIGIN_PROPAGATED
302,Q303,109.9697052154195,1,M76,VALIDATED_PI_ORIGIN_PROPAGATED
303,Q304,110.34122448979592,2,M76,VALIDATED_PI_ORIGIN_PROPAGATED
304,Q305,110.6895238095238,3,M76,VALIDATED_PI_ORIGIN_PROPAGATED
305,Q306,111.06104308390023,4,M76,VALIDATED_PI_ORIGIN_PROPAGATED
306,Q307,111.43256235827664,1,M77,VALIDATED_PI_ORIGIN_PROPAGATED
307,Q308,111.78086167800454,2,M77,VALIDATED_PI_ORIGIN_PROPAGATED
308,Q309,112.12916099773243,3,M77,VALIDATED_PI_ORIGIN_PROPAGATED
309,Q310,112.50068027210884,4,M77,VALIDATED_PI_ORIGIN_PROPAGATED
310,Q311,112.84897959183674,1,M78,VALIDATED_PI_ORIGIN_PROPAGATED
311,Q312,113.22049886621315,2,M78,VALIDATED_PI_ORIGIN_PROPAGATED
312,Q313,113.56879818594105,3,M78,VALIDATED_PI_ORIGIN_PROPAGATED
313,Q314,113.94031746031746,4,M78,VALIDATED_PI_ORIGIN_PROPAGATED
314,Q315,114.31183673469388,1,M79,VALIDATED_PI_ORIGIN_PROPAGATED
315,Q316,114.66013605442177,2,M79,VALIDATED_PI_ORIGIN_PROPAGATED
316,Q317,115.03165532879818,3,M79,VALIDATED_PI_ORIGIN_PROPAGATED
317,Q318,115.4031746031746,4,M79,VALIDATED_PI_ORIGIN_PROPAGATED
318,Q319,115.77469387755102,1,M80,VALIDATED_PI_ORIGIN_PROPAGATED
319,Q320,116.14621315192744,2,M80,VALIDATED_PI_ORIGIN_PROPAGATED
320,Q321,116.51773242630385,3,M80,VALIDATED_PI_ORIGIN_PROPAGATED
321,Q322,116.88925170068028,4,M80,VALIDATED_PI_ORIGIN_PROPAGATED
322,Q323,117.26077097505669,1,M81,VALIDATED_PI_ORIGIN_PROPAGATED
323,Q324,117.63229024943311,2,M81,VALIDATED_PI_ORIGIN_PROPAGATED
324,Q325,118.00380952380952,3,M81,VALIDATED_PI_ORIGIN_PROPAGATED
325,Q326,118.37532879818595,4,M81,VALIDATED_PI_ORIGIN_PROPAGATED
326,Q327,118.72362811791383,1,M82,VALIDATED_PI_ORIGIN_PROPAGATED
327,Q328,119.09514739229024,2,M82,VALIDATED_PI_ORIGIN_PROPAGATED
328,Q329,119.44344671201814,3,M82,VALIDATED_PI_ORIGIN_PROPAGATED
329,Q330,119.81496598639455,4,M82,VALIDATED_PI_ORIGIN_PROPAGATED
330,Q331,120.16326530612245,1,M83,VALIDATED_PI_ORIGIN_PROPAGATED
331,Q332,120.53478458049887,2,M83,VALIDATED_PI_ORIGIN_PROPAGATED
332,Q333,120.88308390022675,3,M83,VALIDATED_PI_ORIGIN_PROPAGATED
333,Q334,121.25460317460318,4,M83,VALIDATED_PI_ORIGIN_PROPAGATED
334,Q335,121.60290249433106,1,M84,VALIDATED_PI_ORIGIN_PROPAGATED
335,Q336,121.97442176870749,2,M84,VALIDATED_PI_ORIGIN_PROPAGATED
336,Q337,122.32272108843537,3,M84,VALIDATED_PI_ORIGIN_PROPAGATED
337,Q338,122.6942403628118,4,M84,VALIDATED_PI_ORIGIN_PROPAGATED
338,Q339,123.06575963718821,1,M85,VALIDATED_PI_ORIGIN_PROPAGATED
339,Q340,123.4140589569161,2,M85,VALIDATED_PI_ORIGIN_PROPAGATED
340,Q341,123.78557823129252,3,M85,VALIDATED_PI_ORIGIN_PROPAGATED
341,Q342,124.1338775510204,4,M85,VALIDATED_PI_ORIGIN_PROPAGATED
342,Q343,124.50539682539683,1,M86,VALIDATED_PI_ORIGIN_PROPAGATED
343,Q344,124.85369614512472,2,M86,VALIDATED_PI_ORIGIN_PROPAGATED
344,Q345,125.22521541950114,3,M86,VALIDATED_PI_ORIGIN_PROPAGATED
345,Q346,125.57351473922903,4,M86,VALIDATED_PI_ORIGIN_PROPAGATED
346,Q347,125.94503401360544,1,M87,VALIDATED_PI_ORIGIN_PROPAGATED
347,Q348,126.29333333333334,2,M87,VALIDATED_PI_ORIGIN_PROPAGATED
348,Q349,126.66485260770975,3,M87,VALIDATED_PI_ORIGIN_PROPAGATED
349,Q350,127.01315192743765,4,M87,VALIDATED_PI_ORIGIN_PROPAGATED
350,Q351,127.36145124716553,1,M88,VALIDATED_PI_ORIGIN_PROPAGATED
351,Q352,127.73297052154194,2,M88,VALIDATED_PI_ORIGIN_PROPAGATED
352,Q353,128.08126984126983,3,M88,VALIDATED_PI_ORIGIN_PROPAGATED
353,Q354,128.45278911564625,4,M88,VALIDATED_PI_ORIGIN_PROPAGATED
354,Q355,128.80108843537414,1,M89,VALIDATED_PI_ORIGIN_PROPAGATED
355,Q356,129.17260770975057,2,M89,VALIDATED_PI_ORIGIN_PROPAGATED
356,Q357,129.52090702947845,3,M89,VALIDATED_PI_ORIGIN_PROPAGATED
357,Q358,129.89242630385488,4,M89,VALIDATED_PI_ORIGIN_PROPAGATED
358,Q359,130.24072562358276,1,M90,VALIDATED_PI_ORIGIN_PROPAGATED
359,Q360,130.6122448979592,2,M90,VALIDATED_PI_ORIGIN_PROPAGATED
360,Q361,130.96054421768707,3,M90,VALIDATED_PI_ORIGIN_PROPAGATED
361,Q362,131.3320634920635,4,M90,VALIDATED_PI_ORIGIN_PROPAGATED
362,Q363,131.68036281179138,1,M91,VALIDATED_PI_ORIGIN_PROPAGATED
363,Q364,132.0518820861678,2,M91,VALIDATED_PI_ORIGIN_PROPAGATED
364,Q365,132.4001814058957,3,M91,VALIDATED_PI_ORIGIN_PROPAGATED
365,Q366,132.77170068027212,4,M91,VALIDATED_PI_ORIGIN_PROPAGATED
366,Q367,133.12,1,M92,VALIDATED_PI_ORIGIN_PROPAGATED
367,Q368,133.49151927437643,2,M92,VALIDATED_PI_ORIGIN_PROPAGATED
368,Q369,133.83981859410432,3,M92,VALIDATED_PI_ORIGIN_PROPAGATED
369,Q370,134.2113378684807,4,M92,VALIDATED_PI_ORIGIN_PROPAGATED
370,Q371,134.55963718820863,1,M93,VALIDATED_PI_ORIGIN_PROPAGATED
371,Q372,134.93115646258502,2,M93,VALIDATED_PI_ORIGIN_PROPAGATED
372,Q373,135.27945578231294,3,M93,VALIDATED_PI_ORIGIN_PROPAGATED
373,Q374,135.65097505668933,4,M93,VALIDATED_PI_ORIGIN_PROPAGATED
374,Q375,135.99927437641725,1,M94,VALIDATED_PI_ORIGIN_PROPAGATED
375,Q376,136.37079365079364,2,M94,VALIDATED_PI_ORIGIN_PROPAGATED
376,Q377,136.71909297052153,3,M94,VALIDATED_PI_ORIGIN_PROPAGATED
377,Q378,137.09061224489795,4,M94,VALIDATED_PI_ORIGIN_PROPAGATED
378,Q379,137.43891156462584,1,M95,VALIDATED_PI_ORIGIN_PROPAGATED
379,Q380,137.81043083900227,2,M95,VALIDATED_PI_ORIGIN_PROPAGATED
380,Q381,138.15873015873015,3,M95,VALIDATED_PI_ORIGIN_PROPAGATED
381,Q382,138.50702947845804,4,M95,VALIDATED_PI_ORIGIN_PROPAGATED
382,Q383,138.87854875283446,1,M96,VALIDATED_PI_ORIGIN_PROPAGATED
383,Q384,139.22684807256235,2,M96,VALIDATED_PI_ORIGIN_PROPAGATED
384,Q385,139.59836734693877,3,M96,VALIDATED_PI_ORIGIN_PROPAGATED
385,Q386,139.94666666666666,4,M96,VALIDATED_PI_ORIGIN_PROPAGATED
386,Q387,140.31818594104308,1,M97,VALIDATED_PI_ORIGIN_PROPAGATED
387,Q388,140.6897052154195,2,M97,VALIDATED_PI_ORIGIN_PROPAGATED
388,Q389,141.0380045351474,3,M97,VALIDATED_PI_ORIGIN_PROPAGATED
389,Q390,141.40952380952382,4,M97,VALIDATED_PI_ORIGIN_PROPAGATED
390,Q391,141.78104308390022,1,M98,VALIDATED_PI_ORIGIN_PROPAGATED
391,Q392,142.12934240362813,2,M98,VALIDATED_PI_ORIGIN_PROPAGATED
392,Q393,142.50086167800453,3,M98,VALIDATED_PI_ORIGIN_PROPAGATED
393,Q394,142.87238095238095,4,M98,VALIDATED_PI_ORIGIN_PROPAGATED
394,Q395,143.22068027210884,1,M99,VALIDATED_PI_ORIGIN_PROPAGATED
395,Q396,143.59219954648526,2,M99,VALIDATED_PI_ORIGIN_PROPAGATED
396,Q397,143.94049886621315,3,M99,VALIDATED_PI_ORIGIN_PROPAGATED
397,Q398,144.28879818594103,4,M99,VALIDATED_PI_ORIGIN_PROPAGATED
398,Q399,144.66031746031746,1,M100,VALIDATED_PI_ORIGIN_PROPAGATED
399,Q400,145.00861678004534,2,M100,VALIDATED_PI_ORIGIN_PROPAGATED
400,Q401,145.38013605442177,3,M100,VALIDATED_PI_ORIGIN_PROPAGATED
401,Q402,145.72843537414965,4,M100,VALIDATED_PI_ORIGIN_PROPAGATED
402,Q403,146.09995464852608,1,M101,VALIDATED_PI_ORIGIN_PROPAGATED
403,Q404,146.44825396825397,2,M101,VALIDATED_PI_ORIGIN_PROPAGATED
404,Q405,146.79655328798185,3,M101,VALIDATED_PI_ORIGIN_PROPAGATED
405,Q406,147.16807256235828,4,M101,VALIDATED_PI_ORIGIN_PROPAGATED
406,Q407,147.51637188208616,1,M102,VALIDATED_PI_ORIGIN_PROPAGATED
407,Q408,147.8878911564626,2,M102,VALIDATED_PI_ORIGIN_PROPAGATED
408,Q409,148.23619047619047,3,M102,VALIDATED_PI_ORIGIN_PROPAGATED
409,Q410,148.58448979591836,4,M102,VALIDATED_PI_ORIGIN_PROPAGATED
410,Q411,148.95600907029478,1,M103,VALIDATED_PI_ORIGIN_PROPAGATED
411,Q412,149.30430839002267,2,M103,VALIDATED_PI_ORIGIN_PROPAGATED
412,Q413,149.65260770975055,3,M103,VALIDATED_PI_ORIGIN_PROPAGATED
413,Q414,150.02412698412698,4,M103,VALIDATED_PI_ORIGIN_PROPAGATED
414,Q415,150.3956462585034,1,M104,VALIDATED_PI_ORIGIN_PROPAGATED
415,Q416,150.7439455782313,2,M104,VALIDATED_PI_ORIGIN_PROPAGATED
416,Q417,151.11546485260772,3,M104,VALIDATED_PI_ORIGIN_PROPAGATED
417,Q418,151.48698412698414,4,M104,VALIDATED_PI_ORIGIN_PROPAGATED
418,Q419,151.85850340136054,1,M105,VALIDATED_PI_ORIGIN_PROPAGATED
419,Q420,152.23002267573696,2,M105,VALIDATED_PI_ORIGIN_PROPAGATED
420,Q421,152.6015419501134,3,M105,VALIDATED_PI_ORIGIN_PROPAGATED
421,Q422,152.99628117913832,4,M105,VALIDATED_PI_ORIGIN_PROPAGATED
422,Q423,153.36780045351475,1,M106,VALIDATED_PI_ORIGIN_PROPAGATED
423,Q424,153.73931972789114,2,M106,VALIDATED_PI_ORIGIN_PROPAGATED
424,Q425,154.08761904761906,3,M106,VALIDATED_PI_ORIGIN_PROPAGATED
425,Q426,154.45913832199545,4,M106,VALIDATED_PI_ORIGIN_PROPAGATED
426,Q427,154.83065759637188,1,M107,VALIDATED_PI_ORIGIN_PROPAGATED
427,Q428,155.17895691609976,2,M107,VALIDATED_PI_ORIGIN_PROPAGATED
428,Q429,155.52725623582765,3,M107,VALIDATED_PI_ORIGIN_PROPAGATED
429,Q430,155.89877551020408,4,M107,VALIDATED_PI_ORIGIN_PROPAGATED
430,Q431,156.24707482993196,1,M108,VALIDATED_PI_ORIGIN_PROPAGATED
431,Q432,156.6185941043084,2,M108,VALIDATED_PI_ORIGIN_PROPAGATED
432,Q433,156.96689342403627,3,M108,VALIDATED_PI_ORIGIN_PROPAGATED
433,Q434,157.3384126984127,4,M108,VALIDATED_PI_ORIGIN_PROPAGATED
434,Q435,157.70993197278912,1,M109,VALIDATED_PI_ORIGIN_PROPAGATED
435,Q436,158.08145124716555,2,M109,VALIDATED_PI_ORIGIN_PROPAGATED
436,Q437,158.45297052154194,3,M109,VALIDATED_PI_ORIGIN_PROPAGATED
437,Q438,158.80126984126983,4,M109,VALIDATED_PI_ORIGIN_PROPAGATED
438,Q439,159.17278911564625,1,M110,VALIDATED_PI_ORIGIN_PROPAGATED
439,Q440,159.54430839002268,2,M110,VALIDATED_PI_ORIGIN_PROPAGATED
440,Q441,159.9158276643991,3,M110,VALIDATED_PI_ORIGIN_PROPAGATED
441,Q442,160.264126984127,4,M110,VALIDATED_PI_ORIGIN_PROPAGATED
442,Q443,160.61242630385487,1,M111,VALIDATED_PI_ORIGIN_PROPAGATED
443,Q444,160.9839455782313,2,M111,VALIDATED_PI_ORIGIN_PROPAGATED
444,Q445,161.33224489795919,3,M111,VALIDATED_PI_ORIGIN_PROPAGATED
445,Q446,161.68054421768707,4,M111,VALIDATED_PI_ORIGIN_PROPAGATED
446,Q447,162.0520634920635,1,M112,VALIDATED_PI_ORIGIN_PROPAGATED
447,Q448,162.40036281179138,2,M112,VALIDATED_PI_ORIGIN_PROPAGATED
448,Q449,162.7718820861678,3,M112,VALIDATED_PI_ORIGIN_PROPAGATED
449,Q450,163.14340136054423,4,M112,VALIDATED_PI_ORIGIN_PROPAGATED
450,Q451,163.51492063492063,1,M113,VALIDATED_PI_ORIGIN_PROPAGATED
451,Q452,163.88643990929705,2,M113,VALIDATED_PI_ORIGIN_PROPAGATED
452,Q453,164.23473922902494,3,M113,VALIDATED_PI_ORIGIN_PROPAGATED
453,Q454,164.60625850340136,4,M113,VALIDATED_PI_ORIGIN_PROPAGATED
454,Q455,164.9777777777778,1,M114,VALIDATED_PI_ORIGIN_PROPAGATED
455,Q456,165.34929705215418,2,M114,VALIDATED_PI_ORIGIN_PROPAGATED
456,Q457,165.6975963718821,3,M114,VALIDATED_PI_ORIGIN_PROPAGATED
457,Q458,166.0691156462585,4,M114,VALIDATED_PI_ORIGIN_PROPAGATED
458,Q459,166.41741496598638,1,M115,VALIDATED_PI_ORIGIN_PROPAGATED
459,Q460,166.7889342403628,2,M115,VALIDATED_PI_ORIGIN_PROPAGATED
460,Q461,167.1372335600907,3,M115,VALIDATED_PI_ORIGIN_PROPAGATED
461,Q462,167.4855328798186,4,M115,VALIDATED_PI_ORIGIN_PROPAGATED
462,Q463,167.8338321995465,1,M116,VALIDATED_PI_ORIGIN_PROPAGATED
463,Q464,168.2053514739229,2,M116,VALIDATED_PI_ORIGIN_PROPAGATED
464,Q465,168.5536507936508,3,M116,VALIDATED_PI_ORIGIN_PROPAGATED
465,Q466,168.9251700680272,4,M116,VALIDATED_PI_ORIGIN_PROPAGATED
466,Q467,169.2734693877551,1,M117,VALIDATED_PI_ORIGIN_PROPAGATED
467,Q468,169.621768707483,2,M117,VALIDATED_PI_ORIGIN_PROPAGATED
468,Q469,169.99328798185942,3,M117,VALIDATED_PI_ORIGIN_PROPAGATED
469,Q470,170.3415873015873,4,M117,VALIDATED_PI_ORIGIN_PROPAGATED
470,Q471,170.7131065759637,1,M118,VALIDATED_PI_ORIGIN_PROPAGATED
471,Q472,171.06140589569162,2,M118,VALIDATED_PI_ORIGIN_PROPAGATED
472,Q473,171.43292517006802,3,M118,VALIDATED_PI_ORIGIN_PROPAGATED
473,Q474,171.78122448979593,4,M118,VALIDATED_PI_ORIGIN_PROPAGATED
474,Q475,172.15274376417233,1,M119,VALIDATED_PI_ORIGIN_PROPAGATED
475,Q476,172.5010430839002,2,M119,VALIDATED_PI_ORIGIN_PROPAGATED
476,Q477,172.87256235827664,3,M119,VALIDATED_PI_ORIGIN_PROPAGATED
477,Q478,173.22086167800452,4,M119,VALIDATED_PI_ORIGIN_PROPAGATED
478,Q479,173.59238095238095,1,M120,VALIDATED_PI_ORIGIN_PROPAGATED
479,Q480,173.94068027210884,2,M120,VALIDATED_PI_ORIGIN_PROPAGATED
480,Q481,174.31219954648526,3,M120,VALIDATED_PI_ORIGIN_PROPAGATED
481,Q482,174.68371882086169,4,M120,VALIDATED_PI_ORIGIN_PROPAGATED
482,Q483,175.03201814058957,1,M121,VALIDATED_PI_ORIGIN_PROPAGATED
483,Q484,175.403537414966,2,M121,VALIDATED_PI_ORIGIN_PROPAGATED
484,Q485,175.75183673469388,3,M121,VALIDATED_PI_ORIGIN_PROPAGATED
485,Q486,176.1233560090703,4,M121,VALIDATED_PI_ORIGIN_PROPAGATED
486,Q487,176.4716553287982,1,M122,VALIDATED_PI_ORIGIN_PROPAGATED
487,Q488,176.84317460317462,2,M122,VALIDATED_PI_ORIGIN_PROPAGATED
488,Q489,177.1914739229025,3,M122,VALIDATED_PI_ORIGIN_PROPAGATED
489,Q490,177.5629931972789,4,M122,VALIDATED_PI_ORIGIN_PROPAGATED
490,Q491,177.9112925170068,1,M123,VALIDATED_PI_ORIGIN_PROPAGATED
491,Q492,178.2828117913832,2,M123,VALIDATED_PI_ORIGIN_PROPAGATED
492,Q493,178.63111111111112,3,M123,VALIDATED_PI_ORIGIN_PROPAGATED
493,Q494,179.00263038548752,4,M123,VALIDATED_PI_ORIGIN_PROPAGATED
494,Q495,179.37414965986395,1,M124,VALIDATED_PI_ORIGIN_PROPAGATED
495,Q496,179.72244897959183,2,M124,VALIDATED_PI_ORIGIN_PROPAGATED
496,Q497,180.09396825396826,3,M124,VALIDATED_PI_ORIGIN_PROPAGATED
497,Q498,180.46548752834468,4,M124,VALIDATED_PI_ORIGIN_PROPAGATED
498,Q499,180.83700680272108,1,M125,VALIDATED_PI_ORIGIN_PROPAGATED
499,Q500,181.2085260770975,2,M125,VALIDATED_PI_ORIGIN_PROPAGATED
500,Q501,181.58004535147393,3,M125,VALIDATED_PI_ORIGIN_PROPAGATED
501,Q502,181.9283446712018,4,M125,VALIDATED_PI_ORIGIN_PROPAGATED
502,Q503,182.29986394557824,1,M126,VALIDATED_PI_ORIGIN_PROPAGATED
503,Q504,182.64816326530612,2,M126,VALIDATED_PI_ORIGIN_PROPAGATED
504,Q505,183.01968253968255,3,M126,VALIDATED_PI_ORIGIN_PROPAGATED
505,Q506,183.36798185941043,4,M126,VALIDATED_PI_ORIGIN_PROPAGATED
506,Q507,183.71628117913832,1,M127,VALIDATED_PI_ORIGIN_PROPAGATED
507,Q508,184.0645804988662,2,M127,VALIDATED_PI_ORIGIN_PROPAGATED
508,Q509,184.43609977324263,3,M127,VALIDATED_PI_ORIGIN_PROPAGATED
509,Q510,184.78439909297052,4,M127,VALIDATED_PI_ORIGIN_PROPAGATED
510,Q511,185.15591836734694,1,M128,VALIDATED_PI_ORIGIN_PROPAGATED
511,Q512,185.50421768707483,2,M128,VALIDATED_PI_ORIGIN_PROPAGATED
512,Q513,185.87573696145125,3,M128,VALIDATED_PI_ORIGIN_PROPAGATED
513,Q514,186.24725623582768,4,M128,VALIDATED_PI_ORIGIN_PROPAGATED
514,Q515,186.61877551020407,1,M129,VALIDATED_PI_ORIGIN_PROPAGATED
515,Q516,186.9902947845805,2,M129,VALIDATED_PI_ORIGIN_PROPAGATED
516,Q517,187.36181405895692,3,M129,VALIDATED_PI_ORIGIN_PROPAGATED
517,Q518,187.73333333333332,4,M129,VALIDATED_PI_ORIGIN_PROPAGATED
518,Q519,188.08163265306123,1,M130,VALIDATED_PI_ORIGIN_PROPAGATED
519,Q520,188.45315192743763,2,M130,VALIDATED_PI_ORIGIN_PROPAGATED
520,Q521,188.80145124716555,3,M130,VALIDATED_PI_ORIGIN_PROPAGATED
521,Q522,189.14975056689343,4,M130,VALIDATED_PI_ORIGIN_PROPAGATED
522,Q523,189.49804988662132,1,M131,VALIDATED_PI_ORIGIN_PROPAGATED
523,Q524,189.86956916099774,2,M131,VALIDATED_PI_ORIGIN_PROPAGATED
524,Q525,190.21786848072563,3,M131,VALIDATED_PI_ORIGIN_PROPAGATED
525,Q526,190.5661678004535,4,M131,VALIDATED_PI_ORIGIN_PROPAGATED
526,Q527,190.9144671201814,1,M132,VALIDATED_PI_ORIGIN_PROPAGATED
527,Q528,191.26276643990929,2,M132,VALIDATED_PI_ORIGIN_PROPAGATED
528,Q529,191.6110657596372,3,M132,VALIDATED_PI_ORIGIN_PROPAGATED
529,Q530,191.95936507936509,4,M132,VALIDATED_PI_ORIGIN_PROPAGATED
530,Q531,192.3308843537415,1,M133,VALIDATED_PI_ORIGIN_PROPAGATED
531,Q532,192.6791836734694,2,M133,VALIDATED_PI_ORIGIN_PROPAGATED
532,Q533,193.02748299319728,3,M133,VALIDATED_PI_ORIGIN_PROPAGATED
533,Q534,193.37578231292517,4,M133,VALIDATED_PI_ORIGIN_PROPAGATED
534,Q535,193.72408163265305,1,M134,VALIDATED_PI_ORIGIN_PROPAGATED
535,Q536,194.07238095238094,2,M134,VALIDATED_PI_ORIGIN_PROPAGATED
536,Q537,194.44390022675736,3,M134,VALIDATED_PI_ORIGIN_PROPAGATED
537,Q538,194.79219954648525,4,M134,VALIDATED_PI_ORIGIN_PROPAGATED
538,Q539,195.14049886621316,1,M135,VALIDATED_PI_ORIGIN_PROPAGATED
539,Q540,195.48879818594105,2,M135,VALIDATED_PI_ORIGIN_PROPAGATED
540,Q541,195.86031746031745,3,M135,VALIDATED_PI_ORIGIN_PROPAGATED
541,Q542,196.20861678004536,4,M135,VALIDATED_PI_ORIGIN_PROPAGATED
542,Q543,196.55691609977325,1,M136,VALIDATED_PI_ORIGIN_PROPAGATED
543,Q544,196.90521541950113,2,M136,VALIDATED_PI_ORIGIN_PROPAGATED
544,Q545,197.27673469387756,3,M136,VALIDATED_PI_ORIGIN_PROPAGATED
545,Q546,197.62503401360544,4,M136,VALIDATED_PI_ORIGIN_PROPAGATED
546,Q547,197.97333333333333,1,M137,VALIDATED_PI_ORIGIN_PROPAGATED
547,Q548,198.34485260770975,2,M137,VALIDATED_PI_ORIGIN_PROPAGATED
548,Q549,198.69315192743764,3,M137,VALIDATED_PI_ORIGIN_PROPAGATED
549,Q550,199.06467120181406,4,M137,VALIDATED_PI_ORIGIN_PROPAGATED
550,Q551,199.41297052154195,1,M138,VALIDATED_PI_ORIGIN_PROPAGATED
551,Q552,199.76126984126984,2,M138,VALIDATED_PI_ORIGIN_PROPAGATED
552,Q553,200.13278911564626,3,M138,VALIDATED_PI_ORIGIN_PROPAGATED
553,Q554,200.48108843537415,4,M138,VALIDATED_PI_ORIGIN_PROPAGATED
554,Q555,200.85260770975057,1,M139,VALIDATED_PI_ORIGIN_PROPAGATED
555,Q556,201.20090702947846,2,M139,VALIDATED_PI_ORIGIN_PROPAGATED
556,Q557,201.57242630385488,3,M139,VALIDATED_PI_ORIGIN_PROPAGATED
557,Q558,201.92072562358277,4,M139,VALIDATED_PI_ORIGIN_PROPAGATED
558,Q559,202.26902494331065,1,M140,VALIDATED_PI_ORIGIN_PROPAGATED
559,Q560,202.64054421768708,2,M140,VALIDATED_PI_ORIGIN_PROPAGATED
560,Q561,202.98884353741497,3,M140,VALIDATED_PI_ORIGIN_PROPAGATED
561,Q562,203.33714285714285,4,M140,VALIDATED_PI_ORIGIN_PROPAGATED
562,Q563,203.68544217687074,1,M141,VALIDATED_PI_ORIGIN_PROPAGATED
563,Q564,204.05696145124716,2,M141,VALIDATED_PI_ORIGIN_PROPAGATED
564,Q565,204.40526077097505,3,M141,VALIDATED_PI_ORIGIN_PROPAGATED
565,Q566,204.75356009070296,4,M141,VALIDATED_PI_ORIGIN_PROPAGATED
566,Q567,205.12507936507936,1,M142,VALIDATED_PI_ORIGIN_PROPAGATED
567,Q568,205.47337868480724,2,M142,VALIDATED_PI_ORIGIN_PROPAGATED
568,Q569,205.84489795918367,3,M142,VALIDATED_PI_ORIGIN_PROPAGATED
569,Q570,206.19319727891155,4,M142,VALIDATED_PI_ORIGIN_PROPAGATED
570,Q571,206.56471655328798,1,M143,VALIDATED_PI_ORIGIN_PROPAGATED
571,Q572,206.9362358276644,2,M143,VALIDATED_PI_ORIGIN_PROPAGATED
572,Q573,207.30775510204083,3,M143,VALIDATED_PI_ORIGIN_PROPAGATED
573,Q574,207.67927437641723,4,M143,VALIDATED_PI_ORIGIN_PROPAGATED
574,Q575,208.05079365079365,1,M144,VALIDATED_PI_ORIGIN_PROPAGATED
575,Q576,208.4455328798186,2,M144,VALIDATED_PI_ORIGIN_PROPAGATED
576,Q577,208.817052154195,3,M144,VALIDATED_PI_ORIGIN_PROPAGATED
577,Q578,209.21179138321995,4,M144,VALIDATED_PI_ORIGIN_PROPAGATED
578,Q579,209.58331065759637,1,M145,VALIDATED_PI_ORIGIN_PROPAGATED
579,Q580,209.9548299319728,2,M145,VALIDATED_PI_ORIGIN_PROPAGATED
580,Q581,210.3263492063492,3,M145,VALIDATED_PI_ORIGIN_PROPAGATED
581,Q582,210.69786848072562,4,M145,VALIDATED_PI_ORIGIN_PROPAGATED
582,Q583,211.06938775510204,1,M146,VALIDATED_PI_ORIGIN_PROPAGATED
583,Q584,211.41768707482993,2,M146,VALIDATED_PI_ORIGIN_PROPAGATED
584,Q585,211.78920634920635,3,M146,VALIDATED_PI_ORIGIN_PROPAGATED
585,Q586,212.13750566893424,4,M146,VALIDATED_PI_ORIGIN_PROPAGATED
586,Q587,212.50902494331066,1,M147,VALIDATED_PI_ORIGIN_PROPAGATED
587,Q588,212.85732426303855,2,M147,VALIDATED_PI_ORIGIN_PROPAGATED
588,Q589,213.20562358276644,3,M147,VALIDATED_PI_ORIGIN_PROPAGATED
589,Q590,213.57714285714286,4,M147,VALIDATED_PI_ORIGIN_PROPAGATED
590,Q591,213.92544217687075,1,M148,VALIDATED_PI_ORIGIN_PROPAGATED
591,Q592,214.27374149659863,2,M148,VALIDATED_PI_ORIGIN_PROPAGATED
592,Q593,214.64526077097506,3,M148,VALIDATED_PI_ORIGIN_PROPAGATED
593,Q594,214.99356009070294,4,M148,VALIDATED_PI_ORIGIN_PROPAGATED
594,Q595,215.34185941043083,1,M149,VALIDATED_PI_ORIGIN_PROPAGATED
595,Q596,215.71337868480725,2,M149,VALIDATED_PI_ORIGIN_PROPAGATED
596,Q597,216.06167800453514,3,M149,VALIDATED_PI_ORIGIN_PROPAGATED
597,Q598,216.40997732426302,4,M149,VALIDATED_PI_ORIGIN_PROPAGATED
598,Q599,216.78149659863945,1,M150,VALIDATED_PI_ORIGIN_PROPAGATED
599,Q600,217.12979591836734,2,M150,VALIDATED_PI_ORIGIN_PROPAGATED
600,Q601,217.47809523809525,3,M150,VALIDATED_PI_ORIGIN_PROPAGATED
601,Q602,217.82639455782314,4,M150,VALIDATED_PI_ORIGIN_PROPAGATED
602,Q603,218.19791383219956,1,M151,VALIDATED_PI_ORIGIN_PROPAGATED
603,Q604,218.54621315192745,2,M151,VALIDATED_PI_ORIGIN_PROPAGATED
604,Q605,218.91773242630384,3,M151,VALIDATED_PI_ORIGIN_PROPAGATED
605,Q606,219.28925170068027,4,M151,VALIDATED_PI_ORIGIN_PROPAGATED
606,Q607,219.6607709750567,1,M152,VALIDATED_PI_ORIGIN_PROPAGATED
607,Q608,220.05551020408163,2,M152,VALIDATED_PI_ORIGIN_PROPAGATED
608,Q609,220.45024943310656,3,M152,VALIDATED_PI_ORIGIN_PROPAGATED
609,Q610,220.821768707483,4,M152,VALIDATED_PI_ORIGIN_PROPAGATED
610,Q611,221.1932879818594,1,M153,VALIDATED_PI_ORIGIN_PROPAGATED
611,Q612,221.56480725623584,2,M153,VALIDATED_PI_ORIGIN_PROPAGATED
612,Q613,221.95954648526077,3,M153,VALIDATED_PI_ORIGIN_PROPAGATED
613,Q614,222.3310657596372,4,M153,VALIDATED_PI_ORIGIN_PROPAGATED
614,Q615,222.7025850340136,1,M154,VALIDATED_PI_ORIGIN_PROPAGATED
615,Q616,223.07410430839002,2,M154,VALIDATED_PI_ORIGIN_PROPAGATED
616,Q617,223.4224036281179,3,M154,VALIDATED_PI_ORIGIN_PROPAGATED
617,Q618,223.79392290249433,4,M154,VALIDATED_PI_ORIGIN_PROPAGATED
618,Q619,224.14222222222222,1,M155,VALIDATED_PI_ORIGIN_PROPAGATED
619,Q620,224.51374149659864,2,M155,VALIDATED_PI_ORIGIN_PROPAGATED
620,Q621,224.86204081632653,3,M155,VALIDATED_PI_ORIGIN_PROPAGATED
621,Q622,225.23356009070295,4,M155,VALIDATED_PI_ORIGIN_PROPAGATED
622,Q623,225.58185941043084,1,M156,VALIDATED_PI_ORIGIN_PROPAGATED
623,Q624,225.93015873015872,2,M156,VALIDATED_PI_ORIGIN_PROPAGATED
624,Q625,226.2784580498866,3,M156,VALIDATED_PI_ORIGIN_PROPAGATED
625,Q626,226.64997732426303,4,M156,VALIDATED_PI_ORIGIN_PROPAGATED
626,Q627,226.99827664399092,1,M157,VALIDATED_PI_ORIGIN_PROPAGATED
627,Q628,227.34657596371883,2,M157,VALIDATED_PI_ORIGIN_PROPAGATED
628,Q629,227.71809523809523,3,M157,VALIDATED_PI_ORIGIN_PROPAGATED
629,Q630,228.06639455782312,4,M157,VALIDATED_PI_ORIGIN_PROPAGATED
630,Q631,228.43791383219954,1,M158,VALIDATED_PI_ORIGIN_PROPAGATED
631,Q632,228.80943310657597,2,M158,VALIDATED_PI_ORIGIN_PROPAGATED
632,Q633,229.1809523809524,3,M158,VALIDATED_PI_ORIGIN_PROPAGATED
633,Q634,229.5524716553288,4,M158,VALIDATED_PI_ORIGIN_PROPAGATED
634,Q635,229.9239909297052,1,M159,VALIDATED_PI_ORIGIN_PROPAGATED
635,Q636,230.31873015873015,2,M159,VALIDATED_PI_ORIGIN_PROPAGATED
636,Q637,230.69024943310657,3,M159,VALIDATED_PI_ORIGIN_PROPAGATED
637,Q638,231.061768707483,4,M159,VALIDATED_PI_ORIGIN_PROPAGATED
638,Q639,231.45650793650793,1,M160,VALIDATED_PI_ORIGIN_PROPAGATED
639,Q640,231.82802721088436,2,M160,VALIDATED_PI_ORIGIN_PROPAGATED
640,Q641,232.19954648526078,3,M160,VALIDATED_PI_ORIGIN_PROPAGATED
641,Q642,232.57106575963718,4,M160,VALIDATED_PI_ORIGIN_PROPAGATED
642,Q643,232.9425850340136,1,M161,VALIDATED_PI_ORIGIN_PROPAGATED
643,Q644,233.33732426303854,2,M161,VALIDATED_PI_ORIGIN_PROPAGATED
644,Q645,233.70884353741496,3,M161,VALIDATED_PI_ORIGIN_PROPAGATED
645,Q646,234.0803628117914,4,M161,VALIDATED_PI_ORIGIN_PROPAGATED
646,Q647,234.4518820861678,1,M162,VALIDATED_PI_ORIGIN_PROPAGATED
647,Q648,234.8234013605442,2,M162,VALIDATED_PI_ORIGIN_PROPAGATED
648,Q649,235.19492063492063,3,M162,VALIDATED_PI_ORIGIN_PROPAGATED
649,Q650,235.56643990929706,4,M162,VALIDATED_PI_ORIGIN_PROPAGATED
650,Q651,235.961179138322,1,M163,VALIDATED_PI_ORIGIN_PROPAGATED
651,Q652,236.33269841269842,2,M163,VALIDATED_PI_ORIGIN_PROPAGATED
652,Q653,236.70421768707482,3,M163,VALIDATED_PI_ORIGIN_PROPAGATED
653,Q654,237.07573696145124,4,M163,VALIDATED_PI_ORIGIN_PROPAGATED
654,Q655,237.44725623582767,1,M164,VALIDATED_PI_ORIGIN_PROPAGATED
655,Q656,237.8187755102041,2,M164,VALIDATED_PI_ORIGIN_PROPAGATED
656,Q657,238.1902947845805,3,M164,VALIDATED_PI_ORIGIN_PROPAGATED
657,Q658,238.5618140589569,4,M164,VALIDATED_PI_ORIGIN_PROPAGATED
658,Q659,238.93333333333334,1,M165,VALIDATED_PI_ORIGIN_PROPAGATED
659,Q660,239.32807256235827,2,M165,VALIDATED_PI_ORIGIN_PROPAGATED
660,Q661,239.6995918367347,3,M165,VALIDATED_PI_ORIGIN_PROPAGATED
661,Q662,240.07111111111112,4,M165,VALIDATED_PI_ORIGIN_PROPAGATED
662,Q663,240.44263038548752,1,M166,VALIDATED_PI_ORIGIN_PROPAGATED
663,Q664,240.81414965986394,2,M166,VALIDATED_PI_ORIGIN_PROPAGATED
664,Q665,241.18566893424037,3,M166,VALIDATED_PI_ORIGIN_PROPAGATED
665,Q666,241.5571882086168,4,M166,VALIDATED_PI_ORIGIN_PROPAGATED
666,Q667,241.9287074829932,1,M167,VALIDATED_PI_ORIGIN_PROPAGATED
667,Q668,242.30022675736961,2,M167,VALIDATED_PI_ORIGIN_PROPAGATED
668,Q669,242.69496598639455,3,M167,VALIDATED_PI_ORIGIN_PROPAGATED
669,Q670,243.06648526077097,4,M167,VALIDATED_PI_ORIGIN_PROPAGATED
670,Q671,243.4380045351474,1,M168,VALIDATED_PI_ORIGIN_PROPAGATED
671,Q672,243.8095238095238,2,M168,VALIDATED_PI_ORIGIN_PROPAGATED
672,Q673,244.18104308390022,3,M168,VALIDATED_PI_ORIGIN_PROPAGATED
673,Q674,244.55256235827665,4,M168,VALIDATED_PI_ORIGIN_PROPAGATED
674,Q675,244.92408163265307,1,M169,VALIDATED_PI_ORIGIN_PROPAGATED
675,Q676,245.318820861678,2,M169,VALIDATED_PI_ORIGIN_PROPAGATED
676,Q677,245.69034013605443,3,M169,VALIDATED_PI_ORIGIN_PROPAGATED
677,Q678,246.06185941043083,4,M169,VALIDATED_PI_ORIGIN_PROPAGATED
678,Q679,246.43337868480725,1,M170,VALIDATED_PI_ORIGIN_PROPAGATED
679,Q680,246.80489795918368,2,M170,VALIDATED_PI_ORIGIN_PROPAGATED
680,Q681,247.1996371882086,3,M170,VALIDATED_PI_ORIGIN_PROPAGATED
681,Q682,247.57115646258504,4,M170,VALIDATED_PI_ORIGIN_PROPAGATED
682,Q683,247.94267573696146,1,M171,VALIDATED_PI_ORIGIN_PROPAGATED
683,Q684,248.31419501133786,2,M171,VALIDATED_PI_ORIGIN_PROPAGATED
684,Q685,248.68571428571428,3,M171,VALIDATED_PI_ORIGIN_PROPAGATED
685,Q686,249.0572335600907,4,M171,VALIDATED_PI_ORIGIN_PROPAGATED
686,Q687,249.42875283446713,1,M172,VALIDATED_PI_ORIGIN_PROPAGATED
687,Q688,249.82349206349207,2,M172,VALIDATED_PI_ORIGIN_PROPAGATED
688,Q689,250.1950113378685,3,M172,VALIDATED_PI_ORIGIN_PROPAGATED
689,Q690,250.5665306122449,4,M172,VALIDATED_PI_ORIGIN_PROPAGATED
690,Q691,250.93804988662131,1,M173,VALIDATED_PI_ORIGIN_PROPAGATED
691,Q692,251.30956916099774,2,M173,VALIDATED_PI_ORIGIN_PROPAGATED
692,Q693,251.68108843537414,3,M173,VALIDATED_PI_ORIGIN_PROPAGATED
693,Q694,252.05260770975056,4,M173,VALIDATED_PI_ORIGIN_PROPAGATED
694,Q695,252.42412698412699,1,M174,VALIDATED_PI_ORIGIN_PROPAGATED
695,Q696,252.7956462585034,2,M174,VALIDATED_PI_ORIGIN_PROPAGATED
696,Q697,253.1671655328798,3,M174,VALIDATED_PI_ORIGIN_PROPAGATED
697,Q698,253.56190476190477,4,M174,VALIDATED_PI_ORIGIN_PROPAGATED
698,Q699,253.93342403628117,1,M175,VALIDATED_PI_ORIGIN_PROPAGATED
699,Q700,254.3049433106576,2,M175,VALIDATED_PI_ORIGIN_PROPAGATED
700,Q701,254.69968253968253,3,M175,VALIDATED_PI_ORIGIN_PROPAGATED
701,Q702,255.0944217687075,4,M175,VALIDATED_PI_ORIGIN_PROPAGATED
702,Q703,255.4659410430839,1,M176,VALIDATED_PI_ORIGIN_PROPAGATED
703,Q704,255.86068027210885,2,M176,VALIDATED_PI_ORIGIN_PROPAGATED
704,Q705,256.2321995464853,3,M176,VALIDATED_PI_ORIGIN_PROPAGATED
705,Q706,256.6037188208617,4,M176,VALIDATED_PI_ORIGIN_PROPAGATED
706,Q707,256.97523809523807,1,M177,VALIDATED_PI_ORIGIN_PROPAGATED
707,Q708,257.3467573696145,2,M177,VALIDATED_PI_ORIGIN_PROPAGATED
708,Q709,257.7182766439909,3,M177,VALIDATED_PI_ORIGIN_PROPAGATED
709,Q710,258.0897959183674,4,M177,VALIDATED_PI_ORIGIN_PROPAGATED
710,Q711,258.46131519274377,1,M178,VALIDATED_PI_ORIGIN_PROPAGATED
711,Q712,258.83283446712016,2,M178,VALIDATED_PI_ORIGIN_PROPAGATED
712,Q713,259.2043537414966,3,M178,VALIDATED_PI_ORIGIN_PROPAGATED
713,Q714,259.575873015873,4,M178,VALIDATED_PI_ORIGIN_PROPAGATED
714,Q715,259.9473922902494,1,M179,VALIDATED_PI_ORIGIN_PROPAGATED
715,Q716,260.31891156462586,2,M179,VALIDATED_PI_ORIGIN_PROPAGATED
716,Q717,260.69043083900226,3,M179,VALIDATED_PI_ORIGIN_PROPAGATED
717,Q718,261.06195011337866,4,M179,VALIDATED_PI_ORIGIN_PROPAGATED
718,Q719,261.41024943310657,1,M180,VALIDATED_PI_ORIGIN_PROPAGATED
719,Q720,261.78176870748297,2,M180,VALIDATED_PI_ORIGIN_PROPAGATED
720,Q721,262.1532879818594,3,M180,VALIDATED_PI_ORIGIN_PROPAGATED
721,Q722,262.5015873015873,4,M180,VALIDATED_PI_ORIGIN_PROPAGATED
722,Q723,262.87310657596373,1,M181,VALIDATED_PI_ORIGIN_PROPAGATED
723,Q724,263.2214058956916,2,M181,VALIDATED_PI_ORIGIN_PROPAGATED
724,Q725,263.5697052154195,3,M181,VALIDATED_PI_ORIGIN_PROPAGATED
725,Q726,263.9412244897959,4,M181,VALIDATED_PI_ORIGIN_PROPAGATED
726,Q727,264.2895238095238,1,M182,VALIDATED_PI_ORIGIN_PROPAGATED
727,Q728,264.63782312925173,2,M182,VALIDATED_PI_ORIGIN_PROPAGATED
728,Q729,265.0093424036281,3,M182,VALIDATED_PI_ORIGIN_PROPAGATED
729,Q730,265.357641723356,4,M182,VALIDATED_PI_ORIGIN_PROPAGATED
730,Q731,265.72916099773244,1,M183,VALIDATED_PI_ORIGIN_PROPAGATED
731,Q732,266.10068027210883,2,M183,VALIDATED_PI_ORIGIN_PROPAGATED
732,Q733,266.4721995464853,3,M183,VALIDATED_PI_ORIGIN_PROPAGATED
733,Q734,266.8437188208617,4,M183,VALIDATED_PI_ORIGIN_PROPAGATED
734,Q735,267.2152380952381,1,M184,VALIDATED_PI_ORIGIN_PROPAGATED
735,Q736,267.58675736961453,2,M184,VALIDATED_PI_ORIGIN_PROPAGATED
736,Q737,267.9582766439909,3,M184,VALIDATED_PI_ORIGIN_PROPAGATED
737,Q738,268.3297959183673,4,M184,VALIDATED_PI_ORIGIN_PROPAGATED
738,Q739,268.7245351473923,1,M185,VALIDATED_PI_ORIGIN_PROPAGATED
739,Q740,269.0960544217687,2,M185,VALIDATED_PI_ORIGIN_PROPAGATED
740,Q741,269.4675736961451,3,M185,VALIDATED_PI_ORIGIN_PROPAGATED
741,Q742,269.83909297052156,4,M185,VALIDATED_PI_ORIGIN_PROPAGATED
742,Q743,270.2338321995465,1,M186,VALIDATED_PI_ORIGIN_PROPAGATED
743,Q744,270.6053514739229,2,M186,VALIDATED_PI_ORIGIN_PROPAGATED
744,Q745,270.97687074829935,3,M186,VALIDATED_PI_ORIGIN_PROPAGATED
745,Q746,271.34839002267574,4,M186,VALIDATED_PI_ORIGIN_PROPAGATED
746,Q747,271.7431292517007,1,M187,VALIDATED_PI_ORIGIN_PROPAGATED
747,Q748,272.1146485260771,2,M187,VALIDATED_PI_ORIGIN_PROPAGATED
748,Q749,272.48616780045353,3,M187,VALIDATED_PI_ORIGIN_PROPAGATED
749,Q750,272.8576870748299,4,M187,VALIDATED_PI_ORIGIN_PROPAGATED
750,Q751,273.25242630385486,1,M188,VALIDATED_PI_ORIGIN_PROPAGATED
751,Q752,273.6239455782313,2,M188,VALIDATED_PI_ORIGIN_PROPAGATED
752,Q753,273.9954648526077,3,M188,VALIDATED_PI_ORIGIN_PROPAGATED
753,Q754,274.3669841269841,4,M188,VALIDATED_PI_ORIGIN_PROPAGATED
754,Q755,274.73850340136056,1,M189,VALIDATED_PI_ORIGIN_PROPAGATED
755,Q756,275.11002267573696,2,M189,VALIDATED_PI_ORIGIN_PROPAGATED
756,Q757,275.48154195011335,3,M189,VALIDATED_PI_ORIGIN_PROPAGATED
757,Q758,275.8530612244898,4,M189,VALIDATED_PI_ORIGIN_PROPAGATED
758,Q759,276.2245804988662,1,M190,VALIDATED_PI_ORIGIN_PROPAGATED
759,Q760,276.59609977324266,2,M190,VALIDATED_PI_ORIGIN_PROPAGATED
760,Q761,276.96761904761905,3,M190,VALIDATED_PI_ORIGIN_PROPAGATED
761,Q762,277.33913832199545,4,M190,VALIDATED_PI_ORIGIN_PROPAGATED
762,Q763,277.7106575963719,1,M191,VALIDATED_PI_ORIGIN_PROPAGATED
763,Q764,278.0821768707483,2,M191,VALIDATED_PI_ORIGIN_PROPAGATED
764,Q765,278.4536961451247,3,M191,VALIDATED_PI_ORIGIN_PROPAGATED
765,Q766,278.82521541950115,4,M191,VALIDATED_PI_ORIGIN_PROPAGATED
766,Q767,279.19673469387754,1,M192,VALIDATED_PI_ORIGIN_PROPAGATED
767,Q768,279.56825396825394,2,M192,VALIDATED_PI_ORIGIN_PROPAGATED
768,Q769,279.9397732426304,3,M192,VALIDATED_PI_ORIGIN_PROPAGATED
769,Q770,280.3112925170068,4,M192,VALIDATED_PI_ORIGIN_PROPAGATED
770,Q771,280.68281179138324,1,M193,VALIDATED_PI_ORIGIN_PROPAGATED
771,Q772,281.05433106575964,2,M193,VALIDATED_PI_ORIGIN_PROPAGATED
772,Q773,281.42585034013604,3,M193,VALIDATED_PI_ORIGIN_PROPAGATED
773,Q774,281.7973696145125,4,M193,VALIDATED_PI_ORIGIN_PROPAGATED
774,Q775,282.1688888888889,1,M194,VALIDATED_PI_ORIGIN_PROPAGATED
775,Q776,282.5404081632653,2,M194,VALIDATED_PI_ORIGIN_PROPAGATED
776,Q777,282.91192743764174,3,M194,VALIDATED_PI_ORIGIN_PROPAGATED
777,Q778,283.28344671201813,4,M194,VALIDATED_PI_ORIGIN_PROPAGATED
778,Q779,283.65496598639453,1,M195,VALIDATED_PI_ORIGIN_PROPAGATED
779,Q780,284.026485260771,2,M195,VALIDATED_PI_ORIGIN_PROPAGATED
780,Q781,284.37478458049884,3,M195,VALIDATED_PI_ORIGIN_PROPAGATED
781,Q782,284.7463038548753,4,M195,VALIDATED_PI_ORIGIN_PROPAGATED
782,Q783,285.1178231292517,1,M196,VALIDATED_PI_ORIGIN_PROPAGATED
783,Q784,285.48934240362814,2,M196,VALIDATED_PI_ORIGIN_PROPAGATED
784,Q785,285.86086167800454,3,M196,VALIDATED_PI_ORIGIN_PROPAGATED
785,Q786,286.23238095238094,4,M196,VALIDATED_PI_ORIGIN_PROPAGATED
786,Q787,286.58068027210885,1,M197,VALIDATED_PI_ORIGIN_PROPAGATED
787,Q788,286.95219954648525,2,M197,VALIDATED_PI_ORIGIN_PROPAGATED
788,Q789,287.30049886621316,3,M197,VALIDATED_PI_ORIGIN_PROPAGATED
789,Q790,287.67201814058956,4,M197,VALIDATED_PI_ORIGIN_PROPAGATED
790,Q791,288.0203174603175,1,M198,VALIDATED_PI_ORIGIN_PROPAGATED
791,Q792,288.36861678004533,2,M198,VALIDATED_PI_ORIGIN_PROPAGATED
792,Q793,288.7401360544218,3,M198,VALIDATED_PI_ORIGIN_PROPAGATED
793,Q794,289.08843537414964,4,M198,VALIDATED_PI_ORIGIN_PROPAGATED
794,Q795,289.43673469387755,1,M199,VALIDATED_PI_ORIGIN_PROPAGATED
795,Q796,289.80825396825395,2,M199,VALIDATED_PI_ORIGIN_PROPAGATED
796,Q797,290.15655328798186,3,M199,VALIDATED_PI_ORIGIN_PROPAGATED
797,Q798,290.52807256235826,4,M199,VALIDATED_PI_ORIGIN_PROPAGATED
798,Q799,290.8995918367347,1,M200,VALIDATED_PI_ORIGIN_PROPAGATED
799,Q800,291.2478911564626,2,M200,VALIDATED_PI_ORIGIN_PROPAGATED
800,Q801,291.619410430839,3,M200,VALIDATED_PI_ORIGIN_PROPAGATED
801,Q802,291.9909297052154,4,M200,VALIDATED_PI_ORIGIN_PROPAGATED
802,Q803,292.3624489795918,1,M201,VALIDATED_PI_ORIGIN_PROPAGATED
803,Q804,292.73396825396827,2,M201,VALIDATED_PI_ORIGIN_PROPAGATED
804,Q805,293.10548752834467,3,M201,VALIDATED_PI_ORIGIN_PROPAGATED
805,Q806,293.47700680272106,4,M201,VALIDATED_PI_ORIGIN_PROPAGATED
806,Q807,293.825306122449,1,M202,VALIDATED_PI_ORIGIN_PROPAGATED
807,Q808,294.1968253968254,2,M202,VALIDATED_PI_ORIGIN_PROPAGATED
808,Q809,294.5683446712018,3,M202,VALIDATED_PI_ORIGIN_PROPAGATED
809,Q810,294.9398639455782,4,M202,VALIDATED_PI_ORIGIN_PROPAGATED
810,Q811,295.28816326530614,1,M203,VALIDATED_PI_ORIGIN_PROPAGATED
811,Q812,295.65968253968254,2,M203,VALIDATED_PI_ORIGIN_PROPAGATED
812,Q813,296.03120181405893,3,M203,VALIDATED_PI_ORIGIN_PROPAGATED
813,Q814,296.4027210884354,4,M203,VALIDATED_PI_ORIGIN_PROPAGATED
814,Q815,296.7742403628118,1,M204,VALIDATED_PI_ORIGIN_PROPAGATED
815,Q816,297.1225396825397,2,M204,VALIDATED_PI_ORIGIN_PROPAGATED
816,Q817,297.4940589569161,3,M204,VALIDATED_PI_ORIGIN_PROPAGATED
817,Q818,297.86557823129255,4,M204,VALIDATED_PI_ORIGIN_PROPAGATED
818,Q819,298.23709750566894,1,M205,VALIDATED_PI_ORIGIN_PROPAGATED
819,Q820,298.60861678004534,2,M205,VALIDATED_PI_ORIGIN_PROPAGATED
820,Q821,298.95691609977325,3,M205,VALIDATED_PI_ORIGIN_PROPAGATED
821,Q822,299.32843537414965,4,M205,VALIDATED_PI_ORIGIN_PROPAGATED
822,Q823,299.6999546485261,1,M206,VALIDATED_PI_ORIGIN_PROPAGATED
823,Q824,300.0714739229025,2,M206,VALIDATED_PI_ORIGIN_PROPAGATED
824,Q825,300.4197732426304,3,M206,VALIDATED_PI_ORIGIN_PROPAGATED
825,Q826,300.7912925170068,4,M206,VALIDATED_PI_ORIGIN_PROPAGATED
826,Q827,301.1628117913832,1,M207,VALIDATED_PI_ORIGIN_PROPAGATED
827,Q828,301.53433106575966,2,M207,VALIDATED_PI_ORIGIN_PROPAGATED
828,Q829,301.8826303854875,3,M207,VALIDATED_PI_ORIGIN_PROPAGATED
829,Q830,302.25414965986397,4,M207,VALIDATED_PI_ORIGIN_PROPAGATED
830,Q831,302.62566893424037,1,M208,VALIDATED_PI_ORIGIN_PROPAGATED
831,Q832,302.99718820861676,2,M208,VALIDATED_PI_ORIGIN_PROPAGATED
832,Q833,303.3687074829932,3,M208,VALIDATED_PI_ORIGIN_PROPAGATED
833,Q834,303.7402267573696,4,M208,VALIDATED_PI_ORIGIN_PROPAGATED
834,Q835,304.0885260770975,1,M209,VALIDATED_PI_ORIGIN_PROPAGATED
835,Q836,304.4600453514739,2,M209,VALIDATED_PI_ORIGIN_PROPAGATED
836,Q837,304.8315646258503,3,M209,VALIDATED_PI_ORIGIN_PROPAGATED
837,Q838,305.2030839002268,4,M209,VALIDATED_PI_ORIGIN_PROPAGATED
838,Q839,305.57460317460317,1,M210,VALIDATED_PI_ORIGIN_PROPAGATED
839,Q840,305.94612244897957,2,M210,VALIDATED_PI_ORIGIN_PROPAGATED
840,Q841,306.2944217687075,3,M210,VALIDATED_PI_ORIGIN_PROPAGATED
841,Q842,306.6659410430839,4,M210,VALIDATED_PI_ORIGIN_PROPAGATED
842,Q843,307.03746031746033,1,M211,VALIDATED_PI_ORIGIN_PROPAGATED
843,Q844,307.3857596371882,2,M211,VALIDATED_PI_ORIGIN_PROPAGATED
844,Q845,307.7340589569161,3,M211,VALIDATED_PI_ORIGIN_PROPAGATED
845,Q846,308.1055782312925,4,M211,VALIDATED_PI_ORIGIN_PROPAGATED
846,Q847,308.4538775510204,1,M212,VALIDATED_PI_ORIGIN_PROPAGATED
847,Q848,308.8253968253968,2,M212,VALIDATED_PI_ORIGIN_PROPAGATED
848,Q849,309.19691609977326,3,M212,VALIDATED_PI_ORIGIN_PROPAGATED
849,Q850,309.5452154195011,4,M212,VALIDATED_PI_ORIGIN_PROPAGATED
850,Q851,309.9167346938776,1,M213,VALIDATED_PI_ORIGIN_PROPAGATED
851,Q852,310.28825396825397,2,M213,VALIDATED_PI_ORIGIN_PROPAGATED
852,Q853,310.65977324263037,3,M213,VALIDATED_PI_ORIGIN_PROPAGATED
853,Q854,311.0312925170068,4,M213,VALIDATED_PI_ORIGIN_PROPAGATED
854,Q855,311.4028117913832,1,M214,VALIDATED_PI_ORIGIN_PROPAGATED
855,Q856,311.7743310657596,2,M214,VALIDATED_PI_ORIGIN_PROPAGATED
856,Q857,312.14585034013606,3,M214,VALIDATED_PI_ORIGIN_PROPAGATED
857,Q858,312.51736961451246,4,M214,VALIDATED_PI_ORIGIN_PROPAGATED
858,Q859,312.8888888888889,1,M215,VALIDATED_PI_ORIGIN_PROPAGATED
859,Q860,313.2371882086168,2,M215,VALIDATED_PI_ORIGIN_PROPAGATED
860,Q861,313.6087074829932,3,M215,VALIDATED_PI_ORIGIN_PROPAGATED
861,Q862,313.9802267573696,4,M215,VALIDATED_PI_ORIGIN_PROPAGATED
862,Q863,314.351746031746,1,M216,VALIDATED_PI_ORIGIN_PROPAGATED
863,Q864,314.72326530612247,2,M216,VALIDATED_PI_ORIGIN_PROPAGATED
864,Q865,315.09478458049887,3,M216,VALIDATED_PI_ORIGIN_PROPAGATED
865,Q866,315.4430839002268,4,M216,VALIDATED_PI_ORIGIN_PROPAGATED
866,Q867,315.8146031746032,1,M217,VALIDATED_PI_ORIGIN_PROPAGATED
867,Q868,316.1861224489796,2,M217,VALIDATED_PI_ORIGIN_PROPAGATED
868,Q869,316.557641723356,3,M217,VALIDATED_PI_ORIGIN_PROPAGATED
869,Q870,316.9059410430839,4,M217,VALIDATED_PI_ORIGIN_PROPAGATED
870,Q871,317.27746031746034,1,M218,VALIDATED_PI_ORIGIN_PROPAGATED
871,Q872,317.64897959183673,2,M218,VALIDATED_PI_ORIGIN_PROPAGATED
872,Q873,318.02049886621313,3,M218,VALIDATED_PI_ORIGIN_PROPAGATED
873,Q874,318.36879818594105,4,M218,VALIDATED_PI_ORIGIN_PROPAGATED
874,Q875,318.74031746031744,1,M219,VALIDATED_PI_ORIGIN_PROPAGATED
875,Q876,319.1118367346939,2,M219,VALIDATED_PI_ORIGIN_PROPAGATED
876,Q877,319.46013605442175,3,M219,VALIDATED_PI_ORIGIN_PROPAGATED
877,Q878,319.8316553287982,4,M219,VALIDATED_PI_ORIGIN_PROPAGATED
878,Q879,320.2031746031746,1,M220,VALIDATED_PI_ORIGIN_PROPAGATED
879,Q880,320.574693877551,2,M220,VALIDATED_PI_ORIGIN_PROPAGATED
880,Q881,320.94621315192745,3,M220,VALIDATED_PI_ORIGIN_PROPAGATED
881,Q882,321.2945124716553,4,M220,VALIDATED_PI_ORIGIN_PROPAGATED
882,Q883,321.66603174603176,1,M221,VALIDATED_PI_ORIGIN_PROPAGATED
883,Q884,322.03755102040816,2,M221,VALIDATED_PI_ORIGIN_PROPAGATED
884,Q885,322.40907029478456,3,M221,VALIDATED_PI_ORIGIN_PROPAGATED
885,Q886,322.780589569161,4,M221,VALIDATED_PI_ORIGIN_PROPAGATED
886,Q887,323.1521088435374,1,M222,VALIDATED_PI_ORIGIN_PROPAGATED
887,Q888,323.52362811791386,2,M222,VALIDATED_PI_ORIGIN_PROPAGATED
888,Q889,323.8719274376417,3,M222,VALIDATED_PI_ORIGIN_PROPAGATED
889,Q890,324.2434467120181,4,M222,VALIDATED_PI_ORIGIN_PROPAGATED
890,Q891,324.61496598639457,1,M223,VALIDATED_PI_ORIGIN_PROPAGATED
891,Q892,324.9632653061224,2,M223,VALIDATED_PI_ORIGIN_PROPAGATED
892,Q893,325.31156462585034,3,M223,VALIDATED_PI_ORIGIN_PROPAGATED
893,Q894,325.68308390022673,4,M223,VALIDATED_PI_ORIGIN_PROPAGATED
894,Q895,326.03138321995465,1,M224,VALIDATED_PI_ORIGIN_PROPAGATED
895,Q896,326.37968253968256,2,M224,VALIDATED_PI_ORIGIN_PROPAGATED
896,Q897,326.75120181405896,3,M224,VALIDATED_PI_ORIGIN_PROPAGATED
897,Q898,327.0995011337869,4,M224,VALIDATED_PI_ORIGIN_PROPAGATED
898,Q899,327.47102040816327,1,M225,VALIDATED_PI_ORIGIN_PROPAGATED
899,Q900,327.84253968253967,2,M225,VALIDATED_PI_ORIGIN_PROPAGATED
900,Q901,328.2140589569161,3,M225,VALIDATED_PI_ORIGIN_PROPAGATED
901,Q902,328.562358276644,4,M225,VALIDATED_PI_ORIGIN_PROPAGATED
902,Q903,328.9570975056689,1,M226,VALIDATED_PI_ORIGIN_PROPAGATED
903,Q904,329.3518367346939,2,M226,VALIDATED_PI_ORIGIN_PROPAGATED
904,Q905,329.7233560090703,3,M226,VALIDATED_PI_ORIGIN_PROPAGATED
