source,quarter_id,event_id,timestamp,offset_ms,original_state
BASS,2,F_MIX_00000,0.7198185941043084,-92.8798185941043000,BASS_AND_DRUM_SUPPORTED
DRUM,2,F_MIX_00001,0.8359183673469388,23.2199546485261000,DRUM_SUPPORTED
DRUM,3,F_MIX_00003,1.230657596371882,46.439909297052000,DRUM_SUPPORTED
DRUM,5,F_MIX_00008,1.9736961451247166,46.4399092970522000,DRUM_SUPPORTED
DRUM,7,F_MIX_00012,2.705124716553288,34.829931972789000,DRUM_SUPPORTED
DRUM,8,F_MIX_00015,3.076643990929705,34.8299319727887000,DRUM_SUPPORTED
DRUM,9,F_MIX_00017,3.436553287981859,23.2199546485254000,DRUM_SUPPORTED
DRUM,10,F_MIX_00019,3.7964625850340137,11.6099773242633000,DRUM_SUPPORTED
DRUM,11,F_MIX_00021,4.191201814058957,34.829931972789000,DRUM_SUPPORTED
DRUM,13,F_MIX_00025,4.899410430839002,23.219954648525000,DRUM_SUPPORTED
BASS,14,F_MIX_00026,5.154829931972789,-69.659863945578000,BASS_SUPPORTED
DRUM,14,F_MIX_00027,5.259319727891157,34.829931972790000,DRUM_SUPPORTED
DRUM,17,F_MIX_00034,6.339047619047619,23.219954648526000,DRUM_SUPPORTED
DRUM,19,F_MIX_00038,7.070476190476191,58.049886621316000,DRUM_SUPPORTED
DRUM,21,F_MIX_00040,7.790294784580499,58.049886621315000,DRUM_SUPPORTED
BASS,22,F_MIX_00041,8.034104308390022,-69.659863945580000,BASS_SUPPORTED
DRUM,22,F_MIX_00042,8.13859410430839,34.829931972788000,DRUM_SUPPORTED
BASS,26,F_MIX_00049,9.601451247165533,58.049886621315000,BASS_AND_DRUM_SUPPORTED
DRUM,26,F_MIX_00048,9.508571428571429,-34.829931972789000,DRUM_SUPPORTED
DRUM,27,F_MIX_00050,9.868480725623582,-46.439909297054000,DRUM_SUPPORTED
BASS,28,F_MIX_00053,10.356099773242631,69.659863945579000,BASS_AND_DRUM_SUPPORTED
DRUM,28,F_MIX_00052,10.216780045351474,-69.659863945578000,DRUM_SUPPORTED
DRUM,29,F_MIX_00055,10.716009070294785,81.269841269842000,DRUM_SUPPORTED
BASS,30,F_MIX_00056,10.936598639455783,-69.659863945577000,BASS_SUPPORTED
DRUM,31,F_MIX_00059,11.34294784580499,-34.829931972788000,DRUM_SUPPORTED
DRUM,32,F_MIX_00062,11.72607709750567,-23.219954648524000,DRUM_SUPPORTED
DRUM,35,F_MIX_00068,12.910294784580499,46.439909297052000,DRUM_SUPPORTED
BASS,36,F_MIX_00069,13.165714285714285,-69.659863945578000,BASS_AND_DRUM_SUPPORTED
DRUM,36,F_MIX_00070,13.25859410430839,23.219954648527000,DRUM_SUPPORTED
DRUM,37,F_MIX_00073,13.64172335600907,34.829931972789000,DRUM_SUPPORTED
DRUM,39,F_MIX_00076,14.373151927437641,46.439909297051000,DRUM_SUPPORTED
DRUM,40,F_MIX_00078,14.733061224489797,34.829931972791000,DRUM_SUPPORTED
DRUM,43,F_MIX_00085,15.824399092970522,34.829931972789000,DRUM_SUPPORTED
DRUM,45,F_MIX_00088,16.555827664399093,23.219954648525000,DRUM_SUPPORTED
DRUM,47,F_MIX_00091,17.29886621315193,23.21995464853000,DRUM_SUPPORTED
DRUM,49,F_MIX_00097,18.04190476190476,23.219954648524000,DRUM_SUPPORTED
DRUM,50,F_MIX_00100,18.401814058956916,11.609977324263000,DRUM_SUPPORTED
DRUM,51,F_MIX_00102,18.784943310657596,23.219954648526000,DRUM_SUPPORTED
DRUM,53,F_MIX_00105,19.504761904761907,23.219954648529000,DRUM_SUPPORTED
BASS,54,F_MIX_00106,19.748571428571427,-81.269841269843000,BASS_SUPPORTED
DRUM,54,F_MIX_00108,19.86467120181406,34.82993197279000,DRUM_SUPPORTED
DRUM,56,F_MIX_00112,20.58448979591837,34.82993197279000,DRUM_SUPPORTED
DRUM,57,F_MIX_00113,20.839909297052156,-58.049886621312000,DRUM_SUPPORTED
DRUM,58,F_MIX_00116,21.304308390022676,58.049886621316000,DRUM_SUPPORTED
DRUM,59,F_MIX_00117,21.559727891156463,-58.049886621317000,DRUM_SUPPORTED
DRUM,60,F_MIX_00118,21.93124716553288,-34.829931972788000,DRUM_SUPPORTED
DRUM,61,F_MIX_00120,22.27954648526077,-58.049886621316000,DRUM_SUPPORTED
DRUM,62,F_MIX_00122,22.651065759637188,-34.829931972792000,DRUM_SUPPORTED
DRUM,64,F_MIX_00126,23.394104308390023,-34.829931972787000,DRUM_SUPPORTED
DRUM,66,F_MIX_00130,24.18358276643991,11.609977324264000,DRUM_SUPPORTED
DRUM,71,F_MIX_00142,26.041179138321997,11.609977324267000,DRUM_SUPPORTED
DRUM,72,F_MIX_00145,26.40108843537415,0E-14,DRUM_SUPPORTED
DRUM,73,F_MIX_00149,26.772607709750567,0E-15,DRUM_SUPPORTED
DRUM,76,F_MIX_00152,27.805895691609976,-81.269841269844000,DRUM_SUPPORTED
DRUM,81,F_MIX_00160,29.68671201814059,11.609977324263000,DRUM_SUPPORTED
DRUM,82,F_MIX_00162,30.06984126984127,23.219954648525000,DRUM_SUPPORTED
DRUM,83,F_MIX_00163,30.37170068027211,-23.219954648524000,DRUM_SUPPORTED
DRUM,84,F_MIX_00165,30.778049886621314,34.829931972787000,DRUM_SUPPORTED
DRUM,85,F_MIX_00167,31.13795918367347,23.219954648525000,DRUM_SUPPORTED
DRUM,86,F_MIX_00169,31.509478458049887,46.439909297053000,DRUM_SUPPORTED
DRUM,87,F_MIX_00170,31.86938775510204,34.829931972788000,DRUM_SUPPORTED
DRUM,89,F_MIX_00173,32.496326530612244,-34.829931972786000,DRUM_SUPPORTED
DRUM,90,F_MIX_00177,32.97233560090703,69.65986394558000,DRUM_SUPPORTED
DRUM,91,F_MIX_00179,33.32063492063492,46.439909297054000,DRUM_SUPPORTED
DRUM,92,F_MIX_00180,33.57605442176871,-46.43990929705000,DRUM_SUPPORTED
DRUM,93,F_MIX_00183,34.06367346938776,69.65986394558000,DRUM_SUPPORTED
DRUM,94,F_MIX_00186,34.40036281179138,34.829931972785000,DRUM_SUPPORTED
DRUM,95,F_MIX_00188,34.76027210884354,46.43990929705000,DRUM_SUPPORTED
DRUM,96,F_MIX_00190,35.15501133786848,69.659863945574000,DRUM_SUPPORTED
DRUM,97,F_MIX_00191,35.49170068027211,34.829931972794000,DRUM_SUPPORTED
DRUM,98,F_MIX_00193,35.86321995464853,34.829931972796000,DRUM_SUPPORTED
DRUM,99,F_MIX_00195,36.22312925170068,23.21995464853000,DRUM_SUPPORTED
DRUM,100,F_MIX_00196,36.594648526077094,23.219954648524000,DRUM_SUPPORTED
DRUM,101,F_MIX_00198,36.95455782312925,11.60997732426000,DRUM_SUPPORTED
DRUM,102,F_MIX_00199,37.314467120181405,0E-15,DRUM_SUPPORTED
DRUM,103,F_MIX_00200,37.697596371882085,11.609977324265000,DRUM_SUPPORTED
DRUM,104,F_MIX_00204,38.0691156462585,11.60997732426000,DRUM_SUPPORTED
DRUM,105,F_MIX_00207,38.44063492063492,11.60997732426000,DRUM_SUPPORTED
DRUM,106,F_MIX_00209,38.81215419501134,34.82993197279000,DRUM_SUPPORTED
DRUM,107,F_MIX_00210,39.172063492063494,23.219954648524000,DRUM_SUPPORTED
DRUM,108,F_MIX_00212,39.555192743764174,34.829931972784000,DRUM_SUPPORTED
DRUM,109,F_MIX_00214,39.92671201814059,34.82993197279000,DRUM_SUPPORTED
DRUM,110,F_MIX_00216,40.29823129251701,34.829931972795000,DRUM_SUPPORTED
DRUM,111,F_MIX_00218,40.66975056689343,58.04988662132000,DRUM_SUPPORTED
DRUM,112,F_MIX_00220,41.029659863945575,46.439909297049000,DRUM_SUPPORTED
DRUM,115,F_MIX_00225,42.10938775510204,11.60997732426000,DRUM_SUPPORTED
DRUM,116,F_MIX_00226,42.38802721088435,-81.26984126985000,DRUM_SUPPORTED
DRUM,117,F_MIX_00230,42.86403628117914,46.43990929705000,DRUM_SUPPORTED
DRUM,119,F_MIX_00232,43.47936507936508,-81.26984126984000,DRUM_SUPPORTED
DRUM,120,F_MIX_00234,44.00181405895692,69.659863945584000,DRUM_SUPPORTED
DRUM,121,F_MIX_00236,44.22240362811792,-81.26984126983000,DRUM_SUPPORTED
DRUM,129,F_MIX_00248,47.42675736961451,34.829931972784000,DRUM_SUPPORTED
DRUM,131,F_MIX_00253,48.12335600907029,-34.82993197280000,DRUM_SUPPORTED
DRUM,132,F_MIX_00254,48.54131519274377,11.609977324266000,DRUM_SUPPORTED
DRUM,133,F_MIX_00255,48.901224489795915,0E-15,DRUM_SUPPORTED
DRUM,134,F_MIX_00257,49.284353741496595,11.609977324265000,DRUM_SUPPORTED
DRUM,135,F_MIX_00259,49.65587301587301,11.60997732426000,DRUM_SUPPORTED
DRUM,136,F_MIX_00260,50.01578231292517,0E-14,DRUM_SUPPORTED
DRUM,137,F_MIX_00261,50.39891156462585,11.609977324264000,DRUM_SUPPORTED
DRUM,138,F_MIX_00262,50.758820861678004,0E-15,DRUM_SUPPORTED
DRUM,139,F_MIX_00264,51.13034013605442,23.21995464852000,DRUM_SUPPORTED
DRUM,142,F_MIX_00270,52.244897959183675,23.219954648525000,DRUM_SUPPORTED
DRUM,143,F_MIX_00272,52.61641723356009,23.21995464852000,DRUM_SUPPORTED
DRUM,144,F_MIX_00274,52.97632653061225,11.609977324265000,DRUM_SUPPORTED
DRUM,145,F_MIX_00275,53.324625850340134,-11.609977324262000,DRUM_SUPPORTED
DRUM,146,F_MIX_00277,53.69614512471655,-11.609977324264000,DRUM_SUPPORTED
DRUM,147,F_MIX_00279,54.05605442176871,-23.21995464852000,DRUM_SUPPORTED
DRUM,148,F_MIX_00281,54.427573696145124,0E-15,DRUM_SUPPORTED
DRUM,149,F_MIX_00283,54.78748299319728,-11.60997732426000,DRUM_SUPPORTED
DRUM,150,F_MIX_00284,55.147392290249435,-23.219954648525000,DRUM_SUPPORTED
DRUM,151,F_MIX_00285,55.50730158730159,-34.82993197279000,DRUM_SUPPORTED
DRUM,152,F_MIX_00287,55.878820861678,-11.60997732427000,DRUM_SUPPORTED
DRUM,153,F_MIX_00289,56.23873015873016,-23.21995464853000,DRUM_SUPPORTED
DRUM,154,F_MIX_00291,56.610249433106574,0E-15,DRUM_SUPPORTED
DRUM,155,F_MIX_00292,56.95854875283447,-23.21995464852000,DRUM_SUPPORTED
DRUM,156,F_MIX_00293,57.225578231292516,-104.489795918369000,DRUM_SUPPORTED
DRUM,157,F_MIX_00295,57.68997732426304,11.60997732426000,DRUM_SUPPORTED
DRUM,158,F_MIX_00296,57.96861678004535,-58.049886621314000,DRUM_SUPPORTED
DRUM,159,F_MIX_00298,58.38657596371882,-11.60997732426000,DRUM_SUPPORTED
DRUM,160,F_MIX_00300,58.700045351473925,-46.439909297049000,DRUM_SUPPORTED
DRUM,161,F_MIX_00303,59.15283446712018,34.82993197279000,DRUM_SUPPORTED
DRUM,162,F_MIX_00305,59.5243537414966,58.049886621315000,DRUM_SUPPORTED
DRUM,163,F_MIX_00306,59.88426303854875,46.43990929705000,DRUM_SUPPORTED
DRUM,170,F_MIX_00321,62.43845804988662,0E-14,DRUM_SUPPORTED
DRUM,173,F_MIX_00326,63.54140589569161,11.60997732426000,DRUM_SUPPORTED
DRUM,174,F_MIX_00327,63.80843537414966,-92.879818594106000,DRUM_SUPPORTED
DRUM,175,F_MIX_00328,64.24961451247165,-23.21995464853000,DRUM_SUPPORTED
DRUM,176,F_MIX_00330,64.62113378684808,0E-14,DRUM_SUPPORTED
DRUM,177,F_MIX_00332,64.98104308390023,-11.60997732426000,DRUM_SUPPORTED
DRUM,178,F_MIX_00334,65.34095238095239,0E-14,DRUM_SUPPORTED
DRUM,179,F_MIX_00335,65.70086167800453,11.60997732426000,DRUM_SUPPORTED
DRUM,184,F_MIX_00343,67.5004081632653,23.21995464852000,DRUM_SUPPORTED
DRUM,185,F_MIX_00345,67.87192743764173,23.21995464854000,DRUM_SUPPORTED
DRUM,186,F_MIX_00347,68.20861678004535,11.60997732426000,DRUM_SUPPORTED
DRUM,188,F_MIX_00351,68.84716553287981,-69.65986394559000,DRUM_SUPPORTED
DRUM,190,F_MIX_00355,69.64825396825397,11.60997732427000,DRUM_SUPPORTED
DRUM,191,F_MIX_00357,70.01977324263038,34.82993197278000,DRUM_SUPPORTED
DRUM,192,F_MIX_00359,70.37968253968253,23.21995464852000,DRUM_SUPPORTED
DRUM,193,F_MIX_00361,70.75120181405896,46.43990929705000,DRUM_SUPPORTED
DRUM,194,F_MIX_00362,70.99501133786848,-81.26984126984000,DRUM_SUPPORTED
DRUM,195,F_MIX_00365,71.47102040816327,46.43990929705000,DRUM_SUPPORTED
DRUM,196,F_MIX_00367,71.81931972789116,23.21995464853000,DRUM_SUPPORTED
DRUM,197,F_MIX_00369,72.19083900226758,46.43990929706000,DRUM_SUPPORTED
DRUM,198,F_MIX_00371,72.53913832199547,23.21995464853000,DRUM_SUPPORTED
DRUM,199,F_MIX_00372,72.89904761904762,34.82993197279000,DRUM_SUPPORTED
DRUM,200,F_MIX_00374,73.27056689342403,34.82993197278000,DRUM_SUPPORTED
DRUM,201,F_MIX_00375,73.60725623582766,0E-14,DRUM_SUPPORTED
DRUM,202,F_MIX_00377,73.88589569160997,-69.65986394558000,DRUM_SUPPORTED
BASS,204,F_MIX_00380,74.72181405895692,46.43990929706000,BASS_AND_DRUM_SUPPORTED
DRUM,204,F_MIX_00379,74.64054421768708,-34.82993197278000,DRUM_SUPPORTED
DRUM,207,F_MIX_00386,75.80154195011337,34.82993197277000,DRUM_SUPPORTED
DRUM,208,F_MIX_00387,76.06857142857143,-46.43990929705000,DRUM_SUPPORTED
DRUM,209,F_MIX_00389,76.52136054421769,34.82993197280000,DRUM_SUPPORTED
DRUM,210,F_MIX_00390,76.77678004535147,-58.04988662132000,DRUM_SUPPORTED
DRUM,211,F_MIX_00391,77.13668934240363,-46.43990929705000,DRUM_SUPPORTED
DRUM,212,F_MIX_00393,77.48498866213151,-69.65986394559000,DRUM_SUPPORTED
DRUM,213,F_MIX_00395,77.94938775510204,46.43990929705000,DRUM_SUPPORTED
DRUM,214,F_MIX_00397,78.3092970521542,34.82993197279000,DRUM_SUPPORTED
DRUM,215,F_MIX_00399,78.68081632653062,58.04988662132000,DRUM_SUPPORTED
DRUM,216,F_MIX_00400,78.9362358276644,-34.82993197278000,DRUM_SUPPORTED
DRUM,217,F_MIX_00403,79.38902494331066,46.43990929705000,DRUM_SUPPORTED
DRUM,218,F_MIX_00405,79.74893424036281,58.04988662131000,DRUM_SUPPORTED
DRUM,219,F_MIX_00406,80.0043537414966,-34.82993197278000,DRUM_SUPPORTED
DRUM,220,F_MIX_00408,80.35265306122449,-58.04988662131000,DRUM_SUPPORTED
DRUM,222,F_MIX_00411,81.08408163265307,-46.43990929705000,DRUM_SUPPORTED
BASS,223,F_MIX_00413,81.45560090702948,-46.43990929705000,BASS_SUPPORTED
DRUM,223,F_MIX_00414,81.54848072562358,46.43990929705000,DRUM_SUPPORTED
DRUM,225,F_MIX_00418,82.25668934240363,11.60997732427000,DRUM_SUPPORTED
DRUM,226,F_MIX_00419,82.62820861678004,11.60997732425000,DRUM_SUPPORTED
DRUM,228,F_MIX_00421,83.34802721088435,-11.60997732427000,DRUM_SUPPORTED
DRUM,229,F_MIX_00422,83.71954648526076,-11.60997732427000,DRUM_SUPPORTED
DRUM,239,F_MIX_00441,87.34185941043084,34.82993197279000,DRUM_SUPPORTED
DRUM,240,F_MIX_00442,87.59727891156463,-81.26984126984000,DRUM_SUPPORTED
DRUM,246,F_MIX_00449,89.74512471655329,-69.65986394558000,DRUM_SUPPORTED
DRUM,252,F_MIX_00461,91.99746031746032,23.21995464852000,DRUM_SUPPORTED
BASS,253,F_MIX_00463,92.28770975056689,-34.82993197279000,BASS_AND_DRUM_SUPPORTED
DRUM,253,F_MIX_00464,92.34575963718821,23.21995464853000,DRUM_SUPPORTED
DRUM,256,F_MIX_00470,93.43709750566893,46.43990929705000,DRUM_SUPPORTED
DRUM,257,F_MIX_00472,93.79700680272109,34.82993197279000,DRUM_SUPPORTED
DRUM,258,F_MIX_00473,94.04081632653062,-69.65986394557000,DRUM_SUPPORTED
DRUM,260,F_MIX_00475,94.78385487528345,-69.65986394558000,DRUM_SUPPORTED
DRUM,261,F_MIX_00476,95.19020408163266,-11.60997732425000,DRUM_SUPPORTED
DRUM,263,F_MIX_00480,95.95646258503402,34.82993197280000,DRUM_SUPPORTED
DRUM,264,F_MIX_00481,96.23510204081633,-58.04988662132000,DRUM_SUPPORTED
DRUM,266,F_MIX_00485,96.97814058956916,-34.82993197278000,DRUM_SUPPORTED
DRUM,267,F_MIX_00486,97.4077097505669,46.43990929706000,DRUM_SUPPORTED
DRUM,268,F_MIX_00487,97.69795918367348,-34.82993197278000,DRUM_SUPPORTED
DRUM,269,F_MIX_00489,98.15074829931973,69.65986394557000,DRUM_SUPPORTED
DRUM,270,F_MIX_00490,98.40616780045352,-46.43990929705000,DRUM_SUPPORTED
DRUM,271,F_MIX_00492,98.87056689342404,46.43990929705000,DRUM_SUPPORTED
DRUM,272,F_MIX_00493,99.12598639455783,-46.43990929705000,DRUM_SUPPORTED
DRUM,280,F_MIX_00508,102.0517006802721,-69.6598639456000,DRUM_SUPPORTED
DRUM,281,F_MIX_00510,102.50448979591837,34.82993197279000,DRUM_SUPPORTED
BASS,284,F_MIX_00514,103.58421768707483,46.43990929705000,BASS_AND_DRUM_SUPPORTED
DRUM,284,F_MIX_00513,103.49133786848073,-46.43990929705000,DRUM_SUPPORTED
DRUM,286,F_MIX_00519,104.30403628117914,46.43990929705000,DRUM_SUPPORTED
DRUM,288,F_MIX_00524,105.02385487528345,46.43990929705000,DRUM_SUPPORTED
DRUM,289,F_MIX_00526,105.3837641723356,58.04988662132000,DRUM_SUPPORTED
DRUM,290,F_MIX_00527,105.61596371882086,-58.04988662132000,DRUM_SUPPORTED
DRUM,291,F_MIX_00528,106.10358276643991,58.04988662131000,DRUM_SUPPORTED
DRUM,292,F_MIX_00529,106.37061224489796,-23.21995464852000,DRUM_SUPPORTED
DRUM,293,F_MIX_00530,106.82340136054422,81.26984126984000,DRUM_SUPPORTED
DRUM,294,F_MIX_00531,107.06721088435374,-46.43990929705000,DRUM_SUPPORTED
DRUM,295,F_MIX_00533,107.4271201814059,-34.82993197279000,DRUM_SUPPORTED
DRUM,296,F_MIX_00535,107.76380952380953,-46.43990929705000,DRUM_SUPPORTED
DRUM,297,F_MIX_00538,108.2398185941043,58.04988662131000,DRUM_SUPPORTED
DRUM,298,F_MIX_00539,108.4604081632653,-69.65986394559000,DRUM_SUPPORTED
DRUM,299,F_MIX_00540,108.92480725623582,23.21995464852000,DRUM_SUPPORTED
DRUM,300,F_MIX_00543,109.3079365079365,58.0498866213000,DRUM_SUPPORTED
DRUM,301,F_MIX_00544,109.6562358276644,34.82993197279000,DRUM_SUPPORTED
DRUM,302,F_MIX_00545,109.91165532879819,-58.04988662131000,DRUM_SUPPORTED
DRUM,303,F_MIX_00546,110.38766439909297,46.43990929705000,DRUM_SUPPORTED
DRUM,304,F_MIX_00548,110.65469387755103,-34.82993197277000,DRUM_SUPPORTED
DRUM,305,F_MIX_00551,110.99138321995464,-69.65986394559000,DRUM_SUPPORTED
DRUM,306,F_MIX_00554,111.46739229024944,34.82993197280000,DRUM_SUPPORTED
DRUM,307,F_MIX_00556,111.82730158730159,46.43990929705000,DRUM_SUPPORTED
DRUM,308,F_MIX_00558,112.198820861678,69.65986394557000,DRUM_SUPPORTED
DRUM,309,F_MIX_00559,112.51229024943311,11.60997732427000,DRUM_SUPPORTED
DRUM,311,F_MIX_00563,113.27854875283447,58.04988662132000,DRUM_SUPPORTED
DRUM,312,F_MIX_00564,113.54557823129252,-23.21995464853000,DRUM_SUPPORTED
DRUM,313,F_MIX_00567,113.99836734693878,58.04988662132000,DRUM_SUPPORTED
DRUM,315,F_MIX_00569,114.71818594104309,58.04988662132000,DRUM_SUPPORTED
DRUM,319,F_MIX_00575,116.16943310657597,23.21995464853000,DRUM_SUPPORTED
BASS,322,F_MIX_00579,117.2259410430839,-34.82993197279000,BASS_AND_DRUM_SUPPORTED
DRUM,322,F_MIX_00580,117.26077097505669,0E-14,DRUM_SUPPORTED
DRUM,323,F_MIX_00582,117.60907029478459,-23.21995464852000,DRUM_SUPPORTED
BASS,327,F_MIX_00587,119.06031746031746,-34.82993197278000,BASS_AND_DRUM_SUPPORTED
DRUM,327,F_MIX_00588,119.09514739229024,0E-14,DRUM_SUPPORTED
DRUM,328,F_MIX_00589,119.44344671201814,0E-14,DRUM_SUPPORTED
DRUM,331,F_MIX_00594,120.52317460317461,-11.60997732426000,DRUM_SUPPORTED
BASS,346,F_MIX_00618,125.9914739229025,46.43990929706000,BASS_SUPPORTED
DRUM,346,F_MIX_00617,125.85215419501134,-92.87981859410000,DRUM_SUPPORTED
DRUM,349,F_MIX_00624,127.0247619047619,11.60997732425000,DRUM_SUPPORTED
DRUM,350,F_MIX_00626,127.39628117913833,34.82993197280000,DRUM_SUPPORTED
DRUM,351,F_MIX_00628,127.74458049886621,11.60997732427000,DRUM_SUPPORTED
DRUM,352,F_MIX_00630,128.1277097505669,46.43990929707000,DRUM_SUPPORTED
DRUM,353,F_MIX_00632,128.4992290249433,46.43990929705000,DRUM_SUPPORTED
DRUM,355,F_MIX_00635,129.20743764172335,34.82993197278000,DRUM_SUPPORTED
DRUM,356,F_MIX_00637,129.4744671201814,-46.43990929705000,DRUM_SUPPORTED
DRUM,357,F_MIX_00639,129.92725623582766,34.82993197278000,DRUM_SUPPORTED
DRUM,358,F_MIX_00640,130.2871655328798,46.43990929704000,DRUM_SUPPORTED
DRUM,359,F_MIX_00642,130.6354648526077,23.2199546485000,DRUM_SUPPORTED
DRUM,360,F_MIX_00644,130.9489342403628,-11.60997732427000,DRUM_SUPPORTED
DRUM,362,F_MIX_00648,131.59909297052155,-81.26984126983000,DRUM_SUPPORTED
DRUM,363,F_MIX_00649,132.0867120181406,34.8299319728000,DRUM_SUPPORTED
DRUM,364,F_MIX_00651,132.44662131519274,46.43990929704000,DRUM_SUPPORTED
DRUM,365,F_MIX_00653,132.78331065759636,11.60997732424000,DRUM_SUPPORTED
DRUM,367,F_MIX_00656,133.51473922902494,23.21995464851000,DRUM_SUPPORTED
DRUM,368,F_MIX_00658,133.86303854875283,23.21995464851000,DRUM_SUPPORTED
DRUM,369,F_MIX_00660,134.22294784580498,11.60997732428000,DRUM_SUPPORTED
DRUM,371,F_MIX_00662,134.93115646258502,0E-14,DRUM_SUPPORTED
DRUM,372,F_MIX_00663,135.30267573696145,23.21995464851000,DRUM_SUPPORTED
DRUM,373,F_MIX_00664,135.6625850340136,11.60997732427000,DRUM_SUPPORTED
DRUM,374,F_MIX_00665,136.0108843537415,11.60997732425000,DRUM_SUPPORTED
DRUM,375,F_MIX_00666,136.35918367346937,-11.60997732427000,DRUM_SUPPORTED
DRUM,376,F_MIX_00668,136.74231292517007,23.21995464854000,DRUM_SUPPORTED
DRUM,377,F_MIX_00670,137.1138321995465,23.21995464855000,DRUM_SUPPORTED
DRUM,378,F_MIX_00672,137.47374149659865,34.82993197281000,DRUM_SUPPORTED
DRUM,379,F_MIX_00674,137.82204081632653,11.60997732426000,DRUM_SUPPORTED
DRUM,380,F_MIX_00675,138.10068027210883,-58.04988662132000,DRUM_SUPPORTED
DRUM,381,F_MIX_00676,138.54185941043085,34.82993197281000,DRUM_SUPPORTED
DRUM,382,F_MIX_00677,138.79727891156463,-81.26984126983000,DRUM_SUPPORTED
DRUM,383,F_MIX_00679,139.26167800453516,34.82993197281000,DRUM_SUPPORTED
DRUM,384,F_MIX_00681,139.6215873015873,23.21995464853000,DRUM_SUPPORTED
DRUM,385,F_MIX_00683,139.9698866213152,23.21995464854000,DRUM_SUPPORTED
DRUM,386,F_MIX_00684,140.21369614512471,-104.48979591837000,DRUM_SUPPORTED
DRUM,387,F_MIX_00686,140.70131519274378,11.60997732428000,DRUM_SUPPORTED
DRUM,388,F_MIX_00687,141.0612244897959,23.2199546485000,DRUM_SUPPORTED
DRUM,389,F_MIX_00689,141.42113378684806,11.60997732424000,DRUM_SUPPORTED
DRUM,390,F_MIX_00691,141.79265306122448,11.60997732426000,DRUM_SUPPORTED
DRUM,391,F_MIX_00692,142.12934240362813,0E-14,DRUM_SUPPORTED
DRUM,392,F_MIX_00694,142.4428117913832,-58.04988662133000,DRUM_SUPPORTED
DRUM,393,F_MIX_00695,142.86077097505668,-11.60997732427000,DRUM_SUPPORTED
DRUM,394,F_MIX_00697,143.2322902494331,11.60997732426000,DRUM_SUPPORTED
DRUM,395,F_MIX_00699,143.60380952380953,11.60997732427000,DRUM_SUPPORTED
DRUM,396,F_MIX_00700,143.9637188208617,23.21995464855000,DRUM_SUPPORTED
DRUM,397,F_MIX_00702,144.32362811791384,34.82993197281000,DRUM_SUPPORTED
DRUM,399,F_MIX_00705,145.04344671201815,34.82993197281000,DRUM_SUPPORTED
DRUM,400,F_MIX_00706,145.29886621315194,-81.26984126983000,DRUM_SUPPORTED
DRUM,401,F_MIX_00708,145.76326530612246,34.82993197281000,DRUM_SUPPORTED
DRUM,402,F_MIX_00710,146.13478458049886,34.82993197278000,DRUM_SUPPORTED
DRUM,403,F_MIX_00711,146.49469387755101,46.43990929704000,DRUM_SUPPORTED
DRUM,405,F_MIX_00718,147.20290249433106,34.82993197278000,DRUM_SUPPORTED
DRUM,407,F_MIX_00725,147.9111111111111,23.2199546485000,DRUM_SUPPORTED
DRUM,408,F_MIX_00729,148.2942403628118,58.04988662133000,DRUM_SUPPORTED
DRUM,409,F_MIX_00730,148.5380498866213,-46.43990929706000,DRUM_SUPPORTED
DRUM,412,F_MIX_00738,149.7338775510204,81.26984126985000,DRUM_SUPPORTED
DRUM,413,F_MIX_00740,150.0125170068027,-11.60997732428000,DRUM_SUPPORTED
DRUM,414,F_MIX_00743,150.37242630385487,-23.21995464853000,DRUM_SUPPORTED
DRUM,415,F_MIX_00746,150.81360544217688,69.65986394558000,DRUM_SUPPORTED
DRUM,416,F_MIX_00749,151.18512471655328,69.65986394556000,DRUM_SUPPORTED
DRUM,418,F_MIX_00752,151.7772335600907,-81.26984126984000,DRUM_SUPPORTED
DRUM,419,F_MIX_00754,152.276462585034,46.43990929704000,DRUM_SUPPORTED
DRUM,420,F_MIX_00757,152.6595918367347,58.0498866213000,DRUM_SUPPORTED
DRUM,421,F_MIX_00758,153.01950113378686,23.21995464854000,DRUM_SUPPORTED
DRUM,422,F_MIX_00759,153.37941043083902,11.60997732427000,DRUM_SUPPORTED
DRUM,423,F_MIX_00760,153.73931972789114,0E-14,DRUM_SUPPORTED
DRUM,424,F_MIX_00762,154.11083900226757,23.21995464851000,DRUM_SUPPORTED
DRUM,425,F_MIX_00763,154.47074829931972,11.60997732427000,DRUM_SUPPORTED
DRUM,426,F_MIX_00765,154.84226757369615,11.60997732427000,DRUM_SUPPORTED
DRUM,427,F_MIX_00767,155.19056689342403,11.60997732427000,DRUM_SUPPORTED
DRUM,428,F_MIX_00769,155.50403628117914,-23.21995464851000,DRUM_SUPPORTED
DRUM,429,F_MIX_00771,155.91038548752834,11.60997732426000,DRUM_SUPPORTED
DRUM,430,F_MIX_00773,156.2702947845805,23.21995464854000,DRUM_SUPPORTED
DRUM,431,F_MIX_00775,156.6185941043084,0E-13,DRUM_SUPPORTED
DRUM,432,F_MIX_00776,156.88562358276644,-81.26984126983000,DRUM_SUPPORTED
DRUM,433,F_MIX_00777,157.35002267573697,11.60997732427000,DRUM_SUPPORTED
DRUM,434,F_MIX_00779,157.73315192743763,23.21995464851000,DRUM_SUPPORTED
DRUM,435,F_MIX_00781,158.0930612244898,11.60997732425000,DRUM_SUPPORTED
DRUM,436,F_MIX_00782,158.4645804988662,11.60997732426000,DRUM_SUPPORTED
DRUM,437,F_MIX_00784,158.83609977324264,34.82993197281000,DRUM_SUPPORTED
DRUM,438,F_MIX_00786,159.18439909297052,11.60997732427000,DRUM_SUPPORTED
DRUM,439,F_MIX_00789,159.55591836734695,11.60997732427000,DRUM_SUPPORTED
DRUM,441,F_MIX_00794,160.2873469387755,23.2199546485000,DRUM_SUPPORTED
DRUM,442,F_MIX_00795,160.6356462585034,23.21995464853000,DRUM_SUPPORTED
DRUM,443,F_MIX_00798,161.03038548752835,46.43990929705000,DRUM_SUPPORTED
DRUM,445,F_MIX_00804,161.62249433106575,-58.04988662132000,DRUM_SUPPORTED
DRUM,446,F_MIX_00807,162.09850340136055,46.43990929705000,DRUM_SUPPORTED
DRUM,447,F_MIX_00808,162.4584126984127,58.04988662132000,DRUM_SUPPORTED
DRUM,448,F_MIX_00809,162.70222222222222,-69.65986394558000,DRUM_SUPPORTED
DRUM,449,F_MIX_00813,163.178231292517,34.82993197277000,DRUM_SUPPORTED
DRUM,451,F_MIX_00816,163.92126984126983,34.82993197278000,DRUM_SUPPORTED
DRUM,452,F_MIX_00818,164.281179138322,46.43990929706000,DRUM_SUPPORTED
DRUM,453,F_MIX_00821,164.62947845804987,23.21995464851000,DRUM_SUPPORTED
DRUM,455,F_MIX_00824,165.37251700680272,23.21995464854000,DRUM_SUPPORTED
DRUM,456,F_MIX_00826,165.73242630385488,34.82993197278000,DRUM_SUPPORTED
DRUM,457,F_MIX_00828,166.09233560090703,23.21995464853000,DRUM_SUPPORTED
DRUM,458,F_MIX_00830,166.4522448979592,34.82993197282000,DRUM_SUPPORTED
DRUM,459,F_MIX_00832,166.71927437641725,-69.65986394555000,DRUM_SUPPORTED
DRUM,460,F_MIX_00834,167.16045351473923,23.21995464853000,DRUM_SUPPORTED
DRUM,461,F_MIX_00837,167.5203628117914,34.8299319728000,DRUM_SUPPORTED
DRUM,463,F_MIX_00840,168.25179138321997,46.43990929707000,DRUM_SUPPORTED
DRUM,464,F_MIX_00842,168.60009070294785,46.43990929705000,DRUM_SUPPORTED
DRUM,465,F_MIX_00844,168.94839002267574,23.21995464854000,DRUM_SUPPORTED
DRUM,466,F_MIX_00846,169.3082993197279,34.8299319728000,DRUM_SUPPORTED
DRUM,467,F_MIX_00847,169.69142857142856,69.65986394556000,DRUM_SUPPORTED
DRUM,468,F_MIX_00850,170.05133786848072,58.04988662130000,DRUM_SUPPORTED
DRUM,469,F_MIX_00851,170.283537414966,-58.0498866213000,DRUM_SUPPORTED
DRUM,470,F_MIX_00854,170.75954648526078,46.43990929708000,DRUM_SUPPORTED
DRUM,471,F_MIX_00856,171.1194557823129,58.04988662128000,DRUM_SUPPORTED
DRUM,472,F_MIX_00858,171.46775510204083,34.82993197281000,DRUM_SUPPORTED
DRUM,473,F_MIX_00860,171.8508843537415,69.65986394557000,DRUM_SUPPORTED
DRUM,474,F_MIX_00862,172.18757369614514,34.82993197281000,DRUM_SUPPORTED
DRUM,475,F_MIX_00864,172.5474829931973,46.4399092971000,DRUM_SUPPORTED
DRUM,476,F_MIX_00866,172.90739229024942,34.82993197278000,DRUM_SUPPORTED
DRUM,477,F_MIX_00868,173.25569160997733,34.82993197281000,DRUM_SUPPORTED
DRUM,478,F_MIX_00870,173.638820861678,46.43990929705000,DRUM_SUPPORTED
DRUM,479,F_MIX_00872,173.96390022675737,23.21995464853000,DRUM_SUPPORTED
DRUM,480,F_MIX_00875,174.32380952380953,11.60997732427000,DRUM_SUPPORTED
DRUM,481,F_MIX_00877,174.69532879818595,11.60997732426000,DRUM_SUPPORTED
DRUM,482,F_MIX_00880,175.05523809523808,23.21995464851000,DRUM_SUPPORTED
DRUM,483,F_MIX_00883,175.4267573696145,23.2199546485000,DRUM_SUPPORTED
DRUM,484,F_MIX_00886,175.79827664399093,46.43990929705000,DRUM_SUPPORTED
DRUM,485,F_MIX_00889,176.13496598639455,11.60997732425000,DRUM_SUPPORTED
DRUM,486,F_MIX_00892,176.5297052154195,58.0498866213000,DRUM_SUPPORTED
DRUM,487,F_MIX_00893,176.79673469387754,-46.43990929708000,DRUM_SUPPORTED
DRUM,488,F_MIX_00895,177.24952380952382,58.04988662132000,DRUM_SUPPORTED
DRUM,489,F_MIX_00896,177.5978231292517,34.8299319728000,DRUM_SUPPORTED
DRUM,490,F_MIX_00897,177.86485260770976,-46.43990929704000,DRUM_SUPPORTED
DRUM,491,F_MIX_00899,178.32925170068026,46.43990929706000,DRUM_SUPPORTED
DRUM,492,F_MIX_00900,178.5730612244898,-58.04988662132000,DRUM_SUPPORTED
DRUM,493,F_MIX_00901,179.03746031746033,34.82993197281000,DRUM_SUPPORTED
DRUM,494,F_MIX_00902,179.39736961451248,23.21995464853000,DRUM_SUPPORTED
DRUM,495,F_MIX_00903,179.74566893424037,23.21995464854000,DRUM_SUPPORTED
DRUM,496,F_MIX_00905,180.12879818594104,34.82993197278000,DRUM_SUPPORTED
DRUM,497,F_MIX_00907,180.4887074829932,23.21995464852000,DRUM_SUPPORTED
DRUM,498,F_MIX_00909,180.84861678004535,11.60997732427000,DRUM_SUPPORTED
DRUM,499,F_MIX_00911,181.23174603174604,23.21995464854000,DRUM_SUPPORTED
DRUM,500,F_MIX_00914,181.62648526077098,46.43990929705000,DRUM_SUPPORTED
DRUM,501,F_MIX_00916,181.95156462585035,23.21995464855000,DRUM_SUPPORTED
DRUM,502,F_MIX_00919,182.35791383219956,58.04988662132000,DRUM_SUPPORTED
DRUM,503,F_MIX_00920,182.6829931972789,34.82993197278000,DRUM_SUPPORTED
DRUM,504,F_MIX_00922,183.04290249433106,23.21995464851000,DRUM_SUPPORTED
DRUM,506,F_MIX_00924,183.7511111111111,34.82993197278000,DRUM_SUPPORTED
DRUM,507,F_MIX_00928,184.12263038548753,58.04988662133000,DRUM_SUPPORTED
DRUM,508,F_MIX_00930,184.45931972789117,23.21995464854000,DRUM_SUPPORTED
DRUM,509,F_MIX_00932,184.84244897959184,58.04988662132000,DRUM_SUPPORTED
DRUM,510,F_MIX_00934,185.17913832199545,23.21995464851000,DRUM_SUPPORTED
DRUM,511,F_MIX_00935,185.5390476190476,34.82993197277000,DRUM_SUPPORTED
DRUM,512,F_MIX_00937,185.9221768707483,46.43990929705000,DRUM_SUPPORTED
DRUM,513,F_MIX_00939,186.28208616780046,34.82993197278000,DRUM_SUPPORTED
DRUM,514,F_MIX_00940,186.6419954648526,23.21995464853000,DRUM_SUPPORTED
DRUM,515,F_MIX_00943,187.00190476190477,11.60997732427000,DRUM_SUPPORTED
DRUM,516,F_MIX_00945,187.3734240362812,11.60997732428000,DRUM_SUPPORTED
DRUM,517,F_MIX_00948,187.73333333333332,0E-14,DRUM_SUPPORTED
DRUM,519,F_MIX_00950,188.45315192743763,0E-14,DRUM_SUPPORTED
DRUM,520,F_MIX_00951,188.8130612244898,11.60997732425000,DRUM_SUPPORTED
DRUM,521,F_MIX_00953,189.1845804988662,34.82993197277000,DRUM_SUPPORTED
DRUM,522,F_MIX_00954,189.4167800453515,-81.26984126982000,DRUM_SUPPORTED
DRUM,523,F_MIX_00955,189.90439909297052,34.82993197278000,DRUM_SUPPORTED
DRUM,524,F_MIX_00957,190.26430839002268,46.43990929705000,DRUM_SUPPORTED
DRUM,526,F_MIX_00959,190.85641723356008,-58.04988662132000,DRUM_SUPPORTED
DRUM,527,F_MIX_00960,191.33242630385487,69.65986394558000,DRUM_SUPPORTED
DRUM,528,F_MIX_00961,191.58784580498866,-23.21995464854000,DRUM_SUPPORTED
DRUM,529,F_MIX_00963,191.93614512471655,-23.21995464854000,DRUM_SUPPORTED
DRUM,530,F_MIX_00965,192.2728344671202,-58.0498866213000,DRUM_SUPPORTED
DRUM,531,F_MIX_00966,192.63274376417235,-46.43990929705000,DRUM_SUPPORTED
DRUM,532,F_MIX_00968,192.98104308390023,-46.43990929705000,DRUM_SUPPORTED
DRUM,533,F_MIX_00969,193.31773242630385,-58.04988662132000,DRUM_SUPPORTED
DRUM,534,F_MIX_00972,193.7705215419501,46.43990929705000,DRUM_SUPPORTED
DRUM,535,F_MIX_00973,194.1536507936508,81.26984126986000,DRUM_SUPPORTED
DRUM,536,F_MIX_00974,194.3742403628118,-69.65986394556000,DRUM_SUPPORTED
DRUM,537,F_MIX_00975,194.73414965986396,-58.04988662129000,DRUM_SUPPORTED
DRUM,538,F_MIX_00979,195.11727891156463,-23.21995464853000,DRUM_SUPPORTED
DRUM,539,F_MIX_00982,195.50040816326532,11.60997732427000,DRUM_SUPPORTED
DRUM,540,F_MIX_00983,195.8487074829932,-11.60997732425000,DRUM_SUPPORTED
DRUM,541,F_MIX_00985,196.2202267573696,11.60997732424000,DRUM_SUPPORTED
DRUM,542,F_MIX_00986,196.45242630385488,-104.48979591837000,DRUM_SUPPORTED
DRUM,543,F_MIX_00987,196.8239455782313,-81.26984126983000,DRUM_SUPPORTED
DRUM,544,F_MIX_00990,197.27673469387756,0E-14,DRUM_SUPPORTED
DRUM,545,F_MIX_00993,197.6018140589569,-23.21995464854000,DRUM_SUPPORTED
DRUM,546,F_MIX_00995,197.96172335600906,-11.60997732427000,DRUM_SUPPORTED
DRUM,548,F_MIX_00996,198.6118820861678,-81.26984126984000,DRUM_SUPPORTED
DRUM,549,F_MIX_00997,199.07628117913833,11.60997732427000,DRUM_SUPPORTED
DRUM,550,F_MIX_00998,199.4361904761905,23.21995464855000,DRUM_SUPPORTED
DRUM,551,F_MIX_00999,199.81931972789116,58.04988662132000,DRUM_SUPPORTED
DRUM,552,F_MIX_01000,200.16761904761904,34.82993197278000,DRUM_SUPPORTED
DRUM,554,F_MIX_01001,200.80616780045352,-46.43990929705000,DRUM_SUPPORTED
DRUM,555,F_MIX_01002,201.2473469387755,46.43990929704000,DRUM_SUPPORTED
DRUM,556,F_MIX_01004,201.6304761904762,58.04988662132000,DRUM_SUPPORTED
DRUM,557,F_MIX_01005,201.87428571428572,-46.43990929705000,DRUM_SUPPORTED
DRUM,558,F_MIX_01008,202.2922448979592,23.21995464855000,DRUM_SUPPORTED
DRUM,559,F_MIX_01010,202.68698412698413,46.43990929705000,DRUM_SUPPORTED
DRUM,560,F_MIX_01012,203.04689342403628,58.04988662131000,DRUM_SUPPORTED
DRUM,561,F_MIX_01014,203.39519274376417,58.04988662132000,DRUM_SUPPORTED
DRUM,562,F_MIX_01015,203.66222222222223,-23.21995464851000,DRUM_SUPPORTED
DRUM,563,F_MIX_01017,204.03374149659865,-23.21995464851000,DRUM_SUPPORTED
DRUM,564,F_MIX_01018,204.3356009070295,-69.65986394555000,DRUM_SUPPORTED
DRUM,565,F_MIX_01019,204.70712018140588,-46.43990929708000,DRUM_SUPPORTED
DRUM,566,F_MIX_01021,205.06702947845804,-58.04988662132000,DRUM_SUPPORTED
DRUM,567,F_MIX_01022,205.43854875283446,-34.82993197278000,DRUM_SUPPORTED
DRUM,568,F_MIX_01024,205.8100680272109,-34.82993197277000,DRUM_SUPPORTED
DRUM,569,F_MIX_01025,206.16997732426304,-23.21995464851000,DRUM_SUPPORTED
DRUM,570,F_MIX_01027,206.50666666666666,-58.04988662132000,DRUM_SUPPORTED
DRUM,571,F_MIX_01028,206.87818594104309,-58.04988662131000,DRUM_SUPPORTED
DRUM,572,F_MIX_01032,207.35419501133788,46.43990929705000,DRUM_SUPPORTED
DRUM,577,F_MIX_01033,209.258231292517,46.43990929705000,DRUM_SUPPORTED
DRUM,578,F_MIX_01035,209.59492063492064,11.60997732427000,DRUM_SUPPORTED
DRUM,579,F_MIX_01036,209.98965986394558,34.82993197278000,DRUM_SUPPORTED
DRUM,580,F_MIX_01040,210.34956916099773,23.21995464853000,DRUM_SUPPORTED
DRUM,581,F_MIX_01043,210.68625850340135,-11.60997732427000,DRUM_SUPPORTED
DRUM,582,F_MIX_01046,211.05777777777777,-11.60997732427000,DRUM_SUPPORTED
DRUM,583,F_MIX_01049,211.40607709750566,-11.60997732427000,DRUM_SUPPORTED
DRUM,584,F_MIX_01053,211.78920634920635,0E-14,DRUM_SUPPORTED
DRUM,585,F_MIX_01055,212.1491156462585,11.60997732426000,DRUM_SUPPORTED
DRUM,586,F_MIX_01057,212.52063492063493,11.60997732427000,DRUM_SUPPORTED
DRUM,587,F_MIX_01059,212.8805442176871,23.21995464855000,DRUM_SUPPORTED
DRUM,588,F_MIX_01061,213.25206349206348,46.43990929704000,DRUM_SUPPORTED
DRUM,589,F_MIX_01063,213.6235827664399,46.43990929704000,DRUM_SUPPORTED
DRUM,590,F_MIX_01064,213.8790022675737,-46.43990929705000,DRUM_SUPPORTED
DRUM,591,F_MIX_01067,214.33179138321995,58.04988662132000,DRUM_SUPPORTED
DRUM,592,F_MIX_01069,214.70331065759638,58.04988662132000,DRUM_SUPPORTED
DRUM,593,F_MIX_01070,214.95873015873016,-34.82993197278000,DRUM_SUPPORTED
DRUM,594,F_MIX_01073,215.4231292517007,81.26984126987000,DRUM_SUPPORTED
DRUM,595,F_MIX_01074,215.69015873015874,-23.21995464851000,DRUM_SUPPORTED
DRUM,596,F_MIX_01075,216.03845804988663,-23.21995464851000,DRUM_SUPPORTED
DRUM,597,F_MIX_01076,216.37514739229024,-34.82993197278000,DRUM_SUPPORTED
DRUM,598,F_MIX_01079,216.79310657596372,11.60997732427000,DRUM_SUPPORTED
DRUM,599,F_MIX_01080,217.17623582766439,46.43990929705000,DRUM_SUPPORTED
DRUM,600,F_MIX_01081,217.40843537414966,-69.65986394559000,DRUM_SUPPORTED
DRUM,601,F_MIX_01082,217.7799546485261,-46.43990929704000,DRUM_SUPPORTED
DRUM,602,F_MIX_01085,218.1863038548753,-11.60997732426000,DRUM_SUPPORTED
DRUM,603,F_MIX_01087,218.51138321995464,-34.82993197281000,DRUM_SUPPORTED
DRUM,604,F_MIX_01091,218.94095238095238,23.21995464854000,DRUM_SUPPORTED
DRUM,605,F_MIX_01092,219.19637188208617,-92.87981859410000,DRUM_SUPPORTED
DRUM,606,F_MIX_01095,219.6839909297052,23.2199546485000,DRUM_SUPPORTED
DRUM,607,F_MIX_01098,219.9974603174603,-58.04988662133000,DRUM_SUPPORTED
DRUM,608,F_MIX_01100,220.380589569161,-69.65986394556000,DRUM_SUPPORTED
DRUM,609,F_MIX_01101,220.86820861678004,46.43990929704000,DRUM_SUPPORTED
DRUM,610,F_MIX_01102,221.262947845805,69.6598639456000,DRUM_SUPPORTED
BASS,611,F_MIX_01104,221.6344671201814,69.65986394556000,BASS_AND_DRUM_SUPPORTED
DRUM,611,F_MIX_01103,221.5183673469388,-46.43990929704000,DRUM_SUPPORTED
DRUM,615,F_MIX_01111,223.1089342403628,34.82993197278000,DRUM_SUPPORTED
DRUM,617,F_MIX_01113,223.72426303854874,-69.65986394559000,DRUM_SUPPORTED
DRUM,621,F_MIX_01120,225.25678004535146,23.21995464851000,DRUM_SUPPORTED
DRUM,622,F_MIX_01121,225.61668934240362,34.82993197278000,DRUM_SUPPORTED
DRUM,623,F_MIX_01122,225.8721088435374,-58.04988662132000,DRUM_SUPPORTED
DRUM,624,F_MIX_01124,226.23201814058956,-46.43990929704000,DRUM_SUPPORTED
DRUM,625,F_MIX_01126,226.61514739229025,-34.82993197278000,DRUM_SUPPORTED
DRUM,626,F_MIX_01127,226.96344671201814,-34.82993197278000,DRUM_SUPPORTED
DRUM,627,F_MIX_01129,227.31174603174603,-34.82993197280000,DRUM_SUPPORTED
DRUM,629,F_MIX_01132,227.99673469387756,-69.65986394556000,DRUM_SUPPORTED
DRUM,630,F_MIX_01133,228.37986394557822,-58.04988662132000,DRUM_SUPPORTED
DRUM,631,F_MIX_01134,228.76299319727892,-46.43990929705000,DRUM_SUPPORTED
DRUM,632,F_MIX_01136,229.13451247165534,-46.43990929706000,DRUM_SUPPORTED
DRUM,633,F_MIX_01140,229.59891156462584,46.43990929704000,DRUM_SUPPORTED
DRUM,634,F_MIX_01143,229.94721088435375,23.21995464855000,DRUM_SUPPORTED
DRUM,640,F_MIX_01146,232.21115646258502,11.60997732424000,DRUM_SUPPORTED
DRUM,641,F_MIX_01149,232.59428571428572,23.21995464854000,DRUM_SUPPORTED
DRUM,642,F_MIX_01150,232.96580498866214,23.21995464854000,DRUM_SUPPORTED
DRUM,643,F_MIX_01152,233.33732426303854,0E-14,DRUM_SUPPORTED
DRUM,644,F_MIX_01154,233.74367346938774,34.82993197278000,DRUM_SUPPORTED
DRUM,646,F_MIX_01158,234.4867120181406,34.8299319728000,DRUM_SUPPORTED
DRUM,648,F_MIX_01162,235.22975056689341,34.82993197278000,DRUM_SUPPORTED
DRUM,649,F_MIX_01164,235.58965986394557,23.21995464851000,DRUM_SUPPORTED
DRUM,650,F_MIX_01166,235.98439909297053,23.21995464853000,DRUM_SUPPORTED
DRUM,651,F_MIX_01168,236.3443083900227,11.60997732428000,DRUM_SUPPORTED
DRUM,652,F_MIX_01169,236.72743764172336,23.21995464854000,DRUM_SUPPORTED
DRUM,653,F_MIX_01172,237.06412698412697,-11.60997732427000,DRUM_SUPPORTED
DRUM,654,F_MIX_01173,237.47047619047618,23.21995464851000,DRUM_SUPPORTED
DRUM,658,F_MIX_01179,238.96816326530612,34.82993197278000,DRUM_SUPPORTED
DRUM,659,F_MIX_01182,239.32807256235827,0E-14,DRUM_SUPPORTED
DRUM,660,F_MIX_01184,239.71120181405897,11.60997732427000,DRUM_SUPPORTED
DRUM,661,F_MIX_01187,240.07111111111112,0E-14,DRUM_SUPPORTED
DRUM,662,F_MIX_01189,240.47746031746033,34.82993197281000,DRUM_SUPPORTED
DRUM,663,F_MIX_01191,240.84897959183672,34.82993197278000,DRUM_SUPPORTED
DRUM,664,F_MIX_01193,241.2437188208617,58.04988662133000,DRUM_SUPPORTED
DRUM,666,F_MIX_01197,241.963537414966,34.8299319728000,DRUM_SUPPORTED
DRUM,667,F_MIX_01199,242.34666666666666,46.43990929705000,DRUM_SUPPORTED
DRUM,668,F_MIX_01202,242.7181859410431,23.21995464855000,DRUM_SUPPORTED
DRUM,670,F_MIX_01205,243.47283446712018,34.82993197278000,DRUM_SUPPORTED
DRUM,671,F_MIX_01207,243.85596371882087,46.43990929707000,DRUM_SUPPORTED
DRUM,672,F_MIX_01208,244.21587301587303,34.82993197281000,DRUM_SUPPORTED
DRUM,674,F_MIX_01210,244.99374149659863,69.65986394556000,DRUM_SUPPORTED
DRUM,675,F_MIX_01212,245.3536507936508,34.8299319728000,DRUM_SUPPORTED
DRUM,676,F_MIX_01214,245.73678004535148,46.43990929705000,DRUM_SUPPORTED
DRUM,678,F_MIX_01218,246.50303854875284,69.65986394559000,DRUM_SUPPORTED
DRUM,680,F_MIX_01223,247.2344671201814,34.8299319728000,DRUM_SUPPORTED
DRUM,682,F_MIX_01226,247.9891156462585,46.43990929704000,DRUM_SUPPORTED
DRUM,684,F_MIX_01231,248.7437641723356,58.04988662132000,DRUM_SUPPORTED
BASS,685,F_MIX_01234,249.11528344671203,58.04988662133000,BASS_AND_DRUM_SUPPORTED
DRUM,685,F_MIX_01233,248.9991836734694,-58.0498866213000,DRUM_SUPPORTED
DRUM,687,F_MIX_01239,249.83510204081634,11.60997732427000,DRUM_SUPPORTED
DRUM,688,F_MIX_01240,250.20662131519273,11.60997732423000,DRUM_SUPPORTED
DRUM,689,F_MIX_01242,250.57814058956916,11.60997732426000,DRUM_SUPPORTED
DRUM,690,F_MIX_01244,250.9728798185941,34.82993197279000,DRUM_SUPPORTED
DRUM,691,F_MIX_01246,251.33278911564625,23.21995464851000,DRUM_SUPPORTED
DRUM,692,F_MIX_01248,251.71591836734694,34.82993197280000,DRUM_SUPPORTED
DRUM,694,F_MIX_01253,252.45895691609977,34.82993197278000,DRUM_SUPPORTED
DRUM,695,F_MIX_01255,252.81886621315192,23.21995464852000,DRUM_SUPPORTED
DRUM,696,F_MIX_01257,253.20199546485262,34.82993197282000,DRUM_SUPPORTED
DRUM,697,F_MIX_01258,253.56190476190477,0E-14,DRUM_SUPPORTED
DRUM,698,F_MIX_01259,253.9566439909297,23.21995464853000,DRUM_SUPPORTED
DRUM,699,F_MIX_01261,254.33977324263037,34.82993197277000,DRUM_SUPPORTED
DRUM,700,F_MIX_01263,254.69968253968253,0E-14,DRUM_SUPPORTED
DRUM,701,F_MIX_01264,254.98993197278912,-104.48979591838000,DRUM_SUPPORTED
DRUM,702,F_MIX_01266,255.4659410430839,0E-13,DRUM_SUPPORTED
DRUM,703,F_MIX_01268,255.8374603174603,-23.21995464855000,DRUM_SUPPORTED
DRUM,704,F_MIX_01270,256.24380952380955,11.60997732425000,DRUM_SUPPORTED
DRUM,705,F_MIX_01271,256.5921088435374,-11.6099773243000,DRUM_SUPPORTED
DRUM,706,F_MIX_01274,256.97523809523807,0E-14,DRUM_SUPPORTED
DRUM,707,F_MIX_01275,257.3583673469388,11.6099773243000,DRUM_SUPPORTED
DRUM,708,F_MIX_01277,257.7298866213152,11.6099773243000,DRUM_SUPPORTED
DRUM,709,F_MIX_01278,258.02013605442176,-69.65986394564000,DRUM_SUPPORTED
DRUM,710,F_MIX_01280,258.4497052154195,-11.60997732427000,DRUM_SUPPORTED
DRUM,711,F_MIX_01283,258.83283446712016,0E-14,DRUM_SUPPORTED
DRUM,712,F_MIX_01285,259.2043537414966,0E-13,DRUM_SUPPORTED
DRUM,713,F_MIX_01287,259.575873015873,0E-12,DRUM_SUPPORTED
DRUM,714,F_MIX_01290,259.9473922902494,0E-13,DRUM_SUPPORTED
DRUM,715,F_MIX_01292,260.3073015873016,-11.60997732426000,DRUM_SUPPORTED
DRUM,716,F_MIX_01294,260.678820861678,-11.60997732426000,DRUM_SUPPORTED
DRUM,717,F_MIX_01296,261.05034013605444,-11.60997732422000,DRUM_SUPPORTED
DRUM,718,F_MIX_01298,261.41024943310657,0E-14,DRUM_SUPPORTED
DRUM,719,F_MIX_01300,261.77015873015876,-11.60997732421000,DRUM_SUPPORTED
DRUM,720,F_MIX_01302,262.04879818594105,-104.48979591835000,DRUM_SUPPORTED
DRUM,721,F_MIX_01305,262.51319727891155,11.60997732425000,DRUM_SUPPORTED
DRUM,722,F_MIX_01307,262.884716553288,11.60997732427000,DRUM_SUPPORTED
DRUM,723,F_MIX_01308,263.15174603174603,-69.65986394557000,DRUM_SUPPORTED
DRUM,724,F_MIX_01309,263.5232653061224,-46.4399092971000,DRUM_SUPPORTED
DRUM,725,F_MIX_01311,263.8831746031746,-58.0498866213000,DRUM_SUPPORTED
DRUM,726,F_MIX_01312,264.3243537414966,34.8299319728000,DRUM_SUPPORTED
DRUM,727,F_MIX_01314,264.695873015873,58.04988662127000,DRUM_SUPPORTED
DRUM,728,F_MIX_01315,264.96290249433105,-46.43990929705000,DRUM_SUPPORTED
DRUM,729,F_MIX_01317,265.31120181405896,-46.43990929704000,DRUM_SUPPORTED
DRUM,730,F_MIX_01320,265.7872108843537,58.04988662126000,DRUM_SUPPORTED
DRUM,731,F_MIX_01322,266.13551020408164,34.82993197281000,DRUM_SUPPORTED
DRUM,732,F_MIX_01324,266.5302494331066,58.0498866213000,DRUM_SUPPORTED
DRUM,733,F_MIX_01326,266.8785487528345,34.8299319728000,DRUM_SUPPORTED
DRUM,734,F_MIX_01328,267.2732879818594,58.0498866213000,DRUM_SUPPORTED
DRUM,735,F_MIX_01330,267.6215873015873,34.82993197277000,DRUM_SUPPORTED
DRUM,736,F_MIX_01331,267.8770068027211,-81.2698412698000,DRUM_SUPPORTED
DRUM,738,F_MIX_01334,268.73614512471653,11.60997732423000,DRUM_SUPPORTED
DRUM,739,F_MIX_01336,269.107664399093,11.6099773243000,DRUM_SUPPORTED
DRUM,740,F_MIX_01337,269.5140136054422,46.4399092971000,DRUM_SUPPORTED
DRUM,741,F_MIX_01340,269.8855328798186,46.43990929704000,DRUM_SUPPORTED
DRUM,742,F_MIX_01343,270.2802721088435,46.4399092970000,DRUM_SUPPORTED
BASS,743,F_MIX_01345,270.52408163265306,-81.26984126984000,BASS_SUPPORTED
DRUM,743,F_MIX_01346,270.65179138322,46.4399092971000,DRUM_SUPPORTED
DRUM,746,F_MIX_01351,271.75473922902495,11.60997732425000,DRUM_SUPPORTED
DRUM,748,F_MIX_01355,272.5209977324263,34.82993197277000,DRUM_SUPPORTED
DRUM,754,F_MIX_01365,274.75011337868483,11.60997732427000,DRUM_SUPPORTED
DRUM,756,F_MIX_01369,275.51637188208616,34.82993197281000,DRUM_SUPPORTED
DRUM,758,F_MIX_01372,276.259410430839,34.8299319728000,DRUM_SUPPORTED
DRUM,760,F_MIX_01376,277.0140589569161,46.43990929705000,DRUM_SUPPORTED
DRUM,762,F_MIX_01379,277.74548752834465,34.82993197275000,DRUM_SUPPORTED
DRUM,763,F_MIX_01381,278.10539682539684,23.21995464854000,DRUM_SUPPORTED
DRUM,764,F_MIX_01382,278.4885260770975,34.8299319728000,DRUM_SUPPORTED
DRUM,766,F_MIX_01386,279.23156462585035,34.82993197281000,DRUM_SUPPORTED
DRUM,767,F_MIX_01388,279.5798639455782,11.60997732426000,DRUM_SUPPORTED
DRUM,768,F_MIX_01390,279.97460317460315,34.82993197275000,DRUM_SUPPORTED
DRUM,769,F_MIX_01392,280.3112925170068,0E-13,DRUM_SUPPORTED
DRUM,770,F_MIX_01393,280.7060317460317,23.21995464846000,DRUM_SUPPORTED
DRUM,771,F_MIX_01394,281.0659410430839,11.60997732426000,DRUM_SUPPORTED
DRUM,772,F_MIX_01396,281.4374603174603,11.60997732426000,DRUM_SUPPORTED
DRUM,773,F_MIX_01398,281.80897959183676,11.60997732426000,DRUM_SUPPORTED
DRUM,774,F_MIX_01399,282.18049886621316,11.60997732426000,DRUM_SUPPORTED
DRUM,775,F_MIX_01400,282.5404081632653,0E-13,DRUM_SUPPORTED
DRUM,776,F_MIX_01402,282.91192743764174,0E-14,DRUM_SUPPORTED
DRUM,782,F_MIX_01416,285.1062131519274,-11.6099773243000,DRUM_SUPPORTED
DRUM,783,F_MIX_01417,285.4777324263039,-11.60997732424000,DRUM_SUPPORTED
DRUM,784,F_MIX_01419,285.84925170068027,-11.60997732427000,DRUM_SUPPORTED
DRUM,785,F_MIX_01420,286.20916099773245,-23.21995464849000,DRUM_SUPPORTED
DRUM,786,F_MIX_01422,286.5690702947846,-11.60997732425000,DRUM_SUPPORTED
DRUM,787,F_MIX_01424,286.940589569161,-11.60997732425000,DRUM_SUPPORTED
DRUM,788,F_MIX_01426,287.2888888888889,-11.60997732426000,DRUM_SUPPORTED
DRUM,789,F_MIX_01428,287.67201814058956,0E-14,DRUM_SUPPORTED
DRUM,790,F_MIX_01429,288.0203174603175,0E-13,DRUM_SUPPORTED
DRUM,791,F_MIX_01430,288.3802267573696,11.60997732427000,DRUM_SUPPORTED
DRUM,792,F_MIX_01433,288.7401360544218,0E-13,DRUM_SUPPORTED
DRUM,793,F_MIX_01434,289.0187755102041,-69.65986394554000,DRUM_SUPPORTED
DRUM,794,F_MIX_01436,289.47156462585036,34.82993197281000,DRUM_SUPPORTED
DRUM,795,F_MIX_01438,289.84308390022676,34.82993197281000,DRUM_SUPPORTED
DRUM,796,F_MIX_01440,290.1913832199547,34.82993197284000,DRUM_SUPPORTED
DRUM,797,F_MIX_01441,290.4932426303855,-34.82993197276000,DRUM_SUPPORTED
DRUM,798,F_MIX_01443,290.9228117913832,23.2199546485000,DRUM_SUPPORTED
DRUM,799,F_MIX_01444,291.29433106575965,46.43990929705000,DRUM_SUPPORTED
DRUM,800,F_MIX_01446,291.6542403628118,34.8299319728000,DRUM_SUPPORTED
DRUM,801,F_MIX_01448,292.02575963718823,34.82993197283000,DRUM_SUPPORTED
DRUM,802,F_MIX_01449,292.3972789115646,34.8299319728000,DRUM_SUPPORTED
DRUM,803,F_MIX_01451,292.768798185941,34.82993197273000,DRUM_SUPPORTED
DRUM,804,F_MIX_01453,293.1287074829932,23.21995464853000,DRUM_SUPPORTED
DRUM,805,F_MIX_01455,293.48861678004533,11.60997732427000,DRUM_SUPPORTED
DRUM,806,F_MIX_01456,293.8485260770975,23.2199546485000,DRUM_SUPPORTED
DRUM,807,F_MIX_01458,294.2200453514739,23.2199546485000,DRUM_SUPPORTED
DRUM,808,F_MIX_01460,294.5799546485261,11.6099773243000,DRUM_SUPPORTED
DRUM,809,F_MIX_01462,294.9514739229025,11.6099773243000,DRUM_SUPPORTED
DRUM,813,F_MIX_01469,296.41433106575965,11.60997732425000,DRUM_SUPPORTED
DRUM,815,F_MIX_01472,297.13414965986397,11.60997732427000,DRUM_SUPPORTED
DRUM,816,F_MIX_01474,297.4940589569161,0E-13,DRUM_SUPPORTED
DRUM,818,F_MIX_01478,298.23709750566894,0E-14,DRUM_SUPPORTED
DRUM,820,F_MIX_01482,298.9685260770975,11.60997732425000,DRUM_SUPPORTED
DRUM,823,F_MIX_01488,300.0714739229025,0E-13,DRUM_SUPPORTED
DRUM,824,F_MIX_01491,300.4313832199546,11.6099773242000,DRUM_SUPPORTED
DRUM,825,F_MIX_01494,300.81451247165535,23.21995464855000,DRUM_SUPPORTED
DRUM,826,F_MIX_01497,301.1628117913832,0E-13,DRUM_SUPPORTED
DRUM,827,F_MIX_01499,301.53433106575966,0E-14,DRUM_SUPPORTED
DRUM,828,F_MIX_01500,301.8942403628118,11.6099773243000,DRUM_SUPPORTED
DRUM,829,F_MIX_01502,302.25414965986397,0E-14,DRUM_SUPPORTED
DRUM,830,F_MIX_01504,302.62566893424037,0E-14,DRUM_SUPPORTED
DRUM,831,F_MIX_01505,302.9855782312925,-11.60997732426000,DRUM_SUPPORTED
DRUM,832,F_MIX_01506,303.35709750566895,-11.60997732425000,DRUM_SUPPORTED
DRUM,833,F_MIX_01507,303.72861678004534,-11.60997732426000,DRUM_SUPPORTED
DRUM,834,F_MIX_01508,304.0885260770975,0E-13,DRUM_SUPPORTED
DRUM,835,F_MIX_01509,304.44843537414965,-11.60997732425000,DRUM_SUPPORTED
BASS,836,F_MIX_01510,304.7851247165533,-46.4399092970000,BASS_AND_DRUM_SUPPORTED
DRUM,836,F_MIX_01511,304.8315646258503,0E-13,DRUM_SUPPORTED
DRUM,838,F_MIX_01514,305.5629931972789,-11.60997732427000,DRUM_SUPPORTED
BASS,841,F_MIX_01517,306.5730612244898,-92.8798185941000,BASS_AND_DRUM_SUPPORTED
DRUM,841,F_MIX_01518,306.65433106575966,-11.60997732424000,DRUM_SUPPORTED
BASS,848,F_MIX_01526,309.0924263038549,-104.48979591836000,BASS_SUPPORTED
DRUM,848,F_MIX_01527,309.185306122449,-11.60997732426000,DRUM_SUPPORTED
DRUM,849,F_MIX_01529,309.5568253968254,11.6099773243000,DRUM_SUPPORTED
DRUM,851,F_MIX_01533,310.3114739229025,23.21995464853000,DRUM_SUPPORTED
BASS,852,F_MIX_01534,310.6365532879819,-23.21995464847000,BASS_AND_DRUM_SUPPORTED
DRUM,852,F_MIX_01535,310.67138321995463,11.60997732426000,DRUM_SUPPORTED
DRUM,854,F_MIX_01537,311.4028117913832,0E-13,DRUM_SUPPORTED
DRUM,856,F_MIX_01539,312.1226303854875,-23.21995464856000,DRUM_SUPPORTED
DRUM,857,F_MIX_01540,312.5057596371882,-11.60997732426000,DRUM_SUPPORTED
DRUM,858,F_MIX_01541,312.8656689342404,-23.2199546485000,DRUM_SUPPORTED
DRUM,859,F_MIX_01543,313.2604081632653,23.2199546485000,DRUM_SUPPORTED
DRUM,865,F_MIX_01551,315.4430839002268,0E-13,DRUM_SUPPORTED
DRUM,867,F_MIX_01554,316.1861224489796,0E-13,DRUM_SUPPORTED
DRUM,868,F_MIX_01555,316.51120181405895,-46.43990929705000,DRUM_SUPPORTED
BASS,869,F_MIX_01556,316.9407709750567,34.8299319728000,BASS_SUPPORTED
DRUM,882,F_MIX_01574,321.67764172335603,11.60997732427000,DRUM_SUPPORTED
DRUM,884,F_MIX_01577,322.4206802721088,11.60997732424000,DRUM_SUPPORTED
DRUM,886,F_MIX_01579,323.1637188208617,11.6099773243000,DRUM_SUPPORTED
DRUM,887,F_MIX_01580,323.442358276644,-81.26984126986000,DRUM_SUPPORTED
DRUM,888,F_MIX_01582,323.883537414966,11.6099773243000,DRUM_SUPPORTED
DRUM,889,F_MIX_01584,324.2434467120181,0E-13,DRUM_SUPPORTED
DRUM,890,F_MIX_01585,324.61496598639457,0E-14,DRUM_SUPPORTED
DRUM,891,F_MIX_01587,324.98648526077096,23.21995464856000,DRUM_SUPPORTED
DRUM,892,F_MIX_01588,325.3347845804989,23.21995464856000,DRUM_SUPPORTED
DRUM,897,F_MIX_01595,327.0530612244898,-46.4399092971000,DRUM_SUPPORTED
DRUM,898,F_MIX_01597,327.52907029478456,58.04988662129000,DRUM_SUPPORTED
DRUM,900,F_MIX_01600,328.26049886621314,46.43990929704000,DRUM_SUPPORTED
DRUM,904,F_MIX_01604,329.73496598639457,11.60997732427000,DRUM_SUPPORTED
