GT_event_id,take,string,condition,expected_pitch,GT_onset,GT_lower_bound,GT_upper_bound,matched_BP_event_id,BP_MIDI_pitch,BP_onset,BP_offset,match_classification,signed_error_ms,absolute_error_ms,interval_relation,notes,candidate_ids,source_wav,clip_id
GAL09_20260914_S1_E_MF_R01,20260914_0028,E,mf,28,4.006108843537415,4.005108843537415,4.007108843537415,T01_N020,28,4.031229931972789,19.458267120181404,CORRECT_PITCH_MATCH,25.121088435374084,25.121088435374084,AFTER,"1 exact-pitch, 3 octave-equivalent, 4 total persistent hypotheses; no timing-error ranking",T01_N020,/Volumes/SSD Track/JGA/recordings/double_bass/GALLEGATI_2009/session_20260914/metadata/JGA_DB_GALLEGATI_2009_SESSION_20260914 Project/Samples/Recorded/FISHMAN 0028 [2026-09-14 170910].wav,T01
GAL09_20260914_S1_E_MF_R02,20260914_0028,E,mf,28,20.02135714285714,20.02022448979592,20.02322448979592,T01_N018,28,19.958780045351475,34.60794875283447,CORRECT_PITCH_MATCH,-62.57709750566676,62.57709750566676,BEFORE,"1 exact-pitch, 3 octave-equivalent, 4 total persistent hypotheses; no timing-error ranking",T01_N018,/Volumes/SSD Track/JGA/recordings/double_bass/GALLEGATI_2009/session_20260914/metadata/JGA_DB_GALLEGATI_2009_SESSION_20260914 Project/Samples/Recorded/FISHMAN 0028 [2026-09-14 170910].wav,T01
GAL09_20260914_S1_E_MF_R03,20260914_0028,E,mf,28,35.00531746031746,35.00414512471655,35.00648979591837,T01_N017,28,34.99107800453515,44.28547936507937,CORRECT_PITCH_MATCH,-14.239455782309562,14.239455782309562,BEFORE,"1 exact-pitch, 4 octave-equivalent, 5 total persistent hypotheses; no timing-error ranking",T01_N017,/Volumes/SSD Track/JGA/recordings/double_bass/GALLEGATI_2009/session_20260914/metadata/JGA_DB_GALLEGATI_2009_SESSION_20260914 Project/Samples/Recorded/FISHMAN 0028 [2026-09-14 170910].wav,T01
GAL09_20260914_S1_E_MF_R04,20260914_0028,E,mf,28,52.129503401360545,52.12850340136055,52.13050340136054,T01_N011,28,52.13895963718821,65.58069070294785,CORRECT_PITCH_MATCH,9.456235827663306,9.456235827663306,AFTER,"1 exact-pitch, 2 octave-equivalent, 3 total persistent hypotheses; no timing-error ranking",T01_N011,/Volumes/SSD Track/JGA/recordings/double_bass/GALLEGATI_2009/session_20260914/metadata/JGA_DB_GALLEGATI_2009_SESSION_20260914 Project/Samples/Recorded/FISHMAN 0028 [2026-09-14 170910].wav,T01
GAL09_20260914_S1_E_MF_R05,20260914_0028,E,mf,28,67.23912244897959,67.2381224489796,67.24012244897959,T01_N009,28,67.28735736961451,78.73088843537415,CORRECT_PITCH_MATCH,48.234920634925516,48.234920634925516,AFTER,"1 exact-pitch, 2 octave-equivalent, 3 total persistent hypotheses; no timing-error ranking",T01_N009,/Volumes/SSD Track/JGA/recordings/double_bass/GALLEGATI_2009/session_20260914/metadata/JGA_DB_GALLEGATI_2009_SESSION_20260914 Project/Samples/Recorded/FISHMAN 0028 [2026-09-14 170910].wav,T01
GAL09_20260914_S1_E_MF_R06,20260914_0028,E,mf,28,80.13910770975056,80.13809070294785,80.14012471655329,T01_N008,28,80.17180952380953,91.27736734693877,CORRECT_PITCH_MATCH,32.701814058967216,32.701814058967216,AFTER,"1 exact-pitch, 2 octave-equivalent, 3 total persistent hypotheses; no timing-error ranking",T01_N008,/Volumes/SSD Track/JGA/recordings/double_bass/GALLEGATI_2009/session_20260914/metadata/JGA_DB_GALLEGATI_2009_SESSION_20260914 Project/Samples/Recorded/FISHMAN 0028 [2026-09-14 170910].wav,T01
GAL09_20260914_S1_E_MF_R07,20260914_0028,E,mf,28,91.58254648526078,91.58154648526077,91.58354648526077,T01_N007,28,91.61534058956916,104.71909841269841,CORRECT_PITCH_MATCH,32.7941043083797,32.7941043083797,AFTER,"1 exact-pitch, 3 octave-equivalent, 4 total persistent hypotheses; no timing-error ranking",T01_N007,/Volumes/SSD Track/JGA/recordings/double_bass/GALLEGATI_2009/session_20260914/metadata/JGA_DB_GALLEGATI_2009_SESSION_20260914 Project/Samples/Recorded/FISHMAN 0028 [2026-09-14 170910].wav,T01
GAL09_20260914_S1_E_MF_R08,20260914_0028,E,mf,28,105.11374263038549,105.11273469387756,105.11475056689342,T01_N006,28,105.16027755102041,114.81458820861678,CORRECT_PITCH_MATCH,46.534920634925925,46.534920634925925,AFTER,"1 exact-pitch, 3 octave-equivalent, 4 total persistent hypotheses; no timing-error ranking",T01_N006,/Volumes/SSD Track/JGA/recordings/double_bass/GALLEGATI_2009/session_20260914/metadata/JGA_DB_GALLEGATI_2009_SESSION_20260914 Project/Samples/Recorded/FISHMAN 0028 [2026-09-14 170910].wav,T01
GAL09_20260914_S1_E_MF_R09,20260914_0028,E,mf,28,116.7578798185941,116.7568798185941,116.75887981859411,T01_N004,28,116.78956825396826,126.2929492063492,CORRECT_PITCH_MATCH,31.688435374150004,31.688435374150004,AFTER,"1 exact-pitch, 2 octave-equivalent, 3 total persistent hypotheses; no timing-error ranking",T01_N004,/Volumes/SSD Track/JGA/recordings/double_bass/GALLEGATI_2009/session_20260914/metadata/JGA_DB_GALLEGATI_2009_SESSION_20260914 Project/Samples/Recorded/FISHMAN 0028 [2026-09-14 170910].wav,T01
GAL09_20260914_S1_E_MF_R10,20260914_0028,E,mf,28,130.9466485260771,130.9456485260771,130.9476485260771,,,,,MULTIPLE_BP_CANDIDATES,,,,"2 exact-pitch, 3 octave-equivalent, 5 total persistent hypotheses; no timing-error ranking",T01_N001;T01_N002,/Volumes/SSD Track/JGA/recordings/double_bass/GALLEGATI_2009/session_20260914/metadata/JGA_DB_GALLEGATI_2009_SESSION_20260914 Project/Samples/Recorded/FISHMAN 0028 [2026-09-14 170910].wav,T01
GAL09_20260914_S1_A_MF_R01,20260914_0029,A,mf,33,5.280891156462585,5.279891156462585,5.281891156462585,T02_N015,33,5.308327437641723,14.347309297052155,CORRECT_PITCH_MATCH,27.436281179138433,27.436281179138433,AFTER,"1 exact-pitch, 0 octave-equivalent, 1 total persistent hypotheses; no timing-error ranking",T02_N015,/Volumes/SSD Track/JGA/recordings/double_bass/GALLEGATI_2009/session_20260914/metadata/JGA_DB_GALLEGATI_2009_SESSION_20260914 Project/Samples/Recorded/FISHMAN 0029 [2026-09-14 171327].wav,T02
GAL09_20260914_S1_A_MF_R02,20260914_0029,A,mf,33,21.487975056689343,21.486893424036282,21.489056689342405,T02_N013,33,21.514517006802723,34.44540907029479,CORRECT_PITCH_MATCH,26.541950113379897,26.541950113379897,AFTER,"1 exact-pitch, 0 octave-equivalent, 1 total persistent hypotheses; no timing-error ranking",T02_N013,/Volumes/SSD Track/JGA/recordings/double_bass/GALLEGATI_2009/session_20260914/metadata/JGA_DB_GALLEGATI_2009_SESSION_20260914 Project/Samples/Recorded/FISHMAN 0029 [2026-09-14 171327].wav,T02
GAL09_20260914_S1_A_MF_R03,20260914_0029,A,mf,33,37.25459750566893,37.253571428571426,37.25562358276644,,,,,MULTIPLE_BP_CANDIDATES,,,,"2 exact-pitch, 0 octave-equivalent, 2 total persistent hypotheses; no timing-error ranking",T02_N010;T02_N011,/Volumes/SSD Track/JGA/recordings/double_bass/GALLEGATI_2009/session_20260914/metadata/JGA_DB_GALLEGATI_2009_SESSION_20260914 Project/Samples/Recorded/FISHMAN 0029 [2026-09-14 171327].wav,T02
GAL09_20260914_S1_A_MF_R04,20260914_0029,A,mf,33,52.29025170068027,52.28907709750567,52.29142630385488,T02_N009,33,52.30149931972789,68.86759818594105,CORRECT_PITCH_MATCH,11.247619047615842,11.247619047615842,AFTER,"1 exact-pitch, 0 octave-equivalent, 3 total persistent hypotheses; no timing-error ranking",T02_N009,/Volumes/SSD Track/JGA/recordings/double_bass/GALLEGATI_2009/session_20260914/metadata/JGA_DB_GALLEGATI_2009_SESSION_20260914 Project/Samples/Recorded/FISHMAN 0029 [2026-09-14 171327].wav,T02
GAL09_20260914_S1_A_MF_R05,20260914_0029,A,mf,33,69.14413832199547,69.14310657596371,69.14617006802722,T02_N008,33,69.15784761904762,82.00746984126984,CORRECT_PITCH_MATCH,13.709297052145075,13.709297052145075,AFTER,"1 exact-pitch, 0 octave-equivalent, 1 total persistent hypotheses; no timing-error ranking",T02_N008,/Volumes/SSD Track/JGA/recordings/double_bass/GALLEGATI_2009/session_20260914/metadata/JGA_DB_GALLEGATI_2009_SESSION_20260914 Project/Samples/Recorded/FISHMAN 0029 [2026-09-14 171327].wav,T02
GAL09_20260914_S1_A_MF_R06,20260914_0029,A,mf,33,87.08956235827664,87.08856235827665,87.09056235827664,T02_N006,33,87.11842766439909,103.39556099773243,CORRECT_PITCH_MATCH,28.86530612245508,28.86530612245508,AFTER,"1 exact-pitch, 0 octave-equivalent, 1 total persistent hypotheses; no timing-error ranking",T02_N006,/Volumes/SSD Track/JGA/recordings/double_bass/GALLEGATI_2009/session_20260914/metadata/JGA_DB_GALLEGATI_2009_SESSION_20260914 Project/Samples/Recorded/FISHMAN 0029 [2026-09-14 171327].wav,T02
GAL09_20260914_S1_A_MF_R07,20260914_0029,A,mf,33,103.8761814058957,103.87518140589569,103.8771814058957,T02_N005,33,103.88318004535148,118.40463900226759,CORRECT_PITCH_MATCH,6.99863945578727,6.99863945578727,AFTER,"1 exact-pitch, 0 octave-equivalent, 1 total persistent hypotheses; no timing-error ranking",T02_N005,/Volumes/SSD Track/JGA/recordings/double_bass/GALLEGATI_2009/session_20260914/metadata/JGA_DB_GALLEGATI_2009_SESSION_20260914 Project/Samples/Recorded/FISHMAN 0029 [2026-09-14 171327].wav,T02
GAL09_20260914_S1_A_MF_R08,20260914_0029,A,mf,33,118.7730589569161,118.77193424036281,118.7741836734694,T02_N004,33,118.78776825396827,133.2756811791383,CORRECT_PITCH_MATCH,14.709297052164061,14.709297052164061,AFTER,"1 exact-pitch, 0 octave-equivalent, 1 total persistent hypotheses; no timing-error ranking",T02_N004,/Volumes/SSD Track/JGA/recordings/double_bass/GALLEGATI_2009/session_20260914/metadata/JGA_DB_GALLEGATI_2009_SESSION_20260914 Project/Samples/Recorded/FISHMAN 0029 [2026-09-14 171327].wav,T02
GAL09_20260914_S1_A_MF_R09,20260914_0029,A,mf,33,133.66902040816328,133.66802040816327,133.67002040816325,T02_N003,33,133.6820303854875,147.86679999999998,CORRECT_PITCH_MATCH,13.009977324230704,13.009977324230704,AFTER,"1 exact-pitch, 0 octave-equivalent, 1 total persistent hypotheses; no timing-error ranking",T02_N003,/Volumes/SSD Track/JGA/recordings/double_bass/GALLEGATI_2009/session_20260914/metadata/JGA_DB_GALLEGATI_2009_SESSION_20260914 Project/Samples/Recorded/FISHMAN 0029 [2026-09-14 171327].wav,T02
GAL09_20260914_S1_A_MF_R10,20260914_0029,A,mf,33,148.32748526077097,148.32648526077097,148.32848526077098,,,,,MULTIPLE_BP_CANDIDATES,,,,"2 exact-pitch, 0 octave-equivalent, 2 total persistent hypotheses; no timing-error ranking",T02_N001;T02_N002,/Volumes/SSD Track/JGA/recordings/double_bass/GALLEGATI_2009/session_20260914/metadata/JGA_DB_GALLEGATI_2009_SESSION_20260914 Project/Samples/Recorded/FISHMAN 0029 [2026-09-14 171327].wav,T02
GAL09_20260914_S1_D_MF_R01,20260914_0030,D,mf,38,5.787151927437642,5.786151927437642,5.788151927437641,T03_N014,38,5.784336507936508,21.328757369614515,CORRECT_PITCH_MATCH,-2.8154195011342864,2.8154195011342864,BEFORE,"1 exact-pitch, 2 octave-equivalent, 3 total persistent hypotheses; no timing-error ranking",T03_N014,/Volumes/SSD Track/JGA/recordings/double_bass/GALLEGATI_2009/session_20260914/metadata/JGA_DB_GALLEGATI_2009_SESSION_20260914 Project/Samples/Recorded/FISHMAN 0030 [2026-09-14 171340].wav,T03
GAL09_20260914_S1_D_MF_R02,20260914_0030,D,mf,38,21.94481746031746,21.9435873015873,21.9465873015873,T03_N013,38,21.922150113378684,38.04706984126984,CORRECT_PITCH_MATCH,-22.667346938774813,22.667346938774813,BEFORE,"1 exact-pitch, 2 octave-equivalent, 3 total persistent hypotheses; no timing-error ranking",T03_N013,/Volumes/SSD Track/JGA/recordings/double_bass/GALLEGATI_2009/session_20260914/metadata/JGA_DB_GALLEGATI_2009_SESSION_20260914 Project/Samples/Recorded/FISHMAN 0030 [2026-09-14 171340].wav,T03
GAL09_20260914_S1_D_MF_R03,20260914_0030,D,mf,38,38.667258503401364,38.66625850340136,38.66825850340136,T03_N012,38,38.65078866213152,55.135617687074834,CORRECT_PITCH_MATCH,-16.46984126984563,16.46984126984563,BEFORE,"1 exact-pitch, 2 octave-equivalent, 3 total persistent hypotheses; no timing-error ranking",T03_N012,/Volumes/SSD Track/JGA/recordings/double_bass/GALLEGATI_2009/session_20260914/metadata/JGA_DB_GALLEGATI_2009_SESSION_20260914 Project/Samples/Recorded/FISHMAN 0030 [2026-09-14 171340].wav,T03
GAL09_20260914_S1_D_MF_R04,20260914_0030,D,mf,38,55.830024943310654,55.82902494331066,55.83102494331066,T03_N011,38,55.81028027210884,70.52910884353741,CORRECT_PITCH_MATCH,-19.744671201813446,19.744671201813446,BEFORE,"1 exact-pitch, 2 octave-equivalent, 3 total persistent hypotheses; no timing-error ranking",T03_N011,/Volumes/SSD Track/JGA/recordings/double_bass/GALLEGATI_2009/session_20260914/metadata/JGA_DB_GALLEGATI_2009_SESSION_20260914 Project/Samples/Recorded/FISHMAN 0030 [2026-09-14 171340].wav,T03
GAL09_20260914_S1_D_MF_R05,20260914_0030,D,mf,38,70.94641383219955,70.94519727891156,70.94763038548753,T03_N010,38,70.94706802721089,86.70046848072562,CORRECT_PITCH_MATCH,0.6541950113359007,0.6541950113359007,INSIDE,"1 exact-pitch, 2 octave-equivalent, 3 total persistent hypotheses; no timing-error ranking",T03_N010,/Volumes/SSD Track/JGA/recordings/double_bass/GALLEGATI_2009/session_20260914/metadata/JGA_DB_GALLEGATI_2009_SESSION_20260914 Project/Samples/Recorded/FISHMAN 0030 [2026-09-14 171340].wav,T03
GAL09_20260914_S1_D_MF_R06,20260914_0030,D,mf,38,87.33774603174604,87.33674603174603,87.33874603174603,T03_N008,38,87.33901723356009,102.41903900226757,CORRECT_PITCH_MATCH,1.27120181404905,1.27120181404905,AFTER,"1 exact-pitch, 1 octave-equivalent, 2 total persistent hypotheses; no timing-error ranking",T03_N008,/Volumes/SSD Track/JGA/recordings/double_bass/GALLEGATI_2009/session_20260914/metadata/JGA_DB_GALLEGATI_2009_SESSION_20260914 Project/Samples/Recorded/FISHMAN 0030 [2026-09-14 171340].wav,T03
GAL09_20260914_S1_D_MF_R07,20260914_0030,D,mf,38,102.92785260770975,102.92685260770975,102.92885260770976,T03_N007,38,102.91826802721089,116.71990839002268,CORRECT_PITCH_MATCH,-9.584580498867012,9.584580498867012,BEFORE,"1 exact-pitch, 2 octave-equivalent, 3 total persistent hypotheses; no timing-error ranking",T03_N007,/Volumes/SSD Track/JGA/recordings/double_bass/GALLEGATI_2009/session_20260914/metadata/JGA_DB_GALLEGATI_2009_SESSION_20260914 Project/Samples/Recorded/FISHMAN 0030 [2026-09-14 171340].wav,T03
GAL09_20260914_S1_D_MF_R08,20260914_0030,D,mf,38,117.1668514739229,117.16572562358277,117.16797732426303,T03_N006,38,117.17269750566894,133.658810430839,CORRECT_PITCH_MATCH,5.846031746031599,5.846031746031599,AFTER,"1 exact-pitch, 2 octave-equivalent, 3 total persistent hypotheses; no timing-error ranking",T03_N006,/Volumes/SSD Track/JGA/recordings/double_bass/GALLEGATI_2009/session_20260914/metadata/JGA_DB_GALLEGATI_2009_SESSION_20260914 Project/Samples/Recorded/FISHMAN 0030 [2026-09-14 171340].wav,T03
GAL09_20260914_S1_D_MF_R09,20260914_0030,D,mf,38,134.1783253968254,134.1771224489796,134.1795283446712,T03_N005,38,134.16964943310657,150.89828798185943,CORRECT_PITCH_MATCH,-8.675963718815183,8.675963718815183,BEFORE,"1 exact-pitch, 2 octave-equivalent, 3 total persistent hypotheses; no timing-error ranking",T03_N005,/Volumes/SSD Track/JGA/recordings/double_bass/GALLEGATI_2009/session_20260914/metadata/JGA_DB_GALLEGATI_2009_SESSION_20260914 Project/Samples/Recorded/FISHMAN 0030 [2026-09-14 171340].wav,T03
GAL09_20260914_S1_D_MF_R10,20260914_0030,D,mf,38,152.33292176870748,152.33179818594104,152.33404535147392,,,,,MULTIPLE_BP_CANDIDATES,,,,"2 exact-pitch, 2 octave-equivalent, 6 total persistent hypotheses; no timing-error ranking",T03_N002;T03_N003,/Volumes/SSD Track/JGA/recordings/double_bass/GALLEGATI_2009/session_20260914/metadata/JGA_DB_GALLEGATI_2009_SESSION_20260914 Project/Samples/Recorded/FISHMAN 0030 [2026-09-14 171340].wav,T03
GAL09_20260914_S1_G_MF_R01,20260914_0031,G,mf,43,6.0779750566893425,6.076975056689342,6.078975056689343,T04_N052,43,6.064259863945578,19.690466666666666,CORRECT_PITCH_MATCH,-13.715192743764426,13.715192743764426,BEFORE,"1 exact-pitch, 2 octave-equivalent, 10 total persistent hypotheses; no timing-error ranking",T04_N052,/Volumes/SSD Track/JGA/recordings/double_bass/GALLEGATI_2009/session_20260914/metadata/JGA_DB_GALLEGATI_2009_SESSION_20260914 Project/Samples/Recorded/FISHMAN 0031 [2026-09-14 171635].wav,T04
GAL09_20260914_S1_G_MF_R02,20260914_0031,G,mf,43,19.880043083900226,19.878888888888888,19.881888888888888,T04_N048,43,19.865900226757372,34.44540907029479,CORRECT_PITCH_MATCH,-14.142857142854126,14.142857142854126,BEFORE,"1 exact-pitch, 3 octave-equivalent, 11 total persistent hypotheses; no timing-error ranking",T04_N048,/Volumes/SSD Track/JGA/recordings/double_bass/GALLEGATI_2009/session_20260914/metadata/JGA_DB_GALLEGATI_2009_SESSION_20260914 Project/Samples/Recorded/FISHMAN 0031 [2026-09-14 171635].wav,T04
GAL09_20260914_S1_G_MF_R03,20260914_0031,G,mf,43,35.11472789115646,35.113727891156465,35.11572789115646,T04_N045,43,35.10717777777778,48.87398820861678,CORRECT_PITCH_MATCH,-7.550113378684387,7.550113378684387,BEFORE,"1 exact-pitch, 2 octave-equivalent, 13 total persistent hypotheses; no timing-error ranking",T04_N045,/Volumes/SSD Track/JGA/recordings/double_bass/GALLEGATI_2009/session_20260914/metadata/JGA_DB_GALLEGATI_2009_SESSION_20260914 Project/Samples/Recorded/FISHMAN 0031 [2026-09-14 171635].wav,T04
GAL09_20260914_S1_G_MF_R04,20260914_0031,G,mf,43,49.36092517006803,49.359925170068024,49.36192517006803,T04_N042,43,49.36160725623583,62.32732925170068,CORRECT_PITCH_MATCH,0.6820861677994117,0.6820861677994117,INSIDE,"1 exact-pitch, 1 octave-equivalent, 9 total persistent hypotheses; no timing-error ranking",T04_N042,/Volumes/SSD Track/JGA/recordings/double_bass/GALLEGATI_2009/session_20260914/metadata/JGA_DB_GALLEGATI_2009_SESSION_20260914 Project/Samples/Recorded/FISHMAN 0031 [2026-09-14 171635].wav,T04
GAL09_20260914_S1_G_MF_R05,20260914_0031,G,mf,43,63.68782879818594,63.6868843537415,63.6888843537415,T04_N034,43,63.67537052154195,78.73088843537415,CORRECT_PITCH_MATCH,-12.458276643990018,12.458276643990018,BEFORE,"1 exact-pitch, 2 octave-equivalent, 6 total persistent hypotheses; no timing-error ranking",T04_N034,/Volumes/SSD Track/JGA/recordings/double_bass/GALLEGATI_2009/session_20260914/metadata/JGA_DB_GALLEGATI_2009_SESSION_20260914 Project/Samples/Recorded/FISHMAN 0031 [2026-09-14 171635].wav,T04
GAL09_20260914_S1_G_MF_R06,20260914_0031,G,mf,43,79.9695850340136,79.96850793650793,79.97066213151928,T04_N030,43,79.96282993197279,95.13444761904762,CORRECT_PITCH_MATCH,-6.755102040813199,6.755102040813199,BEFORE,"1 exact-pitch, 2 octave-equivalent, 10 total persistent hypotheses; no timing-error ranking",T04_N030,/Volumes/SSD Track/JGA/recordings/double_bass/GALLEGATI_2009/session_20260914/metadata/JGA_DB_GALLEGATI_2009_SESSION_20260914 Project/Samples/Recorded/FISHMAN 0031 [2026-09-14 171635].wav,T04
GAL09_20260914_S1_G_MF_R07,20260914_0031,G,mf,43,96.286731292517,96.28558049886621,96.2878820861678,T04_N027,43,96.27350929705216,109.88939002267573,CORRECT_PITCH_MATCH,-13.221995464846259,13.221995464846259,BEFORE,"1 exact-pitch, 2 octave-equivalent, 10 total persistent hypotheses; no timing-error ranking",T04_N027,/Volumes/SSD Track/JGA/recordings/double_bass/GALLEGATI_2009/session_20260914/metadata/JGA_DB_GALLEGATI_2009_SESSION_20260914 Project/Samples/Recorded/FISHMAN 0031 [2026-09-14 171635].wav,T04
GAL09_20260914_S1_G_MF_R08,20260914_0031,G,mf,43,111.77980612244897,111.77872562358277,111.78088662131519,T04_N019,43,111.7714902494331,124.85202811791383,CORRECT_PITCH_MATCH,-8.315873015874331,8.315873015874331,BEFORE,"1 exact-pitch, 2 octave-equivalent, 12 total persistent hypotheses; no timing-error ranking",T04_N019,/Volumes/SSD Track/JGA/recordings/double_bass/GALLEGATI_2009/session_20260914/metadata/JGA_DB_GALLEGATI_2009_SESSION_20260914 Project/Samples/Recorded/FISHMAN 0031 [2026-09-14 171635].wav,T04
GAL09_20260914_S1_G_MF_R09,20260914_0031,G,mf,43,126.38368027210885,126.38268027210884,126.38468027210884,T04_N011,43,126.38582902494332,139.4096009070295,CORRECT_PITCH_MATCH,2.148752834472134,2.148752834472134,AFTER,"1 exact-pitch, 2 octave-equivalent, 8 total persistent hypotheses; no timing-error ranking",T04_N011,/Volumes/SSD Track/JGA/recordings/double_bass/GALLEGATI_2009/session_20260914/metadata/JGA_DB_GALLEGATI_2009_SESSION_20260914 Project/Samples/Recorded/FISHMAN 0031 [2026-09-14 171635].wav,T04
GAL09_20260914_S1_G_MF_R10,20260914_0031,G,mf,43,140.0836553287982,140.08265532879818,140.0846553287982,T04_N005,43,140.08297959183673,153.4782707482993,CORRECT_PITCH_MATCH,-0.6757369614547315,0.6757369614547315,INSIDE,"1 exact-pitch, 4 octave-equivalent, 14 total persistent hypotheses; no timing-error ranking",T04_N005,/Volumes/SSD Track/JGA/recordings/double_bass/GALLEGATI_2009/session_20260914/metadata/JGA_DB_GALLEGATI_2009_SESSION_20260914 Project/Samples/Recorded/FISHMAN 0031 [2026-09-14 171635].wav,T04
GAL09_20260914_S2_E_CN_R01,20260914_0033,E,comfortable-natural,28,3.4649739229024945,3.463814058956916,3.4661337868480726,T05_N018,28,3.507497052154195,13.126977777777778,CORRECT_PITCH_MATCH,42.52312925170054,42.52312925170054,AFTER,"1 exact-pitch, 2 octave-equivalent, 3 total persistent hypotheses; no timing-error ranking",T05_N018,/Volumes/SSD Track/JGA/recordings/double_bass/GALLEGATI_2009/session_20260914/metadata/JGA_DB_GALLEGATI_2009_SESSION_20260914 Project/Samples/Recorded/FISHMAN 0033 [2026-09-14 172532].wav,T05
GAL09_20260914_S2_E_CN_R02,20260914_0033,E,comfortable-natural,28,16.026685941043084,16.025591836734694,16.027780045351474,T05_N016,28,16.055259863945576,24.605338775510205,CORRECT_PITCH_MATCH,28.573922902491944,28.573922902491944,AFTER,"1 exact-pitch, 1 octave-equivalent, 2 total persistent hypotheses; no timing-error ranking",T05_N016,/Volumes/SSD Track/JGA/recordings/double_bass/GALLEGATI_2009/session_20260914/metadata/JGA_DB_GALLEGATI_2009_SESSION_20260914 Project/Samples/Recorded/FISHMAN 0033 [2026-09-14 172532].wav,T05
GAL09_20260914_S2_E_CN_R03,20260914_0033,E,comfortable-natural,28,26.875384353741495,26.8743537414966,26.876414965986395,,,,,MULTIPLE_BP_CANDIDATES,,,,"2 exact-pitch, 1 octave-equivalent, 3 total persistent hypotheses; no timing-error ranking",T05_N013;T05_N034,/Volumes/SSD Track/JGA/recordings/double_bass/GALLEGATI_2009/session_20260914/metadata/JGA_DB_GALLEGATI_2009_SESSION_20260914 Project/Samples/Recorded/FISHMAN 0033 [2026-09-14 172532].wav,T05
GAL09_20260914_S2_E_CN_R04,20260914_0033,E,comfortable-natural,28,37.54161224489796,37.54061224489796,37.54261224489796,,,,,MULTIPLE_BP_CANDIDATES,,,,"2 exact-pitch, 4 octave-equivalent, 6 total persistent hypotheses; no timing-error ranking",T05_N012;T05_N032,/Volumes/SSD Track/JGA/recordings/double_bass/GALLEGATI_2009/session_20260914/metadata/JGA_DB_GALLEGATI_2009_SESSION_20260914 Project/Samples/Recorded/FISHMAN 0033 [2026-09-14 172532].wav,T05
GAL09_20260914_S2_E_CN_R05,20260914_0033,E,comfortable-natural,28,48.37285827664399,48.37165759637188,48.3740589569161,T05_N011,28,48.351539229024944,55.76384036281179,CORRECT_PITCH_MATCH,-21.319047619044795,21.319047619044795,BEFORE,"1 exact-pitch, 4 octave-equivalent, 5 total persistent hypotheses; no timing-error ranking",T05_N011,/Volumes/SSD Track/JGA/recordings/double_bass/GALLEGATI_2009/session_20260914/metadata/JGA_DB_GALLEGATI_2009_SESSION_20260914 Project/Samples/Recorded/FISHMAN 0033 [2026-09-14 172532].wav,T05
GAL09_20260914_S2_E_CN_R06,20260914_0033,E,comfortable-natural,28,58.97467800453515,58.973678004535145,58.97567800453515,T05_N008,28,58.911428117913836,70.49427891156463,CORRECT_PITCH_MATCH,-63.24988662131403,63.24988662131403,BEFORE,"1 exact-pitch, 2 octave-equivalent, 3 total persistent hypotheses; no timing-error ranking",T05_N008,/Volumes/SSD Track/JGA/recordings/double_bass/GALLEGATI_2009/session_20260914/metadata/JGA_DB_GALLEGATI_2009_SESSION_20260914 Project/Samples/Recorded/FISHMAN 0033 [2026-09-14 172532].wav,T05
GAL09_20260914_S2_E_CN_R07,20260914_0033,E,comfortable-natural,28,71.68974376417233,71.68874376417233,71.69074376417234,T05_N007,28,71.69139047619048,82.3325492063492,CORRECT_PITCH_MATCH,1.6467120181431483,1.6467120181431483,AFTER,"1 exact-pitch, 3 octave-equivalent, 4 total persistent hypotheses; no timing-error ranking",T05_N007,/Volumes/SSD Track/JGA/recordings/double_bass/GALLEGATI_2009/session_20260914/metadata/JGA_DB_GALLEGATI_2009_SESSION_20260914 Project/Samples/Recorded/FISHMAN 0033 [2026-09-14 172532].wav,T05
GAL09_20260914_S2_E_CN_R08,20260914_0033,E,comfortable-natural,28,83.15163832199546,83.15056235827664,83.15271428571428,T05_N005,28,83.0871977324263,93.33361723356009,CORRECT_PITCH_MATCH,-64.4405895691591,64.4405895691591,BEFORE,"1 exact-pitch, 2 octave-equivalent, 3 total persistent hypotheses; no timing-error ranking",T05_N005,/Volumes/SSD Track/JGA/recordings/double_bass/GALLEGATI_2009/session_20260914/metadata/JGA_DB_GALLEGATI_2009_SESSION_20260914 Project/Samples/Recorded/FISHMAN 0033 [2026-09-14 172532].wav,T05
GAL09_20260914_S2_E_CN_R09,20260914_0033,E,comfortable-natural,28,93.30247845804989,93.30147845804989,93.30347845804988,T05_N002,28,93.33361723356009,104.93968798185941,CORRECT_PITCH_MATCH,31.13877551020039,31.13877551020039,AFTER,"1 exact-pitch, 3 octave-equivalent, 4 total persistent hypotheses; no timing-error ranking",T05_N002,/Volumes/SSD Track/JGA/recordings/double_bass/GALLEGATI_2009/session_20260914/metadata/JGA_DB_GALLEGATI_2009_SESSION_20260914 Project/Samples/Recorded/FISHMAN 0033 [2026-09-14 172532].wav,T05
GAL09_20260914_S2_E_CN_R10,20260914_0033,E,comfortable-natural,28,105.55883219954649,105.55783219954648,105.55983219954649,T05_N001,28,105.4982507936508,117.40618095238096,CORRECT_PITCH_MATCH,-60.5814058956895,60.5814058956895,BEFORE,"1 exact-pitch, 4 octave-equivalent, 5 total persistent hypotheses; no timing-error ranking",T05_N001,/Volumes/SSD Track/JGA/recordings/double_bass/GALLEGATI_2009/session_20260914/metadata/JGA_DB_GALLEGATI_2009_SESSION_20260914 Project/Samples/Recorded/FISHMAN 0033 [2026-09-14 172532].wav,T05
GAL09_20260914_S2_A_CN_R01,20260914_0034,A,comfortable-natural,33,2.5904943310657598,2.5894943310657594,2.5914943310657597,,,,,MULTIPLE_BP_CANDIDATES,,,,"2 exact-pitch, 0 octave-equivalent, 3 total persistent hypotheses; no timing-error ranking",T06_N012;T06_N013,/Volumes/SSD Track/JGA/recordings/double_bass/GALLEGATI_2009/session_20260914/metadata/JGA_DB_GALLEGATI_2009_SESSION_20260914 Project/Samples/Recorded/FISHMAN 0034 [2026-09-14 172540].wav,T06
GAL09_20260914_S2_A_CN_R02,20260914_0034,A,comfortable-natural,33,16.25178798185941,16.25073015873016,16.252845804988663,T06_N011,33,16.21779954648526,30.193589569160995,CORRECT_PITCH_MATCH,-33.98843537415175,33.98843537415175,BEFORE,"1 exact-pitch, 0 octave-equivalent, 1 total persistent hypotheses; no timing-error ranking",T06_N011,/Volumes/SSD Track/JGA/recordings/double_bass/GALLEGATI_2009/session_20260914/metadata/JGA_DB_GALLEGATI_2009_SESSION_20260914 Project/Samples/Recorded/FISHMAN 0034 [2026-09-14 172540].wav,T06
GAL09_20260914_S2_A_CN_R03,20260914_0034,A,comfortable-natural,33,30.66712471655329,30.666124716553288,30.668124716553287,T06_N010,33,30.646378684807257,45.20266757369615,CORRECT_PITCH_MATCH,-20.7460317460324,20.7460317460324,BEFORE,"1 exact-pitch, 0 octave-equivalent, 1 total persistent hypotheses; no timing-error ranking",T06_N010,/Volumes/SSD Track/JGA/recordings/double_bass/GALLEGATI_2009/session_20260914/metadata/JGA_DB_GALLEGATI_2009_SESSION_20260914 Project/Samples/Recorded/FISHMAN 0034 [2026-09-14 172540].wav,T06
GAL09_20260914_S2_A_CN_R04,20260914_0034,A,comfortable-natural,33,45.60701814058957,45.60601814058957,45.60801814058957,T06_N009,33,45.58579682539683,59.713800453514736,CORRECT_PITCH_MATCH,-21.221315192740065,21.221315192740065,BEFORE,"1 exact-pitch, 0 octave-equivalent, 1 total persistent hypotheses; no timing-error ranking",T06_N009,/Volumes/SSD Track/JGA/recordings/double_bass/GALLEGATI_2009/session_20260914/metadata/JGA_DB_GALLEGATI_2009_SESSION_20260914 Project/Samples/Recorded/FISHMAN 0034 [2026-09-14 172540].wav,T06
GAL09_20260914_S2_A_CN_R05,20260914_0034,A,comfortable-natural,33,60.15082086167801,60.149689342403626,60.152689342403626,T06_N008,33,60.1317596371882,74.00305986394558,CORRECT_PITCH_MATCH,-19.061224489803408,19.061224489803408,BEFORE,"1 exact-pitch, 0 octave-equivalent, 1 total persistent hypotheses; no timing-error ranking",T06_N008,/Volumes/SSD Track/JGA/recordings/double_bass/GALLEGATI_2009/session_20260914/metadata/JGA_DB_GALLEGATI_2009_SESSION_20260914 Project/Samples/Recorded/FISHMAN 0034 [2026-09-14 172540].wav,T06
GAL09_20260914_S2_A_CN_R06,20260914_0034,A,comfortable-natural,33,74.37897278911565,74.37797278911565,74.37997278911564,T06_N007,33,74.35135918367347,85.0853977324263,CORRECT_PITCH_MATCH,-27.613605442184053,27.613605442184053,BEFORE,"1 exact-pitch, 0 octave-equivalent, 1 total persistent hypotheses; no timing-error ranking",T06_N007,/Volumes/SSD Track/JGA/recordings/double_bass/GALLEGATI_2009/session_20260914/metadata/JGA_DB_GALLEGATI_2009_SESSION_20260914 Project/Samples/Recorded/FISHMAN 0034 [2026-09-14 172540].wav,T06
GAL09_20260914_S2_A_CN_R07,20260914_0034,A,comfortable-natural,33,85.3745589569161,85.3734126984127,85.3757052154195,T06_N006,33,85.35242721088436,97.73765034013606,CORRECT_PITCH_MATCH,-22.131746031746502,22.131746031746502,BEFORE,"1 exact-pitch, 0 octave-equivalent, 6 total persistent hypotheses; no timing-error ranking",T06_N006,/Volumes/SSD Track/JGA/recordings/double_bass/GALLEGATI_2009/session_20260914/metadata/JGA_DB_GALLEGATI_2009_SESSION_20260914 Project/Samples/Recorded/FISHMAN 0034 [2026-09-14 172540].wav,T06
GAL09_20260914_S2_A_CN_R08,20260914_0034,A,comfortable-natural,33,98.17235487528345,98.17120181405896,98.17350793650793,T06_N004,33,98.132389569161,112.23588934240362,CORRECT_PITCH_MATCH,-39.96530612243987,39.96530612243987,BEFORE,"1 exact-pitch, 0 octave-equivalent, 1 total persistent hypotheses; no timing-error ranking",T06_N004,/Volumes/SSD Track/JGA/recordings/double_bass/GALLEGATI_2009/session_20260914/metadata/JGA_DB_GALLEGATI_2009_SESSION_20260914 Project/Samples/Recorded/FISHMAN 0034 [2026-09-14 172540].wav,T06
GAL09_20260914_S2_A_CN_R09,20260914_0034,A,comfortable-natural,33,112.49410657596371,112.49310657596372,112.49510657596372,T06_N003,33,112.50291882086168,127.14047755102041,CORRECT_PITCH_MATCH,8.812244897967503,8.812244897967503,AFTER,"1 exact-pitch, 0 octave-equivalent, 1 total persistent hypotheses; no timing-error ranking",T06_N003,/Volumes/SSD Track/JGA/recordings/double_bass/GALLEGATI_2009/session_20260914/metadata/JGA_DB_GALLEGATI_2009_SESSION_20260914 Project/Samples/Recorded/FISHMAN 0034 [2026-09-14 172540].wav,T06
GAL09_20260914_S2_A_CN_R10,20260914_0034,A,comfortable-natural,33,127.40990589569161,127.40887074829932,127.4109410430839,,,,,MULTIPLE_BP_CANDIDATES,,,,"2 exact-pitch, 0 octave-equivalent, 2 total persistent hypotheses; no timing-error ranking",T06_N001;T06_N002,/Volumes/SSD Track/JGA/recordings/double_bass/GALLEGATI_2009/session_20260914/metadata/JGA_DB_GALLEGATI_2009_SESSION_20260914 Project/Samples/Recorded/FISHMAN 0034 [2026-09-14 172540].wav,T06
GAL09_20260914_S2_D_CN_R01,20260914_0035,D,comfortable-natural,38,2.584026077097506,2.5827619047619046,2.5852902494331067,T07_N014,38,2.64835873015873,15.43864716553288,CORRECT_PITCH_MATCH,64.33265306122405,64.33265306122405,AFTER,"1 exact-pitch, 1 octave-equivalent, 2 total persistent hypotheses; no timing-error ranking",T07_N014,/Volumes/SSD Track/JGA/recordings/double_bass/GALLEGATI_2009/session_20260914/metadata/JGA_DB_GALLEGATI_2009_SESSION_20260914 Project/Samples/Recorded/FISHMAN 0035 [2026-09-14 172741].wav,T07
GAL09_20260914_S2_D_CN_R02,20260914_0035,D,comfortable-natural,38,16.130236961451246,16.129163265306122,16.131310657596373,T07_N013,38,16.11330975056689,27.38140725623583,CORRECT_PITCH_MATCH,-16.927210884354338,16.927210884354338,BEFORE,"1 exact-pitch, 2 octave-equivalent, 3 total persistent hypotheses; no timing-error ranking",T07_N013,/Volumes/SSD Track/JGA/recordings/double_bass/GALLEGATI_2009/session_20260914/metadata/JGA_DB_GALLEGATI_2009_SESSION_20260914 Project/Samples/Recorded/FISHMAN 0035 [2026-09-14 172741].wav,T07
GAL09_20260914_S2_D_CN_R03,20260914_0035,D,comfortable-natural,38,27.835951247165532,27.834861678004536,27.83704081632653,T07_N012,38,27.881920181405896,38.56951882086168,CORRECT_PITCH_MATCH,45.968934240363524,45.968934240363524,AFTER,"1 exact-pitch, 2 octave-equivalent, 3 total persistent hypotheses; no timing-error ranking",T07_N012,/Volumes/SSD Track/JGA/recordings/double_bass/GALLEGATI_2009/session_20260914/metadata/JGA_DB_GALLEGATI_2009_SESSION_20260914 Project/Samples/Recorded/FISHMAN 0035 [2026-09-14 172741].wav,T07
GAL09_20260914_S2_D_CN_R04,20260914_0035,D,comfortable-natural,38,38.90980725623583,38.908807256235825,38.91080725623583,T07_N010,38,38.89459818594104,50.3613492063492,CORRECT_PITCH_MATCH,-15.209070294787352,15.209070294787352,BEFORE,"1 exact-pitch, 3 octave-equivalent, 4 total persistent hypotheses; no timing-error ranking",T07_N010,/Volumes/SSD Track/JGA/recordings/double_bass/GALLEGATI_2009/session_20260914/metadata/JGA_DB_GALLEGATI_2009_SESSION_20260914 Project/Samples/Recorded/FISHMAN 0035 [2026-09-14 172741].wav,T07
GAL09_20260914_S2_D_CN_R05,20260914_0035,D,comfortable-natural,38,50.76001020408163,50.75899092970521,50.76102947845805,T07_N009,38,50.756088435374146,62.84977823129252,CORRECT_PITCH_MATCH,-3.9217687074852847,3.9217687074852847,BEFORE,"1 exact-pitch, 2 octave-equivalent, 3 total persistent hypotheses; no timing-error ranking",T07_N009,/Volumes/SSD Track/JGA/recordings/double_bass/GALLEGATI_2009/session_20260914/metadata/JGA_DB_GALLEGATI_2009_SESSION_20260914 Project/Samples/Recorded/FISHMAN 0035 [2026-09-14 172741].wav,T07
GAL09_20260914_S2_D_CN_R06,20260914_0035,D,comfortable-natural,38,63.42985260770975,63.42885260770975,63.43085260770975,T07_N008,38,63.43027709750567,76.10574965986395,CORRECT_PITCH_MATCH,0.4244897959253535,0.4244897959253535,INSIDE,"1 exact-pitch, 1 octave-equivalent, 2 total persistent hypotheses; no timing-error ranking",T07_N008,/Volumes/SSD Track/JGA/recordings/double_bass/GALLEGATI_2009/session_20260914/metadata/JGA_DB_GALLEGATI_2009_SESSION_20260914 Project/Samples/Recorded/FISHMAN 0035 [2026-09-14 172741].wav,T07
GAL09_20260914_S2_D_CN_R07,20260914_0035,D,comfortable-natural,38,76.91308843537415,76.91208843537414,76.91408843537415,T07_N006,38,76.9068380952381,89.03535782312926,CORRECT_PITCH_MATCH,-6.250340136048749,6.250340136048749,BEFORE,"1 exact-pitch, 2 octave-equivalent, 3 total persistent hypotheses; no timing-error ranking",T07_N006,/Volumes/SSD Track/JGA/recordings/double_bass/GALLEGATI_2009/session_20260914/metadata/JGA_DB_GALLEGATI_2009_SESSION_20260914 Project/Samples/Recorded/FISHMAN 0035 [2026-09-14 172741].wav,T07
GAL09_20260914_S2_D_CN_R08,20260914_0035,D,comfortable-natural,38,89.4532403628118,89.45224036281179,89.45424036281179,T07_N004,38,89.43138095238095,102.2216693877551,CORRECT_PITCH_MATCH,-21.85941043084938,21.85941043084938,BEFORE,"1 exact-pitch, 1 octave-equivalent, 2 total persistent hypotheses; no timing-error ranking",T07_N004,/Volumes/SSD Track/JGA/recordings/double_bass/GALLEGATI_2009/session_20260914/metadata/JGA_DB_GALLEGATI_2009_SESSION_20260914 Project/Samples/Recorded/FISHMAN 0035 [2026-09-14 172741].wav,T07
GAL09_20260914_S2_D_CN_R09,20260914_0035,D,comfortable-natural,38,102.55956009070294,102.55856009070295,102.56056009070295,T07_N003,38,102.54674875283446,116.45287891156462,CORRECT_PITCH_MATCH,-12.81133786848443,12.81133786848443,BEFORE,"1 exact-pitch, 1 octave-equivalent, 2 total persistent hypotheses; no timing-error ranking",T07_N003,/Volumes/SSD Track/JGA/recordings/double_bass/GALLEGATI_2009/session_20260914/metadata/JGA_DB_GALLEGATI_2009_SESSION_20260914 Project/Samples/Recorded/FISHMAN 0035 [2026-09-14 172741].wav,T07
GAL09_20260914_S2_D_CN_R10,20260914_0035,D,comfortable-natural,38,116.82304535147392,116.82204535147392,116.82404535147393,T07_N001,38,116.82439818594105,129.74368027210886,CORRECT_PITCH_MATCH,1.3528344671271952,1.3528344671271952,AFTER,"1 exact-pitch, 1 octave-equivalent, 5 total persistent hypotheses; no timing-error ranking",T07_N001,/Volumes/SSD Track/JGA/recordings/double_bass/GALLEGATI_2009/session_20260914/metadata/JGA_DB_GALLEGATI_2009_SESSION_20260914 Project/Samples/Recorded/FISHMAN 0035 [2026-09-14 172741].wav,T07
GAL09_20260914_S2_G_CN_R01,20260914_0036,G,comfortable-natural,43,2.316,2.315,2.317,T08_N019,43,2.311669387755102,14.765268480725624,CORRECT_PITCH_MATCH,-4.330612244897836,4.330612244897836,BEFORE,"1 exact-pitch, 1 octave-equivalent, 2 total persistent hypotheses; no timing-error ranking",T08_N019,/Volumes/SSD Track/JGA/recordings/double_bass/GALLEGATI_2009/session_20260914/metadata/JGA_DB_GALLEGATI_2009_SESSION_20260914 Project/Samples/Recorded/FISHMAN 0036 [2026-09-14 173009].wav,T08
GAL09_20260914_S2_G_CN_R02,20260914_0036,G,comfortable-natural,43,15.061080498866213,15.059897959183674,15.063263038548753,T08_N018,43,15.0555179138322,26.754468480725624,CORRECT_PITCH_MATCH,-5.562585034013523,5.562585034013523,BEFORE,"1 exact-pitch, 1 octave-equivalent, 2 total persistent hypotheses; no timing-error ranking",T08_N018,/Volumes/SSD Track/JGA/recordings/double_bass/GALLEGATI_2009/session_20260914/metadata/JGA_DB_GALLEGATI_2009_SESSION_20260914 Project/Samples/Recorded/FISHMAN 0036 [2026-09-14 173009].wav,T08
GAL09_20260914_S2_G_CN_R03,20260914_0036,G,comfortable-natural,43,27.70567233560091,27.70465759637188,27.706687074829933,T08_N017,43,27.706486621315193,38.00062993197279,CORRECT_PITCH_MATCH,0.8142857142843241,0.8142857142843241,INSIDE,"1 exact-pitch, 1 octave-equivalent, 2 total persistent hypotheses; no timing-error ranking",T08_N017,/Volumes/SSD Track/JGA/recordings/double_bass/GALLEGATI_2009/session_20260914/metadata/JGA_DB_GALLEGATI_2009_SESSION_20260914 Project/Samples/Recorded/FISHMAN 0036 [2026-09-14 173009].wav,T08
GAL09_20260914_S2_G_CN_R04,20260914_0036,G,comfortable-natural,43,38.71863265306123,38.71763265306122,38.719632653061225,T08_N015,43,38.70883854875284,48.514078911564624,CORRECT_PITCH_MATCH,-9.794104308390672,9.794104308390672,BEFORE,"1 exact-pitch, 0 octave-equivalent, 1 total persistent hypotheses; no timing-error ranking",T08_N015,/Volumes/SSD Track/JGA/recordings/double_bass/GALLEGATI_2009/session_20260914/metadata/JGA_DB_GALLEGATI_2009_SESSION_20260914 Project/Samples/Recorded/FISHMAN 0036 [2026-09-14 173009].wav,T08
GAL09_20260914_S2_G_CN_R05,20260914_0036,G,comfortable-natural,43,48.77366553287982,48.772557823129254,48.77477324263039,T08_N012,43,48.76949841269841,58.354149206349206,CORRECT_PITCH_MATCH,-4.167120181406858,4.167120181406858,BEFORE,"1 exact-pitch, 0 octave-equivalent, 1 total persistent hypotheses; no timing-error ranking",T08_N012,/Volumes/SSD Track/JGA/recordings/double_bass/GALLEGATI_2009/session_20260914/metadata/JGA_DB_GALLEGATI_2009_SESSION_20260914 Project/Samples/Recorded/FISHMAN 0036 [2026-09-14 173009].wav,T08
GAL09_20260914_S2_G_CN_R06,20260914_0036,G,comfortable-natural,43,58.61310657596372,58.61210657596372,58.61410657596372,T08_N011,43,58.59795873015873,70.74969841269842,CORRECT_PITCH_MATCH,-15.147845804989402,15.147845804989402,BEFORE,"1 exact-pitch, 1 octave-equivalent, 2 total persistent hypotheses; no timing-error ranking",T08_N011,/Volumes/SSD Track/JGA/recordings/double_bass/GALLEGATI_2009/session_20260914/metadata/JGA_DB_GALLEGATI_2009_SESSION_20260914 Project/Samples/Recorded/FISHMAN 0036 [2026-09-14 173009].wav,T08
GAL09_20260914_S2_G_CN_R07,20260914_0036,G,comfortable-natural,43,71.64406009070295,71.6426485260771,71.6454716553288,T08_N010,43,71.63334058956916,82.32093922902494,CORRECT_PITCH_MATCH,-10.719501133792164,10.719501133792164,BEFORE,"1 exact-pitch, 1 octave-equivalent, 2 total persistent hypotheses; no timing-error ranking",T08_N010,/Volumes/SSD Track/JGA/recordings/double_bass/GALLEGATI_2009/session_20260914/metadata/JGA_DB_GALLEGATI_2009_SESSION_20260914 Project/Samples/Recorded/FISHMAN 0036 [2026-09-14 173009].wav,T08
GAL09_20260914_S2_G_CN_R08,20260914_0036,G,comfortable-natural,43,82.93145578231292,82.93045578231292,82.93245578231293,T08_N008,43,82.92465804988662,94.31013922902494,CORRECT_PITCH_MATCH,-6.7977324263068795,6.7977324263068795,BEFORE,"1 exact-pitch, 1 octave-equivalent, 9 total persistent hypotheses; no timing-error ranking",T08_N008,/Volumes/SSD Track/JGA/recordings/double_bass/GALLEGATI_2009/session_20260914/metadata/JGA_DB_GALLEGATI_2009_SESSION_20260914 Project/Samples/Recorded/FISHMAN 0036 [2026-09-14 173009].wav,T08
GAL09_20260914_S2_G_CN_R09,20260914_0036,G,comfortable-natural,43,94.68881405895692,94.68781405895692,94.68981405895691,T08_N003,43,94.68165850340137,106.76373832199546,CORRECT_PITCH_MATCH,-7.155555555556248,7.155555555556248,BEFORE,"1 exact-pitch, 1 octave-equivalent, 2 total persistent hypotheses; no timing-error ranking",T08_N003,/Volumes/SSD Track/JGA/recordings/double_bass/GALLEGATI_2009/session_20260914/metadata/JGA_DB_GALLEGATI_2009_SESSION_20260914 Project/Samples/Recorded/FISHMAN 0036 [2026-09-14 173009].wav,T08
GAL09_20260914_S2_G_CN_R10,20260914_0036,G,comfortable-natural,43,106.75772562358277,106.75672562358277,106.75872562358276,T08_N001,43,106.76373832199546,118.13760952380953,CORRECT_PITCH_MATCH,6.012698412689588,6.012698412689588,AFTER,"1 exact-pitch, 3 octave-equivalent, 4 total persistent hypotheses; no timing-error ranking",T08_N001,/Volumes/SSD Track/JGA/recordings/double_bass/GALLEGATI_2009/session_20260914/metadata/JGA_DB_GALLEGATI_2009_SESSION_20260914 Project/Samples/Recorded/FISHMAN 0036 [2026-09-14 173009].wav,T08
GAL09_20260914_S3_E_F_R01,20260914_0037,E,forte,28,2.0068208616780043,2.005641723356009,2.008,T09_N028,28,2.033029931972789,9.850396371882086,CORRECT_PITCH_MATCH,26.20907029478481,26.20907029478481,AFTER,"1 exact-pitch, 5 octave-equivalent, 8 total persistent hypotheses; no timing-error ranking",T09_N028,/Volumes/SSD Track/JGA/recordings/double_bass/GALLEGATI_2009/session_20260914/metadata/JGA_DB_GALLEGATI_2009_SESSION_20260914 Project/Samples/Recorded/FISHMAN 0037 [2026-09-14 173227].wav,T09
GAL09_20260914_S3_E_F_R02,20260914_0037,E,forte,28,15.12959410430839,15.128594104308391,15.13059410430839,T09_N023,28,15.148397732426304,25.895330158730157,CORRECT_PITCH_MATCH,18.803628117913362,18.803628117913362,AFTER,"1 exact-pitch, 3 octave-equivalent, 5 total persistent hypotheses; no timing-error ranking",T09_N023,/Volumes/SSD Track/JGA/recordings/double_bass/GALLEGATI_2009/session_20260914/metadata/JGA_DB_GALLEGATI_2009_SESSION_20260914 Project/Samples/Recorded/FISHMAN 0037 [2026-09-14 173227].wav,T09
GAL09_20260914_S3_E_F_R03,20260914_0037,E,forte,28,26.205315192743765,26.20428344671202,26.20634693877551,T09_N018,28,26.24362947845805,34.44540907029479,CORRECT_PITCH_MATCH,38.314285714285745,38.314285714285745,AFTER,"1 exact-pitch, 3 octave-equivalent, 4 total persistent hypotheses; no timing-error ranking",T09_N018,/Volumes/SSD Track/JGA/recordings/double_bass/GALLEGATI_2009/session_20260914/metadata/JGA_DB_GALLEGATI_2009_SESSION_20260914 Project/Samples/Recorded/FISHMAN 0037 [2026-09-14 173227].wav,T09
GAL09_20260914_S3_E_F_R04,20260914_0037,E,forte,28,37.464410430839,37.463410430839005,37.465410430839,T09_N016,28,37.43045714285714,47.5607768707483,CORRECT_PITCH_MATCH,-33.95328798185915,33.95328798185915,BEFORE,"1 exact-pitch, 1 octave-equivalent, 2 total persistent hypotheses; no timing-error ranking",T09_N016,/Volumes/SSD Track/JGA/recordings/double_bass/GALLEGATI_2009/session_20260914/metadata/JGA_DB_GALLEGATI_2009_SESSION_20260914 Project/Samples/Recorded/FISHMAN 0037 [2026-09-14 173227].wav,T09
GAL09_20260914_S3_E_F_R05,20260914_0037,E,forte,28,47.81432653061224,47.813326530612244,47.815326530612246,T09_N012,28,47.84070022675737,55.76384036281179,CORRECT_PITCH_MATCH,26.373696145128633,26.373696145128633,AFTER,"1 exact-pitch, 3 octave-equivalent, 4 total persistent hypotheses; no timing-error ranking",T09_N012,/Volumes/SSD Track/JGA/recordings/double_bass/GALLEGATI_2009/session_20260914/metadata/JGA_DB_GALLEGATI_2009_SESSION_20260914 Project/Samples/Recorded/FISHMAN 0037 [2026-09-14 173227].wav,T09
GAL09_20260914_S3_E_F_R06,20260914_0037,E,forte,28,59.5097074829932,59.508707482993195,59.5107074829932,T09_N010,28,59.53836689342404,70.36656916099774,CORRECT_PITCH_MATCH,28.659410430840637,28.659410430840637,AFTER,"1 exact-pitch, 2 octave-equivalent, 3 total persistent hypotheses; no timing-error ranking",T09_N010,/Volumes/SSD Track/JGA/recordings/double_bass/GALLEGATI_2009/session_20260914/metadata/JGA_DB_GALLEGATI_2009_SESSION_20260914 Project/Samples/Recorded/FISHMAN 0037 [2026-09-14 173227].wav,T09
GAL09_20260914_S3_E_F_R07,20260914_0037,E,forte,28,70.75956462585035,70.75856462585034,70.76056462585034,T09_N009,28,70.79613832199547,80.86840816326531,CORRECT_PITCH_MATCH,36.57369614512618,36.57369614512618,AFTER,"1 exact-pitch, 3 octave-equivalent, 4 total persistent hypotheses; no timing-error ranking",T09_N009,/Volumes/SSD Track/JGA/recordings/double_bass/GALLEGATI_2009/session_20260914/metadata/JGA_DB_GALLEGATI_2009_SESSION_20260914 Project/Samples/Recorded/FISHMAN 0037 [2026-09-14 173227].wav,T09
GAL09_20260914_S3_E_F_R08,20260914_0037,E,forte,28,81.15355102040816,81.15151927437641,81.15458276643992,T09_N007,28,81.11221768707483,91.46441088435374,CORRECT_PITCH_MATCH,-41.333333333327005,41.333333333327005,BEFORE,"1 exact-pitch, 3 octave-equivalent, 4 total persistent hypotheses; no timing-error ranking",T09_N007,/Volumes/SSD Track/JGA/recordings/double_bass/GALLEGATI_2009/session_20260914/metadata/JGA_DB_GALLEGATI_2009_SESSION_20260914 Project/Samples/Recorded/FISHMAN 0037 [2026-09-14 173227].wav,T09
GAL09_20260914_S3_E_F_R09,20260914_0037,E,forte,28,91.79951247165533,91.79851247165533,91.80051247165532,T09_N005,28,91.73144036281178,102.04751972789116,CORRECT_PITCH_MATCH,-68.07210884355186,68.07210884355186,BEFORE,"1 exact-pitch, 4 octave-equivalent, 10 total persistent hypotheses; no timing-error ranking",T09_N005,/Volumes/SSD Track/JGA/recordings/double_bass/GALLEGATI_2009/session_20260914/metadata/JGA_DB_GALLEGATI_2009_SESSION_20260914 Project/Samples/Recorded/FISHMAN 0037 [2026-09-14 173227].wav,T09
GAL09_20260914_S3_E_F_R10,20260914_0037,E,forte,28,103.00875056689343,103.00775056689342,103.00975056689343,T09_N001,28,103.04597777777778,113.1879074829932,CORRECT_PITCH_MATCH,37.22721088435321,37.22721088435321,AFTER,"1 exact-pitch, 2 octave-equivalent, 4 total persistent hypotheses; no timing-error ranking",T09_N001,/Volumes/SSD Track/JGA/recordings/double_bass/GALLEGATI_2009/session_20260914/metadata/JGA_DB_GALLEGATI_2009_SESSION_20260914 Project/Samples/Recorded/FISHMAN 0037 [2026-09-14 173227].wav,T09
GAL09_20260914_S3_A_F_R01,20260914_0038,A,forte,33,2.02878231292517,2.02778231292517,2.02978231292517,T10_N015,33,2.033029931972789,16.949228117913833,CORRECT_PITCH_MATCH,4.247619047619278,4.247619047619278,AFTER,"1 exact-pitch, 0 octave-equivalent, 1 total persistent hypotheses; no timing-error ranking",T10_N015,/Volumes/SSD Track/JGA/recordings/double_bass/GALLEGATI_2009/session_20260914/metadata/JGA_DB_GALLEGATI_2009_SESSION_20260914 Project/Samples/Recorded/FISHMAN 0038 [2026-09-14 173542].wav,T10
GAL09_20260914_S3_A_F_R02,20260914_0038,A,forte,33,17.662951247165534,17.66175283446712,17.664149659863945,,,,,MULTIPLE_BP_CANDIDATES,,,,"2 exact-pitch, 0 octave-equivalent, 2 total persistent hypotheses; no timing-error ranking",T10_N013;T10_N014,/Volumes/SSD Track/JGA/recordings/double_bass/GALLEGATI_2009/session_20260914/metadata/JGA_DB_GALLEGATI_2009_SESSION_20260914 Project/Samples/Recorded/FISHMAN 0038 [2026-09-14 173542].wav,T10
GAL09_20260914_S3_A_F_R03,20260914_0038,A,forte,33,33.05854421768707,33.057544217687074,33.059544217687076,,,,,MULTIPLE_BP_CANDIDATES,,,,"2 exact-pitch, 0 octave-equivalent, 2 total persistent hypotheses; no timing-error ranking",T10_N010;T10_N011,/Volumes/SSD Track/JGA/recordings/double_bass/GALLEGATI_2009/session_20260914/metadata/JGA_DB_GALLEGATI_2009_SESSION_20260914 Project/Samples/Recorded/FISHMAN 0038 [2026-09-14 173542].wav,T10
GAL09_20260914_S3_A_F_R04,20260914_0038,A,forte,33,47.61371655328798,47.61271655328798,47.614716553287984,T10_N009,33,47.642046712018136,60.94445804988662,CORRECT_PITCH_MATCH,28.33015873015654,28.33015873015654,AFTER,"1 exact-pitch, 0 octave-equivalent, 1 total persistent hypotheses; no timing-error ranking",T10_N009,/Volumes/SSD Track/JGA/recordings/double_bass/GALLEGATI_2009/session_20260914/metadata/JGA_DB_GALLEGATI_2009_SESSION_20260914 Project/Samples/Recorded/FISHMAN 0038 [2026-09-14 173542].wav,T10
GAL09_20260914_S3_A_F_R05,20260914_0038,A,forte,33,61.32950113378685,61.32840136054422,61.33060090702948,T10_N008,33,61.3275873015873,74.98990793650793,CORRECT_PITCH_MATCH,-1.9138321995484375,1.9138321995484375,BEFORE,"1 exact-pitch, 0 octave-equivalent, 1 total persistent hypotheses; no timing-error ranking",T10_N008,/Volumes/SSD Track/JGA/recordings/double_bass/GALLEGATI_2009/session_20260914/metadata/JGA_DB_GALLEGATI_2009_SESSION_20260914 Project/Samples/Recorded/FISHMAN 0038 [2026-09-14 173542].wav,T10
GAL09_20260914_S3_A_F_R06,20260914_0038,A,forte,33,75.38784353741497,75.38684353741496,75.38884353741497,T10_N007,33,75.40786712018141,87.89758004535148,CORRECT_PITCH_MATCH,20.02358276644145,20.02358276644145,AFTER,"1 exact-pitch, 0 octave-equivalent, 2 total persistent hypotheses; no timing-error ranking",T10_N007,/Volumes/SSD Track/JGA/recordings/double_bass/GALLEGATI_2009/session_20260914/metadata/JGA_DB_GALLEGATI_2009_SESSION_20260914 Project/Samples/Recorded/FISHMAN 0038 [2026-09-14 173542].wav,T10
GAL09_20260914_S3_A_F_R07,20260914_0038,A,forte,33,88.35957369614512,88.35799319727892,88.36115419501134,,,,,MULTIPLE_BP_CANDIDATES,,,,"2 exact-pitch, 0 octave-equivalent, 2 total persistent hypotheses; no timing-error ranking",T10_N006;T10_N016,/Volumes/SSD Track/JGA/recordings/double_bass/GALLEGATI_2009/session_20260914/metadata/JGA_DB_GALLEGATI_2009_SESSION_20260914 Project/Samples/Recorded/FISHMAN 0038 [2026-09-14 173542].wav,T10
GAL09_20260914_S3_A_F_R08,20260914_0038,A,forte,33,101.48722222222223,101.48622222222222,101.48922222222222,T10_N005,33,101.50185079365079,114.03671972789115,CORRECT_PITCH_MATCH,14.628571428559667,14.628571428559667,AFTER,"1 exact-pitch, 0 octave-equivalent, 1 total persistent hypotheses; no timing-error ranking",T10_N005,/Volumes/SSD Track/JGA/recordings/double_bass/GALLEGATI_2009/session_20260914/metadata/JGA_DB_GALLEGATI_2009_SESSION_20260914 Project/Samples/Recorded/FISHMAN 0038 [2026-09-14 173542].wav,T10
GAL09_20260914_S3_A_F_R09,20260914_0038,A,forte,33,114.48792063492064,114.48663265306122,114.48920861678005,,,,,MULTIPLE_BP_CANDIDATES,,,,"2 exact-pitch, 0 octave-equivalent, 2 total persistent hypotheses; no timing-error ranking",T10_N003;T10_N004,/Volumes/SSD Track/JGA/recordings/double_bass/GALLEGATI_2009/session_20260914/metadata/JGA_DB_GALLEGATI_2009_SESSION_20260914 Project/Samples/Recorded/FISHMAN 0038 [2026-09-14 173542].wav,T10
GAL09_20260914_S3_A_F_R10,20260914_0038,A,forte,33,126.98481179138322,126.98381179138322,126.98581179138321,,,,,MULTIPLE_BP_CANDIDATES,,,,"2 exact-pitch, 0 octave-equivalent, 3 total persistent hypotheses; no timing-error ranking",T10_N001;T10_N002,/Volumes/SSD Track/JGA/recordings/double_bass/GALLEGATI_2009/session_20260914/metadata/JGA_DB_GALLEGATI_2009_SESSION_20260914 Project/Samples/Recorded/FISHMAN 0038 [2026-09-14 173542].wav,T10
GAL09_20260914_S3_D_F_R01,20260914_0039,D,forte,38,3.0000600907029478,2.9990385487528344,3.001081632653061,T11_N018,38,2.996658049886621,18.09989977324263,CORRECT_PITCH_MATCH,-3.402040816326668,3.402040816326668,BEFORE,"1 exact-pitch, 2 octave-equivalent, 3 total persistent hypotheses; no timing-error ranking",T11_N018,/Volumes/SSD Track/JGA/recordings/double_bass/GALLEGATI_2009/session_20260914/metadata/JGA_DB_GALLEGATI_2009_SESSION_20260914 Project/Samples/Recorded/FISHMAN 0039 [2026-09-14 173828].wav,T11
GAL09_20260914_S3_D_F_R02,20260914_0039,D,forte,38,18.839131519274375,18.83812471655329,18.840138321995465,T11_N014,38,18.8313283446712,32.40076916099773,CORRECT_PITCH_MATCH,-7.803174603175478,7.803174603175478,BEFORE,"1 exact-pitch, 1 octave-equivalent, 2 total persistent hypotheses; no timing-error ranking",T11_N014,/Volumes/SSD Track/JGA/recordings/double_bass/GALLEGATI_2009/session_20260914/metadata/JGA_DB_GALLEGATI_2009_SESSION_20260914 Project/Samples/Recorded/FISHMAN 0039 [2026-09-14 173828].wav,T11
GAL09_20260914_S3_D_F_R03,20260914_0039,D,forte,38,32.890408163265306,32.88939455782313,32.89142176870748,T11_N013,38,32.88838820861678,44.47123900226757,CORRECT_PITCH_MATCH,-2.019954648524447,2.019954648524447,BEFORE,"1 exact-pitch, 2 octave-equivalent, 3 total persistent hypotheses; no timing-error ranking",T11_N013,/Volumes/SSD Track/JGA/recordings/double_bass/GALLEGATI_2009/session_20260914/metadata/JGA_DB_GALLEGATI_2009_SESSION_20260914 Project/Samples/Recorded/FISHMAN 0039 [2026-09-14 173828].wav,T11
GAL09_20260914_S3_D_F_R04,20260914_0039,D,forte,38,44.48887981859411,44.4878798185941,44.489879818594105,T11_N012,38,44.47123900226757,57.762040362811796,CORRECT_PITCH_MATCH,-17.64081632653358,17.64081632653358,BEFORE,"1 exact-pitch, 1 octave-equivalent, 2 total persistent hypotheses; no timing-error ranking",T11_N012,/Volumes/SSD Track/JGA/recordings/double_bass/GALLEGATI_2009/session_20260914/metadata/JGA_DB_GALLEGATI_2009_SESSION_20260914 Project/Samples/Recorded/FISHMAN 0039 [2026-09-14 173828].wav,T11
GAL09_20260914_S3_D_F_R05,20260914_0039,D,forte,38,58.15675510204082,58.155755102040814,58.15775510204082,T11_N011,38,58.145169614512476,70.11114965986395,CORRECT_PITCH_MATCH,-11.585487528343208,11.585487528343208,BEFORE,"1 exact-pitch, 3 octave-equivalent, 4 total persistent hypotheses; no timing-error ranking",T11_N011,/Volumes/SSD Track/JGA/recordings/double_bass/GALLEGATI_2009/session_20260914/metadata/JGA_DB_GALLEGATI_2009_SESSION_20260914 Project/Samples/Recorded/FISHMAN 0039 [2026-09-14 173828].wav,T11
GAL09_20260914_S3_D_F_R06,20260914_0039,D,forte,38,70.42487074829933,70.42387074829932,70.42587074829932,T11_N009,38,70.40139909297052,83.77347029478457,CORRECT_PITCH_MATCH,-23.47165532880524,23.47165532880524,BEFORE,"1 exact-pitch, 2 octave-equivalent, 3 total persistent hypotheses; no timing-error ranking",T11_N009,/Volumes/SSD Track/JGA/recordings/double_bass/GALLEGATI_2009/session_20260914/metadata/JGA_DB_GALLEGATI_2009_SESSION_20260914 Project/Samples/Recorded/FISHMAN 0039 [2026-09-14 173828].wav,T11
GAL09_20260914_S3_D_F_R07,20260914_0039,D,forte,38,84.13780045351474,84.13680045351474,84.13880045351473,T11_N007,38,84.13337959183673,96.77273832199546,CORRECT_PITCH_MATCH,-4.420861678013921,4.420861678013921,BEFORE,"1 exact-pitch, 3 octave-equivalent, 4 total persistent hypotheses; no timing-error ranking",T11_N007,/Volumes/SSD Track/JGA/recordings/double_bass/GALLEGATI_2009/session_20260914/metadata/JGA_DB_GALLEGATI_2009_SESSION_20260914 Project/Samples/Recorded/FISHMAN 0039 [2026-09-14 173828].wav,T11
GAL09_20260914_S3_D_F_R08,20260914_0039,D,forte,38,97.161052154195,97.16005215419501,97.16205215419501,T11_N005,38,97.15586757369614,110.66725850340136,CORRECT_PITCH_MATCH,-5.184580498863056,5.184580498863056,BEFORE,"1 exact-pitch, 1 octave-equivalent, 2 total persistent hypotheses; no timing-error ranking",T11_N005,/Volumes/SSD Track/JGA/recordings/double_bass/GALLEGATI_2009/session_20260914/metadata/JGA_DB_GALLEGATI_2009_SESSION_20260914 Project/Samples/Recorded/FISHMAN 0039 [2026-09-14 173828].wav,T11
GAL09_20260914_S3_D_F_R09,20260914_0039,D,forte,38,110.9905283446712,110.9895283446712,110.9915283446712,T11_N004,38,110.98072789115646,124.91007800453515,CORRECT_PITCH_MATCH,-9.800453514742458,9.800453514742458,BEFORE,"1 exact-pitch, 4 octave-equivalent, 5 total persistent hypotheses; no timing-error ranking",T11_N004,/Volumes/SSD Track/JGA/recordings/double_bass/GALLEGATI_2009/session_20260914/metadata/JGA_DB_GALLEGATI_2009_SESSION_20260914 Project/Samples/Recorded/FISHMAN 0039 [2026-09-14 173828].wav,T11
GAL09_20260914_S3_D_F_R10,20260914_0039,D,forte,38,124.91488888888888,124.91388888888889,124.91588888888889,T11_N001,38,124.91007800453515,139.64180045351475,CORRECT_PITCH_MATCH,-4.810884353730671,4.810884353730671,BEFORE,"1 exact-pitch, 1 octave-equivalent, 4 total persistent hypotheses; no timing-error ranking",T11_N001,/Volumes/SSD Track/JGA/recordings/double_bass/GALLEGATI_2009/session_20260914/metadata/JGA_DB_GALLEGATI_2009_SESSION_20260914 Project/Samples/Recorded/FISHMAN 0039 [2026-09-14 173828].wav,T11
GAL09_20260914_S3_G_F_R01,20260914_0040,G,forte,43,3.622231292517007,3.621231292517007,3.6232312925170067,T12_N035,43,3.623596825396825,16.25262947845805,CORRECT_PITCH_MATCH,1.365532879818332,1.365532879818332,AFTER,"1 exact-pitch, 3 octave-equivalent, 8 total persistent hypotheses; no timing-error ranking",T12_N035,/Volumes/SSD Track/JGA/recordings/double_bass/GALLEGATI_2009/session_20260914/metadata/JGA_DB_GALLEGATI_2009_SESSION_20260914 Project/Samples/Recorded/FISHMAN 0040 [2026-09-14 174102].wav,T12
GAL09_20260914_S3_G_F_R02,20260914_0040,G,forte,43,16.91738888888889,16.916362811791384,16.919414965986395,T12_N031,43,16.914398185941042,29.530536961451247,CORRECT_PITCH_MATCH,-2.9907029478479785,2.9907029478479785,BEFORE,"1 exact-pitch, 1 octave-equivalent, 4 total persistent hypotheses; no timing-error ranking",T12_N031,/Volumes/SSD Track/JGA/recordings/double_bass/GALLEGATI_2009/session_20260914/metadata/JGA_DB_GALLEGATI_2009_SESSION_20260914 Project/Samples/Recorded/FISHMAN 0040 [2026-09-14 174102].wav,T12
GAL09_20260914_S3_G_F_R03,20260914_0040,G,forte,43,30.12917120181406,30.12770068027211,30.13064172335601,T12_N029,43,30.123929705215417,40.8115283446712,CORRECT_PITCH_MATCH,-5.241496598642925,5.241496598642925,BEFORE,"1 exact-pitch, 2 octave-equivalent, 10 total persistent hypotheses; no timing-error ranking",T12_N029,/Volumes/SSD Track/JGA/recordings/double_bass/GALLEGATI_2009/session_20260914/metadata/JGA_DB_GALLEGATI_2009_SESSION_20260914 Project/Samples/Recorded/FISHMAN 0040 [2026-09-14 174102].wav,T12
GAL09_20260914_S3_G_F_R04,20260914_0040,G,forte,43,41.13533106575964,41.13433106575964,41.136331065759634,T12_N026,43,41.13660770975057,52.4872589569161,CORRECT_PITCH_MATCH,1.2766439909341898,1.2766439909341898,AFTER,"1 exact-pitch, 1 octave-equivalent, 7 total persistent hypotheses; no timing-error ranking",T12_N026,/Volumes/SSD Track/JGA/recordings/double_bass/GALLEGATI_2009/session_20260914/metadata/JGA_DB_GALLEGATI_2009_SESSION_20260914 Project/Samples/Recorded/FISHMAN 0040 [2026-09-14 174102].wav,T12
GAL09_20260914_S3_G_F_R05,20260914_0040,G,forte,43,52.70017006802721,52.69917006802721,52.70217006802721,T12_N021,43,52.69623854875284,63.96561995464852,CORRECT_PITCH_MATCH,-3.9315192743742955,3.9315192743742955,BEFORE,"1 exact-pitch, 3 octave-equivalent, 5 total persistent hypotheses; no timing-error ranking",T12_N021,/Volumes/SSD Track/JGA/recordings/double_bass/GALLEGATI_2009/session_20260914/metadata/JGA_DB_GALLEGATI_2009_SESSION_20260914 Project/Samples/Recorded/FISHMAN 0040 [2026-09-14 174102].wav,T12
GAL09_20260914_S3_G_F_R06,20260914_0040,G,forte,43,64.20776190476191,64.2067619047619,64.2087619047619,T12_N019,43,64.19781950113378,77.0925977324263,CORRECT_PITCH_MATCH,-9.942403628130592,9.942403628130592,BEFORE,"1 exact-pitch, 2 octave-equivalent, 13 total persistent hypotheses; no timing-error ranking",T12_N019,/Volumes/SSD Track/JGA/recordings/double_bass/GALLEGATI_2009/session_20260914/metadata/JGA_DB_GALLEGATI_2009_SESSION_20260914 Project/Samples/Recorded/FISHMAN 0040 [2026-09-14 174102].wav,T12
GAL09_20260914_S3_G_F_R07,20260914_0040,G,forte,43,77.51651700680272,77.51551700680272,77.51751700680272,T12_N015,43,77.51184081632654,88.57095873015874,CORRECT_PITCH_MATCH,-4.676190476175179,4.676190476175179,BEFORE,"1 exact-pitch, 1 octave-equivalent, 6 total persistent hypotheses; no timing-error ranking",T12_N015,/Volumes/SSD Track/JGA/recordings/double_bass/GALLEGATI_2009/session_20260914/metadata/JGA_DB_GALLEGATI_2009_SESSION_20260914 Project/Samples/Recorded/FISHMAN 0040 [2026-09-14 174102].wav,T12
GAL09_20260914_S3_G_F_R08,20260914_0040,G,forte,43,89.14338321995464,89.1422380952381,89.1445283446712,T12_N011,43,89.13984761904763,100.33956916099773,CORRECT_PITCH_MATCH,-3.5356009070142136,3.5356009070142136,BEFORE,"1 exact-pitch, 1 octave-equivalent, 12 total persistent hypotheses; no timing-error ranking",T12_N011,/Volumes/SSD Track/JGA/recordings/double_bass/GALLEGATI_2009/session_20260914/metadata/JGA_DB_GALLEGATI_2009_SESSION_20260914 Project/Samples/Recorded/FISHMAN 0040 [2026-09-14 174102].wav,T12
GAL09_20260914_S3_G_F_R09,20260914_0040,G,forte,43,100.33377437641724,100.33253514739229,100.33501360544217,T12_N009,43,100.33956916099773,113.17629750566893,CORRECT_PITCH_MATCH,5.794784580487544,5.794784580487544,AFTER,"1 exact-pitch, 2 octave-equivalent, 5 total persistent hypotheses; no timing-error ranking",T12_N009,/Volumes/SSD Track/JGA/recordings/double_bass/GALLEGATI_2009/session_20260914/metadata/JGA_DB_GALLEGATI_2009_SESSION_20260914 Project/Samples/Recorded/FISHMAN 0040 [2026-09-14 174102].wav,T12
GAL09_20260914_S3_G_F_R10,20260914_0040,G,forte,43,113.52374376417234,113.52274376417233,113.52474376417234,T12_N007,43,113.52588072562358,127.39718095238095,CORRECT_PITCH_MATCH,2.136961451242314,2.136961451242314,AFTER,"1 exact-pitch, 4 octave-equivalent, 14 total persistent hypotheses; no timing-error ranking",T12_N007,/Volumes/SSD Track/JGA/recordings/double_bass/GALLEGATI_2009/session_20260914/metadata/JGA_DB_GALLEGATI_2009_SESSION_20260914 Project/Samples/Recorded/FISHMAN 0040 [2026-09-14 174102].wav,T12
